--
-- Script was generated by Devart dbForge Studio for MySQL, Version 8.0.40.0
-- Product Home Page: http://www.devart.com/dbforge/mysql/studio
-- Script date 25/02/2024 22:30:31
-- Target server version: 5.5.5-10.1.40-MariaDB
-- Target connection string: User Id=root;Host=localhost;Database=gdce;Character Set=utf8
--



SET NAMES 'utf8';
USE gdce;
--
-- Delete data from the table 'cursan'
--
TRUNCATE TABLE cursan;
--
-- Delete data from the table 'cargan'
--
TRUNCATE TABLE cargan;
--
-- Delete data from the table 'aplicaciones'
--
TRUNCATE TABLE aplicaciones;
--
-- Delete data from the table 'alumnos'
--
DELETE FROM alumnos;
--
-- Delete data from the table 'portatiles'
--
DELETE FROM portatiles;
--
-- Delete data from the table 'cargadores'
--
DELETE FROM cargadores;
--
-- Delete data from the table 'cursos'
--
DELETE FROM cursos;
--
-- Delete data from the table 'almacenes'
--
DELETE FROM almacenes;

--
-- Inserting data into table almacenes
--
INSERT INTO almacenes(id_almacen, aula, capacidad) VALUES
(1, '116M', 5),
(2, '501H', 6),
(3, '485Y', 7),
(4, '538U', 8),
(5, '338I', 9),
(6, '726D', 10),
(7, '296U', 11),
(8, '622J', 12),
(9, '804B', 13),
(10, '854F', 14),
(11, '553C', 15),
(12, '060K', 16),
(13, '874C', 17),
(14, '203F', 18),
(15, '551B', 19),
(16, '156I', 20),
(17, '986Z', 21),
(18, '652W', 22),
(19, '286F', 23),
(20, '211D', 24),
(21, '303C', 25),
(22, '923K', 26),
(23, '014R', 27),
(24, '930O', 28);

--
-- Inserting data into table cursos
--
INSERT INTO cursos(id_curso, nombre, nombre_corto, curso, turno, aula, tutor) VALUES
(1, 'Integración Social', 'IS', 'Segundo curso', 'Tarde', '868K', 'Aarón Giménez'),
(2, 'Servicios Administrativos', 'SA', 'Primer curso', 'Mañana', '802X', 'Cirilo Santos'),
(3, 'Gestión Administrativa', 'GA', 'Segundo curso', 'Mañana', '629Q', 'Siro Carmona'),
(4, 'Educación Infantil', 'EI', 'Primer curso', 'Mañana', '839T', 'Áurea Caballero'),
(5, 'Informática y Comunicaciones', 'IC', 'Primer curso', 'Mañana', '827Z', 'Concepción Ibáñez'),
(6, 'Sistemas Microinformáticos y Redes', 'SMR', 'Segundo curso', 'Tarde', '592O', 'Urbano Ibáñez'),
(7, 'Cuidados Auxiliares de Enfermería', 'CAE', 'Primer curso', 'Tarde', '352Q', 'Liduvina Garrido'),
(8, 'Administración y Finanzas', 'AF', 'Segundo curso', 'Mañana', '809E', 'Lucrecia Durán'),
(9, 'Administración de Sistemas Informáticos en Red', 'ASIR', 'Primer curso', 'Mañana', '196R', 'Melchor Montero'),
(10, 'Desarrollo de Aplicaciones Multiplataforma', 'DAM', 'Segundo curso', 'Mañana', '432Q', 'Humberto Moya'),
(11, 'Desarrollo de Aplicaciones Web', 'DAW', 'Primer curso', 'Mañana', '450Y', 'Nicolás Fernández'),
(12, 'Documentación y Administración Sanitarias', 'DAS', 'Primer curso', 'Mañana', '498W', 'Nicolás Márquez');

--
-- Inserting data into table cargadores
--
INSERT INTO cargadores(id_cargador, codigo, potencia, estado, id_almacen) VALUES
(1, '437T', 115, 'Averiado', 3),
(2, '195K', 81, 'Disponible', 7),
(3, '892Z', 50, 'Averiado', 21),
(4, '196N', 47, 'Averiado', 9),
(5, '074L', 100, 'No disponible', 8),
(6, '901X', 134, 'No disponible', 13),
(7, '888C', 77, 'No disponible', 2),
(8, '109B', 3, 'No disponible', 19),
(9, '366M', 28, 'Averiado', 2),
(10, '580K', 117, 'Averiado', 19),
(11, '659D', 79, 'No disponible', 19),
(12, '966Y', 10, 'Averiado', 17),
(13, '240R', 65, 'No disponible', 16),
(14, '615L', 50, 'Averiado', 15),
(15, '226Y', 8, 'Disponible', 20),
(16, '904N', 137, 'Disponible', 1),
(17, '062U', 32, 'Averiado', 5),
(18, '928D', NULL, 'No disponible', 16),
(19, '021C', 95, 'Disponible', 17),
(20, '517K', 44, 'No disponible', 21),
(21, '771J', 37, 'Averiado', 1),
(22, '935U', 40, 'Disponible', 7),
(23, '500F', 100, 'Disponible', 4),
(24, '245E', 18, 'Averiado', 15),
(25, '053G', 150, 'No disponible', 19),
(26, '900W', 9, 'Averiado', 10),
(27, '811G', 35, 'No disponible', 21),
(28, '239L', 51, 'Disponible', 11),
(29, '551X', 129, 'Averiado', 8),
(30, '879W', 102, 'Averiado', 21),
(31, '096F', 135, 'Averiado', 12),
(32, '330D', 45, 'No disponible', 11),
(33, '908O', 20, 'Disponible', 6),
(34, '067R', 6, 'Disponible', 5),
(35, '654O', 35, 'No disponible', 3),
(36, '960X', 113, 'Disponible', 16),
(37, '546H', 50, 'No disponible', 22),
(38, '063B', 83, 'Disponible', 17),
(39, '840N', 11, 'Disponible', 16),
(40, '600I', 109, 'Averiado', 15),
(41, '148L', 57, 'Averiado', 8),
(42, '114S', 71, 'No disponible', 4),
(43, '157P', 149, 'Averiado', 21),
(44, '554D', 2, 'Disponible', 6),
(45, '658Y', 64, 'No disponible', 20),
(46, '929E', 128, 'No disponible', 24),
(47, '829W', 146, 'Averiado', 10),
(48, '590L', 77, 'Averiado', 11),
(49, '511I', 25, 'Disponible', 23),
(50, '787A', NULL, 'Averiado', 18),
(51, '304D', 129, 'Averiado', 16),
(52, '940L', 147, 'No disponible', 7),
(53, '576R', 133, 'No disponible', 17),
(54, '461A', 34, 'Averiado', 9),
(55, '570M', 68, 'Averiado', 22),
(56, '338Z', 53, 'Averiado', 8),
(57, '078F', 65, 'Disponible', 23),
(58, '488X', 119, 'No disponible', 3),
(59, '858A', 87, 'Averiado', 8),
(60, '903Y', 104, 'No disponible', 24),
(61, '142F', 106, 'No disponible', 10),
(62, '982J', 111, 'Averiado', 18),
(63, '287N', 5, 'No disponible', 23),
(64, '615I', 141, 'Averiado', 10),
(65, '467S', 76, 'No disponible', 11),
(66, '887J', NULL, 'Disponible', 5),
(67, '049M', 20, 'Disponible', 8),
(68, '001I', 115, 'Disponible', 5),
(69, '449G', 6, 'Disponible', 18),
(70, '868K', 77, 'Disponible', 12),
(71, '546T', 37, 'No disponible', 1),
(72, '365X', 92, 'Averiado', 23),
(73, '360L', 0, 'No disponible', 24),
(74, '378S', 65, 'Disponible', 19),
(75, '081V', 136, 'Averiado', 18),
(76, '201M', 134, 'No disponible', 22),
(77, '818E', 13, 'No disponible', 14),
(78, '811P', 140, 'Averiado', 6),
(79, '548V', 28, 'No disponible', 22),
(80, '988K', 147, 'Disponible', 2),
(81, '315D', 50, 'Averiado', 1),
(82, '523K', 123, 'Disponible', 13),
(83, '434U', 113, 'Disponible', 8),
(84, '431B', 6, 'Disponible', 6),
(85, '313A', 116, 'Averiado', 16),
(86, '036V', NULL, 'Averiado', 13),
(87, '325C', 17, 'No disponible', 9),
(88, '414V', 0, 'Disponible', 10),
(89, '605P', 28, 'Averiado', 23),
(90, '930J', 46, 'No disponible', 13),
(91, '660U', 111, 'No disponible', 21),
(92, '718F', 51, 'Disponible', 12),
(93, '373U', 46, 'Disponible', 23),
(94, '785L', 1, 'Disponible', 24),
(95, '061F', 95, 'Averiado', 4),
(96, '376E', 138, 'Disponible', 19),
(97, '615Q', 128, 'No disponible', 16),
(98, '145J', 149, 'Averiado', 22),
(99, '343P', 95, 'Disponible', 19),
(100, '284M', 94, 'Disponible', 18),
(101, '969H', 57, 'No disponible', 13),
(102, '227D', 105, 'Disponible', 10),
(103, '474F', 9, 'No disponible', 8),
(104, '142Z', 0, 'Disponible', 21),
(105, '552Y', 112, 'Averiado', 20),
(106, '276D', 8, 'Averiado', 21),
(107, '894I', 79, 'Averiado', 17),
(108, '875R', 4, 'Averiado', 24),
(109, '553V', 128, 'Averiado', 21),
(110, '537D', 1, 'No disponible', 21),
(111, '068R', 9, 'Averiado', 13),
(112, '021V', 69, 'No disponible', 1),
(113, '793B', 103, 'Disponible', 19),
(114, '236O', 94, 'No disponible', 1),
(115, '658R', 89, 'No disponible', 3),
(116, '246V', 4, 'Disponible', 11),
(117, '012A', 16, 'Disponible', 6),
(118, '418E', 83, 'No disponible', 5),
(119, '553D', 5, 'Disponible', 20),
(120, '062A', 3, 'Averiado', 24),
(121, '760E', 87, 'Disponible', 2),
(122, '715Z', 63, 'No disponible', 19),
(123, '689N', 18, 'Averiado', 12),
(124, '559O', 94, 'Averiado', 2),
(125, '078K', 105, 'Averiado', 24),
(126, '916J', 32, 'Disponible', 9),
(127, '649G', 48, 'Disponible', 15),
(128, '473B', 117, 'No disponible', 14),
(129, '258W', NULL, 'Disponible', 16),
(130, '426B', 47, 'Averiado', 10),
(131, '364A', 35, 'Disponible', 5),
(132, '010U', 84, 'Averiado', 12),
(133, '704L', 4, 'Averiado', 3),
(134, '026G', 139, 'Disponible', 12),
(135, '338B', 75, 'No disponible', 17),
(136, '702L', 75, 'Disponible', 6),
(137, '515V', 115, 'Disponible', 8),
(138, '987E', 105, 'No disponible', 11),
(139, '676U', 29, 'No disponible', 17),
(140, '072C', 0, 'No disponible', 2),
(141, '987O', 8, 'Disponible', 14),
(142, '602G', 39, 'No disponible', 5),
(143, '376D', 2, 'Averiado', 12),
(144, '967H', 1, 'Disponible', 4),
(145, '103Q', 65, 'Disponible', 17),
(146, '832L', 7, 'Averiado', 18),
(147, '465B', 94, 'Averiado', 5),
(148, '111A', 148, 'No disponible', 1),
(149, '836D', 131, 'No disponible', 13),
(150, '579C', 122, 'Disponible', 23),
(151, '145M', 93, 'No disponible', 9),
(152, '832M', 82, 'Disponible', 16),
(153, '064Y', 126, 'No disponible', 9),
(154, '311T', 45, 'Disponible', 7),
(155, '160W', 113, 'No disponible', 19),
(156, '962Y', NULL, 'No disponible', 7),
(157, '532H', NULL, 'Averiado', 17),
(158, '125N', 38, 'Averiado', 18),
(159, '416R', 0, 'Disponible', 12),
(160, '211O', 6, 'Disponible', 7),
(161, '119M', 7, 'No disponible', 9),
(162, '763G', 96, 'No disponible', 3),
(163, '643T', 63, 'Disponible', 15),
(164, '791M', 74, 'Averiado', 4),
(165, '662Y', 106, 'Disponible', 13),
(166, '173P', 78, 'No disponible', 15),
(167, '440T', 6, 'No disponible', 16),
(168, '379L', 46, 'Disponible', 5),
(169, '397O', 102, 'No disponible', 19),
(170, '298B', 35, 'No disponible', 2),
(171, '039Z', 18, 'No disponible', 9),
(172, '631S', 30, 'Averiado', 7),
(173, '488I', 42, 'Disponible', 1),
(174, '870K', 5, 'Disponible', 10),
(175, '605F', 55, 'Averiado', 1),
(176, '995X', 5, 'Averiado', 2),
(177, '842L', 103, 'No disponible', 6),
(178, '634Y', 40, 'No disponible', 6),
(179, '225L', 50, 'Averiado', 22),
(180, '756A', 1, 'Disponible', 19),
(181, '248C', 75, 'No disponible', 16),
(182, '271D', 39, 'Disponible', 1),
(183, '929A', 0, 'Disponible', 24),
(184, '137W', 25, 'Disponible', 15),
(185, '633Y', 90, 'No disponible', 1),
(186, '659I', 97, 'Disponible', 2),
(187, '542R', 43, 'Disponible', 20),
(188, '338D', 66, 'Disponible', 12),
(189, '922N', 126, 'No disponible', 15),
(190, '356D', 140, 'No disponible', 17),
(191, '350X', 2, 'Averiado', 12),
(192, '337V', 8, 'Averiado', 5),
(193, '816Q', 17, 'Averiado', 24),
(194, '639C', 56, 'Disponible', 18),
(195, '366P', 110, 'Averiado', 21),
(196, '822U', 24, 'Disponible', 5),
(197, '998H', 20, 'Averiado', 9),
(198, '810V', 27, 'No disponible', 23),
(199, '507X', 40, 'Averiado', 9),
(200, '151O', 2, 'No disponible', 24),
(201, '283K', 150, 'Disponible', 3),
(202, '472M', 38, 'Disponible', 5),
(203, '377Q', 80, 'No disponible', 10),
(204, '514J', 130, 'No disponible', 12),
(205, '272J', 19, 'Disponible', 19),
(206, '567Z', 31, 'Averiado', 23),
(207, '531F', 70, 'Disponible', 3),
(208, '779S', 15, 'No disponible', 17),
(209, '262C', 74, 'No disponible', 6),
(210, '542X', 112, 'Averiado', 7),
(211, '710C', 54, 'Disponible', 16),
(212, '303D', 50, 'No disponible', 2),
(213, '879D', 4, 'Disponible', 4),
(214, '134L', 100, 'Disponible', 19),
(215, '621H', 116, 'No disponible', 14),
(216, '194Q', 79, 'No disponible', 14),
(217, '818X', 124, 'No disponible', 14),
(218, '120P', 21, 'Disponible', 17),
(219, '165E', 139, 'Disponible', 22),
(220, '416G', 113, 'Averiado', 20),
(221, '578B', 121, 'No disponible', 22),
(222, '033Z', 3, 'No disponible', 10),
(223, '130S', 7, 'Averiado', 10),
(224, '055B', 112, 'Averiado', 23),
(225, '494S', 107, 'Averiado', 22),
(226, '489W', 59, 'Averiado', 7),
(227, '551O', 101, 'No disponible', 9),
(228, '806F', 98, 'No disponible', 23),
(229, '586D', 21, 'Disponible', 24),
(230, '562W', 24, 'Disponible', 24),
(231, '373A', 115, 'Averiado', 18),
(232, '227V', 84, 'Averiado', 13),
(233, '132P', 130, 'Disponible', 1),
(234, '285W', 42, 'Averiado', 16),
(235, '918N', 77, 'Disponible', 11),
(236, '507W', NULL, 'Disponible', 14),
(237, '596I', 139, 'No disponible', 3),
(238, '683M', 67, 'No disponible', 14),
(239, '544V', 4, 'Disponible', 20),
(240, '730D', 31, 'Disponible', 10),
(241, '611J', 40, 'Averiado', 18),
(242, '357Q', 50, 'Averiado', 19),
(243, '176N', 86, 'No disponible', 18),
(244, '808Q', 41, 'Disponible', 5),
(245, '005A', 6, 'No disponible', 5),
(246, '822K', 124, 'Averiado', 9),
(247, '833S', 8, 'No disponible', 2),
(248, '489H', 101, 'Averiado', 9),
(249, '609Z', 66, 'No disponible', 20),
(250, '018P', 77, 'No disponible', 14),
(251, '949O', 54, 'Disponible', 3),
(252, '373V', 61, 'Averiado', 6),
(253, '904D', 150, 'Averiado', 14),
(254, '537Q', 42, 'No disponible', 23),
(255, '803R', 4, 'Averiado', 9),
(256, '290V', 149, 'No disponible', 10),
(257, '619V', 5, 'Disponible', 17),
(258, '874C', 98, 'Averiado', 2),
(259, '238L', 0, 'No disponible', 12),
(260, '978M', 15, 'No disponible', 14),
(261, '263F', 119, 'No disponible', 1),
(262, '223W', 138, 'No disponible', 16),
(263, '558G', 18, 'Averiado', 8),
(264, '774A', 0, 'Averiado', 11),
(265, '018E', 1, 'No disponible', 23),
(266, '043T', 121, 'Disponible', 20),
(267, '825S', 9, 'Disponible', 18),
(268, '574V', 46, 'Disponible', 23),
(269, '532S', 136, 'Averiado', 3),
(270, '343G', 43, 'Averiado', 5),
(271, '511J', 117, 'Averiado', 12),
(272, '142S', 78, 'Averiado', 15),
(273, '864Q', 9, 'Averiado', 5),
(274, '700A', 122, 'Disponible', 21),
(275, '913S', 123, 'Disponible', 20),
(276, '201B', 67, 'Disponible', 3),
(277, '642T', 56, 'Averiado', 21),
(278, '380K', 0, 'No disponible', 3),
(279, '538N', 146, 'No disponible', 20),
(280, '650M', 57, 'Averiado', 21),
(281, '010M', 7, 'Averiado', 18),
(282, '527F', 109, 'No disponible', 8),
(283, '369L', 49, 'No disponible', 20),
(284, '778B', 75, 'Averiado', 22),
(285, '050G', 121, 'Averiado', 14),
(286, '753C', 7, 'Disponible', 11),
(287, '069J', 61, 'No disponible', 11),
(288, '595E', 121, 'No disponible', 11),
(289, '655Q', 120, 'No disponible', 24),
(290, '833X', 34, 'Disponible', 23),
(291, '576T', 1, 'Disponible', 22),
(292, '716G', 121, 'Averiado', 12),
(293, '105R', 4, 'Disponible', 13),
(294, '448T', 87, 'Disponible', 24),
(295, '598O', 3, 'Averiado', 4),
(296, '094Q', 37, 'No disponible', 5),
(297, '474E', 2, 'Averiado', 23),
(298, '151Q', 19, 'Disponible', 1),
(299, '810E', 119, 'Disponible', 21),
(300, '233S', 49, 'Averiado', 3),
(301, '493S', 44, 'Averiado', 4),
(302, '034M', 4, 'No disponible', 1),
(303, '622U', 27, 'Disponible', 21),
(304, '332V', 30, 'Averiado', 6),
(305, '215F', 35, 'No disponible', 16),
(306, '192H', 13, 'Disponible', 10),
(307, '917W', 92, 'Averiado', 7),
(308, '367Y', 7, 'No disponible', 9),
(309, '908I', 8, 'Averiado', 24),
(310, '713L', 40, 'Disponible', 3),
(311, '059N', 26, 'Disponible', 12),
(312, '505W', 63, 'No disponible', 17),
(313, '946J', 54, 'Disponible', 17),
(314, '567O', 15, 'No disponible', 16),
(315, '968F', 143, 'No disponible', 16),
(316, '196Y', 148, 'Averiado', 4),
(317, '514P', 130, 'Averiado', 5),
(318, '142G', 100, 'Disponible', 7),
(319, '307H', 70, 'Disponible', 3),
(320, '382G', 114, 'Averiado', 18),
(321, '301V', 2, 'No disponible', 9),
(322, '781O', 103, 'No disponible', 12),
(323, '571S', 74, 'No disponible', 2),
(324, '194Y', 31, 'Averiado', 1),
(325, '437F', 150, 'Averiado', 8),
(326, '415B', 2, 'No disponible', 15),
(327, '280B', 85, 'No disponible', 20),
(328, '569Y', 60, 'No disponible', 22),
(329, '833K', 110, 'Averiado', 19),
(330, '559P', NULL, 'No disponible', 6),
(331, '556D', 13, 'Disponible', 3),
(332, '574K', 143, 'Disponible', 1),
(333, '778M', 4, 'Disponible', 13),
(334, '960J', 112, 'No disponible', 22),
(335, '301S', 4, 'No disponible', 12),
(336, '848U', 23, 'No disponible', 24),
(337, '575B', 42, 'No disponible', 1),
(338, '744I', 147, 'Disponible', 3),
(339, '600R', 5, 'Disponible', 7),
(340, '092L', 2, 'No disponible', 15),
(341, '538P', 144, 'Averiado', 9),
(342, '433R', 44, 'Averiado', 2),
(343, '465X', 16, 'Averiado', 12),
(344, '948S', 0, 'Disponible', 17),
(345, '496V', 96, 'Averiado', 11),
(346, '991X', 5, 'Averiado', 15),
(347, '773O', 90, 'Averiado', 3),
(348, '479F', 92, 'No disponible', 2),
(349, '949Z', 92, 'Disponible', 6),
(350, '136J', 50, 'Disponible', 16),
(351, '210A', 100, 'Disponible', 15),
(352, '464H', 91, 'No disponible', 17),
(353, '117A', 149, 'Disponible', 7),
(354, '711Q', 65, 'No disponible', 9),
(355, '768J', 122, 'Averiado', 22),
(356, '251E', 145, 'Averiado', 2),
(357, '989M', 31, 'Disponible', 4),
(358, '437P', 20, 'Disponible', 23),
(359, '281B', 96, 'Averiado', 1),
(360, '267S', NULL, 'Averiado', 1);

--
-- Inserting data into table portatiles
--
INSERT INTO portatiles(id_portatil, codigo, marca, modelo, estado, procesador, memoria_ram, capacidad, dispositivo_almacenamiento, id_almacen) VALUES
(1, '396Z', 'Primux', 'Go Start', 'Disponible', 'Intel I7 Gen 9', 12, 150, 'NVMe', 5),
(2, '357K', 'HP', 'V43 G4 VHM', 'Disponible', 'Intel Pentium', 48, 150, 'NVMe', 12),
(3, '328R', 'Asus', 'Modern 15 B40M-423IZGXES', 'Averiado', 'Intel Celeron', 24, 400, 'NVMe', 6),
(4, '335W', 'Toshiba', 'ExpertBook 8S64', 'Disponible', 'Intel Celeron', 64, 250, 'HDD', 22),
(5, '059T', 'Samsung', 'Netbook', 'No disponible', 'Intel I3 Gen 15', 6, 1000, 'NVMe', 13),
(6, '198W', 'Lenovo', 'Flex Advance', 'Disponible', 'AMD Ryzen 7 4564', 48, 1000, 'NVMe', 18),
(7, '029N', 'OEM', 'TravelMate S0 G727', 'Disponible', 'Intel Celeron', 32, 150, 'NVMe', 15),
(8, '767U', 'Microsoft', 'Akoya X22226 MD06222', 'No disponible', 'AMD Athlon', 64, 100, 'HDD', 9),
(9, '642O', NULL, 'Neo', 'No disponible', 'Intel I5 Gen 15', 8, NULL, 'NVMe', 6),
(10, '084Y', 'Denver', 'Modern 15 B02M-252JLPXES', 'No disponible', 'Intel Pentium', 64, 500, 'SSD', 17),
(11, '196R', 'Denver', 'Go Start', 'No disponible', 'AMD Athlon', 32, 100, 'SSD', 11),
(12, '347V', 'Asus', 'Extensa 15 EX215-88', 'Averiado', 'Intel Pentium', 6, 150, 'NVMe', 19),
(13, '946X', 'Gigabyte', 'Akoya G85298 MD69961', 'Disponible', 'Intel Celeron', 8, 100, 'NVMe', 4),
(14, '834S', 'Microsoft', 'Modern 15 B55M-813UONXES', 'Averiado', 'Intel Pentium', 6, 200, 'NVMe', 3),
(15, '071E', 'Alurin', 'Vivobook 95BC', 'Disponible', 'Intel I9 Gen 18', 16, 250, 'NVMe', 22),
(16, '849L', 'Dell', 'ExpertBook XES2', 'Disponible', 'Intel Celeron', NULL, 150, 'NVMe', 24),
(17, '747D', 'Gigabyte', 'Vivobook KV9S', 'No disponible', 'AMD Ryzen 5 3559', 2, 500, 'HDD', 20),
(18, '178P', 'Dell', 'ThinkPad H935', 'Disponible', 'AMD Ryzen 5 7426', 2, 400, 'SSD', 24),
(19, '372C', 'Medion', 'ThinkPad V604', 'No disponible', 'Intel I9 Gen 11', 8, 1000, 'NVMe', 7),
(20, '803Q', 'Gigabyte', '15S-XR8055NS', 'Disponible', 'Intel Celeron', 48, 400, 'SSD', 13),
(21, '947W', 'OEM', 'Extensa 15 EX215-42', 'Averiado', 'Intel I3 Gen 17', 64, 150, 'SSD', 20),
(22, '277U', 'Thomson', 'Vostro 7482', 'Disponible', NULL, 48, 150, 'HDD', 1),
(23, '377C', 'Realme', 'Modern 15 B23M-644LHCXES', 'Disponible', 'AMD Ryzen 7 7119', 4, 150, 'NVMe', 11),
(24, '569Z', 'Innjoo', 'EliteBookm840 G9', 'Disponible', 'Intel I9 Gen 11', 2, 200, 'NVMe', 3),
(25, '472Q', 'Huawei', 'Go Start', 'No disponible', 'Intel I7 Gen 13', 32, 400, 'SSD', 23),
(26, '362R', 'HP', 'Modern 15 B51M-904QCIXES', 'No disponible', 'Intel Celeron', 24, 400, 'HDD', 23),
(27, '498G', 'Asus', 'Aspire 3 A315-587P-818O', 'Averiado', 'Intel Celeron', 6, 1000, 'HDD', 7),
(28, '973P', 'Samsung', 'V41 G0 NNQ', 'Disponible', 'Intel I9 Gen 16', 64, 150, 'SSD', 3),
(29, '320S', 'MSI', 'U6 MI-58ES211II', 'Averiado', 'Intel I5 Gen 16', 128, 400, 'HDD', 5),
(30, '636U', 'Asus', '15S-CX2595NS', 'No disponible', 'Intel I3 Gen 8', 4, 250, 'SSD', 10),
(31, '975G', 'Toshiba', 'V21 G2 PRP', 'Disponible', 'Intel I9 Gen 17', 32, 200, 'SSD', 22),
(32, '606L', 'Realme', 'LT200E', 'No disponible', 'Intel I3 Gen 13', 12, 400, 'NVMe', 12),
(33, '449E', 'Realme', 'TravelMate E9 H496', 'No disponible', 'AMD Ryzen 9 7466', 16, 400, 'HDD', 19),
(34, '849F', 'Dell', 'Aspire 3 A315-003P-328F', 'Averiado', 'Intel Pentium', 8, 500, 'HDD', 5),
(35, '789V', NULL, 'IdeaPad 7 7C14CG', 'No disponible', 'AMD Ryzen 5 4967', 4, NULL, 'NVMe', 22),
(36, '742V', 'Dell', '15S-GR5654NS', 'No disponible', 'Intel I9 Gen 15', 64, 150, 'NVMe', 18),
(37, '128Z', 'HP', 'Ioxbook BTH', 'No disponible', 'Intel I3 Gen 15', 12, 2000, 'HDD', 8),
(38, '936D', 'Primux', 'V41 G4 KSA', 'Averiado', 'AMD Athlon', 6, 250, 'SSD', 14),
(39, '004G', NULL, NULL, 'No disponible', 'AMD Athlon', 24, NULL, 'NVMe', 17),
(40, '964J', 'Denver', 'ThinkPad F955', 'No disponible', 'Intel I7 Gen 8', 6, 500, 'SSD', 9),
(41, '463K', 'Asus', NULL, 'Disponible', 'AMD Ryzen 7 5645', 64, 100, 'HDD', 19),
(42, '559V', 'Medion', 'Latitude 4214', 'Disponible', 'Intel Celeron', 64, 250, 'SSD', 9),
(43, '051H', 'Acer', '15S-UZ6446NS', 'Averiado', 'AMD Athlon', 12, 200, 'NVMe', 6),
(44, '356V', 'Denver', 'Netbook', 'No disponible', 'AMD Ryzen 5 5627', 64, 500, 'NVMe', 6),
(45, '845G', 'MSI', 'Ioxbook P0L', 'No disponible', 'AMD Athlon', 64, 1000, 'SSD', 18),
(46, '267S', 'Gigabyte', 'EliteBookm840 G9', 'Averiado', 'Intel I3 Gen 17', 2, 200, 'SSD', 6),
(47, '287V', 'Gigabyte', 'Modern 15 B65M-055SGYXES', 'Averiado', 'Intel Pentium', 16, 400, 'NVMe', 4),
(48, '312R', 'Denver', 'Aspire 3 A315-205P-866C', 'Averiado', 'AMD Ryzen 7 5898', 2, 400, 'HDD', 3),
(49, '370F', 'Lenovo', 'Go Start', 'Disponible', 'Intel Celeron', 6, 150, 'SSD', 18),
(50, '659I', 'Vant', 'Neo', 'Averiado', 'Intel Celeron', 24, 250, 'SSD', 23),
(51, '383D', 'Toshiba', 'Aspire 3 A315-353P-626N', 'No disponible', 'Intel Celeron', 24, 500, 'SSD', 13),
(52, '428E', 'MSI', 'Flex Advance', 'Disponible', 'Intel Pentium', 64, 400, 'HDD', 23),
(53, '627Y', 'Prixton', '15S-CG1830NS', 'No disponible', 'AMD Athlon', 64, 100, 'HDD', 9),
(54, '295R', 'Alurin', 'ThinkPad P927', 'Averiado', 'Intel Celeron', 4, 1000, 'SSD', 18),
(55, '539M', 'Microsoft', 'Aspire 3 A315-733P-393V', 'Averiado', 'Intel I5 Gen 10', 4, 2000, 'HDD', 17),
(56, '007T', 'Primux', 'U3 UI-05ES761KN', 'Averiado', 'AMD Athlon', 2, 400, NULL, 23),
(57, '345W', 'MSI', 'ExpertBook 8CX3', 'No disponible', 'Intel Celeron', 2, 400, 'NVMe', 14),
(58, '071Y', 'Gigabyte', 'EliteBookm840 G1', 'Disponible', 'AMD Athlon', 8, 150, 'NVMe', 8),
(59, '151H', 'OEM', 'LT600E', 'Averiado', 'AMD Ryzen 9 8919', 8, 400, 'HDD', 15),
(60, '882B', 'Innjoo', 'Modern 15 B33M-639PVEXES', 'No disponible', 'Intel I3 Gen 16', 8, 150, 'NVMe', 9),
(61, '376O', 'Innjoo', 'TravelMate W0 N768', 'Averiado', 'AMD Ryzen 5 4129', NULL, 100, 'NVMe', 21),
(62, '030U', 'Toshiba', 'Netbook', 'Disponible', 'Intel Pentium', 64, 1000, 'HDD', 8),
(63, '234R', 'Huawei', 'Modern 15 B25M-896JNXXES', 'Averiado', 'AMD Ryzen 9 4929', 64, 500, 'NVMe', 21),
(64, '552X', 'Prixton', 'ExpertBook 5W4G', 'Averiado', 'AMD Ryzen 5 7842', 16, 150, 'HDD', 5),
(65, '745J', 'Huawei', 'Vivobook 0B91', 'No disponible', 'AMD Athlon', 12, 1000, 'HDD', 4),
(66, '334U', 'Samsung', 'Akoya Q41817 MD19578', 'No disponible', 'Intel I7 Gen 13', 12, 500, 'HDD', 17),
(67, '009N', 'Toshiba', 'Flex Advance', 'No disponible', 'Intel I7 Gen 17', 6, 400, 'SSD', 4),
(68, '077V', 'Prixton', 'Netbook', 'Disponible', 'Intel I7 Gen 9', 8, 2000, 'HDD', 1),
(69, '023V', 'HP', 'EliteBookm840 G3', 'No disponible', 'AMD Athlon', 12, 1000, 'NVMe', 9),
(70, '844B', 'LG', 'Latitude 9127', 'Averiado', 'Intel Celeron', 2, 100, 'SSD', 5),
(71, '381D', 'Lenovo', 'Vostro 2832', 'No disponible', 'Intel I9 Gen 14', 64, 2000, 'SSD', 18),
(72, '400Q', 'Toshiba', 'LT700E', 'Averiado', 'AMD Ryzen 9 3998', 2, 400, 'NVMe', 9),
(73, '718F', 'Innjoo', 'U4 JA-77ES451KC', 'No disponible', 'Intel Celeron', 128, 150, 'HDD', 18),
(74, '018R', 'Prixton', 'ExpertBook 6091', 'Disponible', 'Intel I7 Gen 15', 8, 2000, 'NVMe', 2),
(75, '784K', 'Polaroid', 'EliteBookm840 G2', 'Averiado', 'Intel I9 Gen 16', 24, 100, 'NVMe', 13),
(76, '189D', 'Polaroid', 'Extensa 15 EX215-10', 'Disponible', 'Intel Celeron', 128, 2000, 'NVMe', 4),
(77, '681J', 'Polaroid', 'IdeaPad 1 8VJY4N', 'Disponible', 'Intel Pentium', 64, 400, 'HDD', 24),
(78, '318J', 'Asus', 'TravelMate U8 K621', 'No disponible', 'Intel I5 Gen 10', 24, 150, 'NVMe', 16),
(79, '477H', 'Medion', 'Voom Excellence', 'Disponible', 'Intel Celeron', 8, 500, 'HDD', 8),
(80, '065Z', 'Vant', 'Vivobook 10QO', 'Averiado', 'Intel I3 Gen 6', 4, 500, 'HDD', 23),
(81, '407X', 'Prixton', 'Satellite', 'No disponible', 'Intel Pentium', 6, 250, 'SSD', 12),
(82, '406W', 'Alurin', 'NBW-79358DZYIZ', 'Disponible', 'AMD Ryzen 5 5781', 2, 100, 'NVMe', 19),
(83, '917V', 'Lenovo', 'ThinkPad C237', 'No disponible', 'AMD Athlon', 12, 250, 'NVMe', 1),
(84, '719F', 'Dell', 'Voom Excellence', 'Averiado', 'Intel I3 Gen 13', 24, 500, 'HDD', 23),
(85, '491U', 'OEM', 'TravelMate S9 M115', 'Disponible', 'Intel I9 Gen 10', 16, 1000, 'SSD', 5),
(86, '668P', 'HP', '15S-ZF4490NS', 'Averiado', 'AMD Ryzen 7 8532', 16, 400, 'HDD', 20),
(87, '953O', 'Microsoft', 'TravelMate Q9 S269', 'Averiado', 'Intel I5 Gen 5', 4, 2000, 'SSD', 4),
(88, '476N', 'Huawei', 'Ioxbook Q0S', 'Disponible', 'Intel I7 Gen 8', 32, 500, 'HDD', 3),
(89, '008Z', 'Realme', 'EliteBookm840 G8', 'Disponible', 'Intel I5 Gen 6', 128, 1000, 'NVMe', 19),
(90, '877W', 'HP', 'Extensa 15 EX215-21', 'Averiado', 'Intel Celeron', 16, 2000, 'SSD', 16),
(91, '765U', 'Alurin', 'Vivobook 9TML', 'No disponible', 'Intel I7 Gen 6', 24, 400, 'NVMe', 12),
(92, '436X', 'Medion', 'Flex Advance', 'Disponible', 'AMD Athlon', 2, 150, 'NVMe', 1),
(93, '867N', 'Gigabyte', 'ThinkPad S811', 'Averiado', 'Intel I7 Gen 5', 48, 150, 'HDD', 16),
(94, '442O', 'Realme', 'EliteBookm840 G9', 'No disponible', 'Intel Pentium', 24, 250, 'NVMe', 13),
(95, '283I', 'Microsoft', 'ExpertBook VB03', 'Averiado', 'AMD Athlon', 128, 200, 'SSD', 18),
(96, '882M', 'Razer', 'Vostro 7891', 'Disponible', 'AMD Ryzen 7 7263', 8, 200, 'SSD', 7),
(97, '063O', 'HP', 'ThinkPad A806', 'Disponible', 'AMD Athlon', 24, 150, 'SSD', 22),
(98, '033K', 'Acer', 'Akoya J83121 MD96591', 'Disponible', 'Intel I3 Gen 17', 32, 200, 'SSD', 20),
(99, '941G', 'Denver', 'ThinkPad R232', 'Averiado', 'Intel Celeron', NULL, 1000, 'NVMe', 11),
(100, '171C', 'Polaroid', 'Satellite', 'Averiado', 'Intel I7 Gen 4', 4, 500, 'NVMe', 3),
(101, '082O', 'Asus', 'Go Start', 'No disponible', 'Intel Pentium', 24, 250, 'NVMe', 6),
(102, '997C', 'Gigabyte', 'ThinkPad C630', 'Disponible', 'Intel I7 Gen 10', 32, 400, 'NVMe', 22),
(103, '309W', 'Huawei', 'Galaxy Book4', 'No disponible', 'Intel Pentium', 128, 200, 'SSD', 17),
(104, '510Q', 'Medion', 'ExpertBook BWPD', 'No disponible', 'Intel Pentium', 2, 100, 'SSD', 24),
(105, '814F', 'Innjoo', 'Extensa 15 EX215-80', 'Averiado', 'AMD Ryzen 3 5368', 24, 150, 'SSD', 22),
(106, '718S', NULL, 'Latitude 2781', 'Averiado', 'Intel I3 Gen 4', 128, NULL, 'SSD', 5),
(107, '298P', 'Vant', 'Neo', 'No disponible', 'Intel I5 Gen 12', 128, 150, 'HDD', 12),
(108, '051M', 'Razer', 'Vostro 6512', 'No disponible', 'Intel Pentium', 4, 150, 'NVMe', 18),
(109, '646I', 'Huawei', '15S-HY3103NS', 'Disponible', 'Intel I3 Gen 7', 12, 400, 'NVMe', 19),
(110, '189M', 'Innjoo', 'TravelMate S9 U493', 'No disponible', 'AMD Athlon', 6, 400, 'SSD', 20),
(111, '801S', 'Huawei', 'Vivobook XF42', 'Disponible', 'Intel Pentium', 8, 400, 'NVMe', 24),
(112, '649H', 'Samsung', 'Go Start', 'No disponible', NULL, 12, 2000, 'NVMe', 22),
(113, '225A', 'Acer', 'Netbook', 'No disponible', 'AMD Athlon', 24, 500, 'HDD', 6),
(114, '107W', 'LG', 'ThinkPad A955', 'No disponible', 'AMD Athlon', 24, 150, 'NVMe', 11),
(115, '083O', 'HP', 'Vostro 7698', 'Averiado', 'Intel I5 Gen 6', 32, 2000, 'HDD', 18),
(116, '770Z', 'Polaroid', 'Modern 15 B76M-232USWXES', 'Averiado', 'Intel Pentium', 48, 2000, 'HDD', 12),
(117, '803D', 'Toshiba', 'Modern 15 B49M-725APKXES', 'Averiado', 'AMD Athlon', 2, 1000, 'HDD', 12),
(118, '345Z', NULL, 'Netbook', 'Averiado', 'Intel I7 Gen 10', 2, NULL, 'NVMe', 1),
(119, '542Y', 'Innjoo', 'Netbook', 'Averiado', 'Intel Pentium', 6, 2000, 'HDD', 23),
(120, '873N', 'Alurin', 'LT400E', 'Disponible', 'Intel Pentium', 4, 2000, 'NVMe', 12),
(121, '051Y', 'Thomson', '15S-YI6522NS', 'Averiado', 'Intel I9 Gen 7', 24, 400, 'HDD', 21),
(122, '325I', 'Alurin', 'TravelMate G9 Y226', 'Averiado', 'Intel I5 Gen 4', 24, 500, 'SSD', 10),
(123, '486P', 'MSI', 'Galaxy Book7', 'No disponible', 'Intel I3 Gen 11', 4, 200, 'SSD', 20),
(124, '408G', 'Vant', 'ThinkPad C434', 'Disponible', 'Intel I7 Gen 5', 12, 200, 'NVMe', 6),
(125, '074X', 'MSI', 'NBA-47565JKORL', 'Averiado', 'AMD Ryzen 7 5246', 16, 500, 'HDD', 17),
(126, '281J', 'Denver', 'EliteBookm840 G3', 'Disponible', 'AMD Athlon', 8, 150, 'HDD', 18),
(127, '462V', 'Thomson', 'LT400E', 'No disponible', 'AMD Athlon', 64, 100, 'HDD', 10),
(128, '316Y', 'Asus', 'Extensa 15 EX215-62', 'Averiado', 'Intel Celeron', 12, 1000, NULL, 20),
(129, '683E', 'HP', 'Netbook', 'Disponible', 'Intel I7 Gen 4', 32, 200, 'NVMe', 14),
(130, '623B', 'Thomson', '15S-GV3950NS', 'Disponible', 'Intel I9 Gen 13', 24, 250, NULL, 2),
(131, '612U', 'Primux', 'EliteBookm840 G6', 'Disponible', 'Intel I9 Gen 13', 48, 500, 'NVMe', 10),
(132, '965K', 'OEM', 'Neo', 'Disponible', 'AMD Athlon', 48, 400, 'NVMe', 14),
(133, '457W', 'HP', 'EliteBookm840 G2', 'Averiado', 'AMD Ryzen 7 5494', 48, 400, 'HDD', 23),
(134, '331X', 'Vant', 'Go Start', 'Averiado', 'AMD Ryzen 3 4263', 6, 200, 'NVMe', 12),
(135, '043K', 'Asus', 'Voom Excellence', 'No disponible', 'Intel Celeron', 8, 100, 'NVMe', 6),
(136, '781F', 'Dell', 'Ioxbook MP8', 'Disponible', 'Intel Pentium', 12, 200, 'SSD', 19),
(137, '940X', 'Dell', 'TravelMate U8 I789', 'No disponible', 'Intel I7 Gen 5', 24, 1000, 'SSD', 16),
(138, '503T', 'Asus', NULL, 'No disponible', 'AMD Athlon', 6, 1000, 'NVMe', 14),
(139, '263Q', 'Dell', 'Modern 15 B58M-332CGDXES', 'No disponible', 'Intel Celeron', 2, 500, 'HDD', 1),
(140, '249N', 'Innjoo', 'Voom Excellence', 'Averiado', 'Intel Celeron', 16, 200, 'HDD', 15),
(141, '088A', 'Polaroid', 'Akoya U67429 MD06555', 'No disponible', 'Intel Pentium', 12, 2000, 'SSD', 2),
(142, '637P', 'Medion', 'ThinkPad E625', 'No disponible', 'Intel Pentium', 48, 400, 'SSD', 8),
(143, '556R', 'MSI', 'Flex Advance', 'Disponible', 'Intel Celeron', 8, 200, 'NVMe', 22),
(144, '176C', 'Denver', 'Aspire 3 A315-274P-999W', 'No disponible', 'Intel Celeron', 64, 2000, 'NVMe', 8),
(145, '537O', 'Acer', 'Extensa 15 EX215-62', 'Disponible', 'Intel Celeron', 4, 150, 'NVMe', 5),
(146, '382G', 'Thomson', 'ExpertBook T69Z', 'Averiado', 'Intel I3 Gen 5', NULL, 200, 'NVMe', 20),
(147, '485V', 'LG', 'Neo', 'No disponible', 'Intel I9 Gen 14', 128, 1000, 'HDD', 4),
(148, '666V', 'HP', 'Satellite', 'Disponible', 'Intel I9 Gen 18', 48, 100, 'HDD', 7),
(149, '265V', 'Realme', 'Modern 15 B22M-001BBOXES', 'No disponible', 'Intel Pentium', 48, 150, 'SSD', 19),
(150, '836Q', 'HP', '15S-ZE8068NS', 'Disponible', 'Intel I3 Gen 6', 2, 150, 'SSD', 24),
(151, '302B', 'Microsoft', 'EliteBookm840 G6', 'Averiado', 'Intel Pentium', 12, 2000, 'HDD', 15),
(152, '390G', 'LG', 'Aspire 3 A315-973P-029F', 'Disponible', 'Intel I7 Gen 6', NULL, 500, 'SSD', 14),
(153, '418T', 'Acer', 'Latitude 2191', 'Averiado', 'AMD Ryzen 3 3554', 128, 2000, 'NVMe', 5),
(154, '142B', 'MSI', 'LT100E', 'No disponible', 'Intel Celeron', 12, 500, 'NVMe', 5),
(155, '318N', 'Lenovo', 'Extensa 15 EX215-96', 'No disponible', 'AMD Ryzen 5 5219', 64, 2000, 'NVMe', 24),
(156, '370A', 'Dell', 'IdeaPad 4 9W5S50', 'No disponible', 'Intel I3 Gen 7', 6, 200, 'HDD', 22),
(157, '046M', 'Prixton', 'Extensa 15 EX215-10', 'No disponible', 'AMD Ryzen 9 3112', 4, 150, 'NVMe', 17),
(158, '635J', 'Dell', 'IdeaPad 2 EWF632', 'Disponible', 'AMD Ryzen 9 5258', 24, 500, 'HDD', 17),
(159, '873H', 'Dell', 'Voom Excellence', 'Averiado', 'AMD Athlon', 6, 2000, 'HDD', 5),
(160, '404S', 'LG', 'Galaxy Book6', 'Averiado', 'Intel Celeron', 48, 150, 'NVMe', 20),
(161, '043F', 'Vant', 'Netbook', 'Averiado', 'Intel Celeron', 16, 100, 'SSD', 1),
(162, '685A', 'OEM', 'V32 G0 AVH', 'Disponible', 'AMD Ryzen 5 5998', 8, 100, 'HDD', 24),
(163, '570A', 'Medion', NULL, 'Averiado', 'Intel Pentium', 8, 100, 'HDD', 6),
(164, '817E', 'Thomson', 'Satellite', 'Averiado', 'Intel I7 Gen 17', 12, 200, 'HDD', 10),
(165, '704P', 'Prixton', 'Galaxy Book5', 'Averiado', NULL, 24, 150, 'SSD', 2),
(166, '266L', 'Microsoft', 'Galaxy Book5', 'No disponible', 'AMD Ryzen 9 3553', 128, 1000, 'NVMe', 12),
(167, '847E', 'Realme', 'Voom Excellence', 'No disponible', 'Intel Celeron', 2, 2000, 'NVMe', 21),
(168, '115X', 'Gigabyte', 'Latitude 9571', 'No disponible', 'Intel I5 Gen 9', 4, 1000, 'NVMe', 15),
(169, '039G', 'MSI', 'ExpertBook NOAA', 'No disponible', 'AMD Athlon', 6, 500, 'NVMe', 6),
(170, '971K', 'Primux', 'Extensa 15 EX215-54', 'Averiado', 'AMD Ryzen 3 5185', 6, 2000, 'SSD', 20),
(171, '666G', 'Lenovo', 'Satellite', 'Averiado', 'Intel I5 Gen 4', NULL, 500, 'SSD', 4),
(172, '648C', 'Microsoft', 'Modern 15 B83M-027IWZXES', 'Disponible', 'AMD Athlon', 12, 200, 'NVMe', 2),
(173, '961R', 'Alurin', 'V04 G7 BSE', 'No disponible', 'AMD Athlon', 32, 200, 'NVMe', 5),
(174, '798D', 'Razer', 'ExpertBook 1BHQ', 'No disponible', 'Intel Pentium', 4, 200, 'NVMe', 14),
(175, '583U', 'Acer', 'IdeaPad 6 3O6U89', 'No disponible', 'Intel Celeron', 8, 250, 'SSD', 7),
(176, '204E', 'Innjoo', 'TravelMate N9 Z776', 'Averiado', NULL, 6, 2000, 'NVMe', 15),
(177, '307D', 'Vant', 'NBI-52342WHNKC', 'Averiado', 'AMD Ryzen 3 7866', 48, 1000, 'NVMe', 6),
(178, '644E', 'Toshiba', 'Akoya H86513 MD73299', 'Disponible', 'Intel Celeron', 6, 1000, 'SSD', 11),
(179, '697D', 'Prixton', 'Flex Advance', 'No disponible', 'Intel Celeron', 128, 2000, 'NVMe', 12),
(180, '810R', 'Alurin', 'Akoya J41765 MD23290', 'Averiado', 'Intel I7 Gen 17', NULL, 2000, 'HDD', 7),
(181, '425M', 'Vant', 'V18 G2 VQA', 'Averiado', 'Intel Celeron', 6, 1000, NULL, 13),
(182, '496O', 'MSI', 'V13 G2 KBJ', 'No disponible', 'Intel I3 Gen 12', 32, 200, 'SSD', 17),
(183, '131S', 'Dell', NULL, 'Averiado', 'Intel I3 Gen 8', 6, 150, 'NVMe', 12),
(184, '870H', 'Dell', 'Netbook', 'Disponible', 'AMD Ryzen 5 8574', 24, 2000, 'NVMe', 12),
(185, '480S', 'Thomson', 'Extensa 15 EX215-14', 'No disponible', 'Intel Pentium', 16, 250, 'SSD', 1),
(186, '258G', 'Innjoo', 'Vivobook 3Y0Y', 'Disponible', 'Intel I7 Gen 4', 6, 400, 'HDD', 20),
(187, '252L', 'Polaroid', 'Flex Advance', 'Averiado', 'Intel I3 Gen 18', 8, 150, 'NVMe', 16),
(188, '230O', 'Vant', 'TravelMate I6 N124', 'Averiado', NULL, 32, 200, 'HDD', 4),
(189, '437V', 'Asus', 'ThinkPad Z682', 'Disponible', 'Intel Celeron', 12, 100, 'SSD', 4),
(190, '609G', 'Denver', 'Vivobook VCY2', 'Averiado', 'Intel Celeron', 32, 100, 'NVMe', 20),
(191, '661J', 'Huawei', 'EliteBookm840 G1', 'Disponible', 'AMD Ryzen 3 3445', 16, 200, 'HDD', 19),
(192, '760K', 'Lenovo', '15S-SL5858NS', 'Averiado', 'Intel I7 Gen 5', 12, 100, 'NVMe', 1),
(193, '849I', 'Innjoo', 'Satellite', 'No disponible', 'Intel I3 Gen 5', 6, 500, 'NVMe', 5),
(194, '155C', 'Primux', 'Netbook', 'Averiado', 'AMD Ryzen 7 3521', 12, 250, 'SSD', 12),
(195, '916N', 'Toshiba', 'Neo', 'Disponible', 'AMD Ryzen 9 7245', 12, 250, 'NVMe', 17),
(196, '363J', 'MSI', 'ExpertBook VSKW', 'No disponible', 'Intel Celeron', 128, 400, 'SSD', 20),
(197, '676F', 'Huawei', 'Go Start', 'Disponible', 'Intel Celeron', 6, 200, 'HDD', 8),
(198, '969Q', 'Toshiba', 'TravelMate E0 P033', 'Disponible', 'Intel Pentium', 64, 100, 'NVMe', 3),
(199, '819P', 'Denver', 'U5 CJ-63ES847LP', 'Disponible', 'Intel Pentium', 2, 250, 'NVMe', 8),
(200, '169K', 'Acer', NULL, 'No disponible', 'AMD Athlon', 4, 250, NULL, 15),
(201, '551C', 'Polaroid', 'Flex Advance', 'Averiado', 'AMD Ryzen 3 5969', 32, 2000, 'NVMe', 19),
(202, '172T', 'Dell', 'ExpertBook NOR8', 'Averiado', 'Intel I7 Gen 7', 32, 250, 'NVMe', 22),
(203, '518M', 'Thomson', 'ThinkPad Q087', 'Disponible', 'Intel Pentium', 128, 150, 'HDD', 24),
(204, '081Y', 'Alurin', 'Ioxbook 2K3', 'No disponible', 'AMD Athlon', 32, 500, 'HDD', 15),
(205, '569H', 'Samsung', 'ExpertBook CSOR', 'Disponible', 'Intel I3 Gen 6', 32, 150, 'NVMe', 15),
(206, '835L', NULL, 'IdeaPad 3 FX618V', 'No disponible', 'AMD Athlon', 2, NULL, 'SSD', 7),
(207, '388W', 'Acer', 'Akoya O66398 MD37225', 'No disponible', 'AMD Ryzen 9 4854', 24, 250, 'NVMe', 10),
(208, '643M', 'MSI', 'ThinkPad E442', 'No disponible', 'Intel I9 Gen 5', 12, 2000, 'SSD', 6),
(209, '191K', 'OEM', 'EliteBookm840 G2', 'Disponible', 'Intel I7 Gen 7', NULL, 2000, 'SSD', 17),
(210, '521C', 'Huawei', 'EliteBookm840 G9', 'No disponible', 'Intel I7 Gen 9', 32, 250, 'NVMe', 1),
(211, '528G', 'Alurin', 'Netbook', 'Averiado', 'AMD Ryzen 9 3983', 2, 150, 'HDD', 22),
(212, '726B', 'Lenovo', 'Netbook', 'No disponible', 'AMD Ryzen 3 3258', 128, 250, 'NVMe', 18),
(213, '691B', 'Alurin', 'NBW-35273UMVMC', 'Disponible', 'AMD Athlon', 64, 100, 'NVMe', 9),
(214, '326R', 'Gigabyte', 'Aspire 3 A315-613P-363C', 'No disponible', 'Intel I7 Gen 8', 24, 500, 'SSD', 15),
(215, '640C', 'Medion', 'V17 G6 PKQ', 'Averiado', 'AMD Athlon', 128, 150, 'SSD', 12),
(216, '873F', 'HP', 'NBD-28111FOPYC', 'Averiado', 'Intel Celeron', NULL, 400, 'SSD', 2),
(217, '252Y', 'Vant', 'Satellite', 'No disponible', 'Intel Pentium', 64, 200, 'SSD', 15),
(218, '447J', 'MSI', 'Netbook', 'Averiado', 'Intel I9 Gen 7', 128, 250, 'HDD', 3),
(219, '569N', 'Lenovo', 'Vostro 3743', 'Averiado', 'Intel I3 Gen 5', 12, 1000, 'SSD', 23),
(220, '818N', 'LG', 'LT100E', 'No disponible', 'Intel Celeron', 12, 400, 'HDD', 10),
(221, '370C', 'MSI', 'TravelMate M5 X739', 'Disponible', 'AMD Ryzen 3 8163', 32, 400, 'NVMe', 15),
(222, '338E', 'Samsung', '15S-JB4454NS', 'Averiado', 'AMD Athlon', 8, 150, 'SSD', 17),
(223, '697M', 'Innjoo', 'IdeaPad 9 569T42', 'Averiado', 'Intel I5 Gen 10', 8, 500, 'NVMe', 12),
(224, '392M', 'Primux', 'EliteBookm840 G8', 'Averiado', NULL, 64, 1000, 'SSD', 4),
(225, '113I', 'Razer', 'TravelMate S5 F965', 'No disponible', NULL, 8, 200, 'HDD', 6),
(226, '969K', 'Lenovo', 'Aspire 3 A315-481P-783B', 'Disponible', NULL, 24, 400, 'HDD', 15),
(227, '797Q', 'Innjoo', 'Vivobook 3ZR9', 'Averiado', 'Intel Pentium', 16, 250, 'HDD', 15),
(228, '908J', 'Huawei', 'Satellite', 'Disponible', 'Intel I7 Gen 9', 24, 2000, 'SSD', 9),
(229, '146U', 'Thomson', 'Galaxy Book5', 'No disponible', 'Intel I9 Gen 8', 6, 1000, 'HDD', 6),
(230, '949L', 'Lenovo', 'Galaxy Book9', 'No disponible', 'Intel I5 Gen 12', 12, 100, 'NVMe', 12),
(231, '210P', 'Lenovo', 'Akoya X94997 MD56591', 'No disponible', 'Intel I5 Gen 16', 2, 100, 'HDD', 13),
(232, '051U', 'Asus', 'V41 G1 AUS', 'Disponible', 'AMD Athlon', 48, 500, 'HDD', 6),
(233, '510N', 'LG', 'Netbook', 'No disponible', 'Intel Pentium', 2, 2000, 'HDD', 10),
(234, '847C', 'Acer', 'Satellite', 'Disponible', 'AMD Athlon', 64, 2000, 'HDD', 21),
(235, '709L', 'Samsung', '15S-QH1917NS', 'Averiado', 'AMD Ryzen 3 3512', 32, 100, 'SSD', 22),
(236, '678I', 'Acer', 'TravelMate T3 E064', 'Averiado', 'Intel Celeron', 16, 500, 'SSD', 3),
(237, '347E', 'Gigabyte', 'Ioxbook 5ZS', 'No disponible', 'Intel Celeron', 24, 150, 'HDD', 5),
(238, '487F', 'Toshiba', 'IdeaPad 6 4IZ69W', 'No disponible', 'AMD Athlon', 6, 2000, 'SSD', 4),
(239, '346F', 'Huawei', 'ExpertBook EAT1', 'Averiado', 'Intel Celeron', 64, 100, 'NVMe', 23),
(240, '497E', 'OEM', '15S-MK3418NS', 'No disponible', 'Intel Celeron', 8, 400, 'NVMe', 4),
(241, '148D', 'Lenovo', 'Aspire 3 A315-710P-631W', 'Disponible', 'AMD Athlon', 48, 200, NULL, 7),
(242, '689A', 'Thomson', 'IdeaPad 8 4S03S6', 'Averiado', 'Intel I5 Gen 7', 12, 500, 'NVMe', 3),
(243, '980X', 'Primux', '15S-XE7868NS', 'Averiado', 'AMD Ryzen 9 5759', 8, 200, 'SSD', 15),
(244, '702R', 'HP', 'Ioxbook 65K', 'Averiado', 'AMD Ryzen 3 4886', 8, 500, 'HDD', 7),
(245, '743W', 'Medion', 'Voom Excellence', 'No disponible', 'AMD Ryzen 9 5777', 6, 150, 'SSD', 20),
(246, '963N', 'Prixton', 'Voom Excellence', 'Averiado', 'Intel Pentium', 32, 400, 'HDD', 18),
(247, '527G', 'Prixton', 'U2 OL-02ES062RX', 'No disponible', 'Intel I3 Gen 12', 16, 1000, 'HDD', 22),
(248, '663Z', 'Medion', 'Ioxbook 25R', 'No disponible', NULL, 64, 1000, 'SSD', 12),
(249, '732Q', 'OEM', 'Voom Excellence', 'Disponible', 'Intel Pentium', 32, 250, 'SSD', 11),
(250, '396U', 'Huawei', 'Aspire 3 A315-931P-695B', 'Disponible', 'Intel Celeron', 8, 500, 'NVMe', 12),
(251, '663L', 'OEM', 'EliteBookm840 G0', 'Averiado', 'AMD Athlon', 48, 200, 'HDD', 22),
(252, '354Q', 'Gigabyte', 'Satellite', 'Averiado', 'Intel Celeron', 4, 250, 'HDD', 16),
(253, '545M', 'Medion', 'Voom Excellence', 'Disponible', 'Intel Pentium', 48, 150, 'HDD', 17),
(254, '550J', 'Vant', 'Flex Advance', 'Averiado', NULL, 64, 100, 'HDD', 8),
(255, '132X', 'Microsoft', 'Neo', 'No disponible', 'Intel I9 Gen 15', 2, 500, 'NVMe', 1),
(256, '104S', NULL, 'Voom Excellence', 'Averiado', 'AMD Ryzen 5 3553', 16, NULL, 'SSD', 15),
(257, '607O', 'Prixton', 'Ioxbook 57P', 'No disponible', 'Intel I3 Gen 12', 8, 250, 'HDD', 10),
(258, '837R', 'Alurin', 'U3 RD-22ES898RZ', 'No disponible', 'Intel Celeron', 64, 2000, 'NVMe', 15),
(259, '682X', 'Innjoo', '15S-LZ6486NS', 'No disponible', 'Intel Pentium', 8, 2000, 'SSD', 4),
(260, '686N', 'Razer', 'Galaxy Book6', 'No disponible', 'Intel Celeron', 4, 100, 'SSD', 17),
(261, '815U', 'Toshiba', 'NBO-82776PHFLW', 'No disponible', 'Intel I5 Gen 5', 8, 250, 'NVMe', 11),
(262, '917H', 'MSI', 'ThinkPad C468', 'Disponible', 'Intel I7 Gen 8', 24, 250, 'NVMe', 6),
(263, '742X', 'Vant', 'Neo', 'No disponible', 'AMD Ryzen 3 4156', 2, 500, 'HDD', 9),
(264, '046P', 'Thomson', 'NBH-62586ARBDW', 'Disponible', 'AMD Athlon', 64, 2000, 'NVMe', 12),
(265, '346T', 'Innjoo', 'Ioxbook 2DD', 'Averiado', 'Intel I5 Gen 12', 128, 400, 'SSD', 2),
(266, '084S', 'Thomson', 'Ioxbook Q33', 'No disponible', 'Intel Pentium', 128, 1000, 'NVMe', 21),
(267, '687G', 'Toshiba', 'ExpertBook HPKL', 'Averiado', 'Intel I5 Gen 4', 8, 400, 'NVMe', 16),
(268, '596N', 'LG', 'TravelMate G2 F328', 'No disponible', 'Intel Celeron', 24, 150, 'HDD', 10),
(269, '886L', 'HP', 'ExpertBook SPS4', 'Disponible', 'AMD Athlon', 24, 400, 'NVMe', 4),
(270, '921C', 'Alurin', 'Satellite', 'Averiado', 'Intel I7 Gen 18', 6, 150, 'HDD', 14),
(271, '694V', 'Lenovo', 'Voom Excellence', 'Averiado', 'Intel I3 Gen 10', 8, 1000, 'SSD', 24),
(272, '635U', 'Acer', 'Extensa 15 EX215-36', 'No disponible', 'Intel I9 Gen 6', 4, 100, 'NVMe', 17),
(273, '623O', 'Prixton', 'EliteBookm840 G7', 'Averiado', 'AMD Athlon', 12, 2000, 'NVMe', 17),
(274, '509U', 'Razer', 'Satellite', 'Disponible', 'Intel I7 Gen 6', 8, 400, 'SSD', 16),
(275, '728Y', 'Huawei', 'Netbook', 'Disponible', 'AMD Ryzen 9 4426', 8, 200, 'NVMe', 3),
(276, '345J', 'Prixton', 'Go Start', 'Averiado', 'AMD Ryzen 9 4318', 16, 2000, 'NVMe', 16),
(277, '703W', 'Huawei', 'U8 CK-59ES741FI', 'Averiado', 'AMD Athlon', 24, 400, 'HDD', 19),
(278, '903K', 'Polaroid', 'Ioxbook 694', 'Averiado', 'AMD Ryzen 5 5729', 8, 500, 'HDD', 10),
(279, '285H', 'Microsoft', 'Ioxbook 28Y', 'No disponible', 'Intel Celeron', 2, 100, 'NVMe', 21),
(280, '594U', 'MSI', '15S-YD9951NS', 'Disponible', 'AMD Ryzen 9 3757', 8, 150, 'SSD', 23),
(281, '239V', 'Dell', 'Go Start', 'No disponible', 'AMD Ryzen 3 4776', 64, 250, 'SSD', 8),
(282, '305S', 'Microsoft', '15S-JG3587NS', 'No disponible', 'Intel I9 Gen 15', 128, 100, 'HDD', 11),
(283, '795U', 'Lenovo', 'Aspire 3 A315-242P-816Y', 'Disponible', 'AMD Athlon', 128, 150, 'NVMe', 18),
(284, '615K', NULL, 'Voom Excellence', 'Averiado', 'Intel Pentium', 32, NULL, 'HDD', 11),
(285, '099U', 'Denver', 'U1 EG-56ES768PX', 'Disponible', 'Intel Celeron', 32, 100, 'HDD', 8),
(286, '539B', 'Innjoo', 'Extensa 15 EX215-54', 'Disponible', 'AMD Ryzen 5 3296', 32, 250, 'HDD', 11),
(287, '310E', 'Prixton', 'IdeaPad 7 O0DH68', 'Disponible', 'AMD Ryzen 5 7916', 128, 250, 'NVMe', 16),
(288, '810D', 'Realme', 'Neo', 'No disponible', 'AMD Ryzen 5 8539', 6, 150, 'NVMe', 16),
(289, '450M', 'LG', 'Galaxy Book4', 'Averiado', 'Intel Celeron', 16, 250, 'SSD', 15),
(290, '676K', 'Medion', 'Akoya L63235 MD86856', 'No disponible', 'Intel Celeron', 4, 500, 'NVMe', 4),
(291, '022W', 'Primux', 'Modern 15 B94M-415PJBXES', 'No disponible', 'AMD Athlon', 4, 1000, 'SSD', 11),
(292, '879C', 'Denver', 'ExpertBook 81BT', 'Disponible', 'Intel I5 Gen 4', 2, 200, 'HDD', 1),
(293, '897X', 'Vant', 'ExpertBook 0V70', 'No disponible', 'AMD Ryzen 3 5349', 12, 100, 'NVMe', 1),
(294, '484C', 'Huawei', 'TravelMate Y9 C530', 'Averiado', 'AMD Athlon', 4, 150, 'HDD', 7),
(295, '073M', 'Lenovo', 'IdeaPad 2 9A609N', 'Disponible', 'AMD Athlon', 6, 1000, 'HDD', 14),
(296, '983E', 'Huawei', 'Netbook', 'No disponible', 'Intel I7 Gen 8', 12, 1000, 'HDD', 14),
(297, '567O', 'Denver', 'LT800E', 'Averiado', 'AMD Ryzen 9 7163', 24, 400, 'SSD', 22),
(298, '686G', 'Medion', 'Aspire 3 A315-606P-956W', 'No disponible', 'AMD Athlon', 64, 1000, 'NVMe', 20),
(299, '823P', 'HP', NULL, 'Disponible', 'Intel Celeron', 6, 1000, 'HDD', 21),
(300, '594X', 'Acer', 'Go Start', 'Disponible', 'AMD Ryzen 5 8932', 4, 1000, 'NVMe', 22),
(301, '231I', 'Lenovo', 'Vostro 4938', 'Averiado', 'AMD Athlon', NULL, 250, 'HDD', 20),
(302, '360L', 'MSI', 'ExpertBook X2X7', 'Disponible', 'Intel Celeron', 32, 100, 'HDD', 19),
(303, '515D', 'Vant', 'Vivobook TF53', 'No disponible', 'Intel I5 Gen 5', 6, 200, 'SSD', 9),
(304, '674V', 'Polaroid', 'Vostro 5178', 'Averiado', 'AMD Ryzen 7 5121', 32, 150, 'HDD', 20),
(305, '565L', 'Prixton', 'Vostro 2769', 'Averiado', 'AMD Ryzen 9 5334', 64, 500, 'SSD', 7),
(306, '788L', 'Thomson', 'ExpertBook 95M5', 'Averiado', 'Intel I3 Gen 4', 128, 500, 'NVMe', 9),
(307, '450R', 'Alurin', 'Flex Advance', 'No disponible', 'Intel I3 Gen 5', 64, 150, 'HDD', 23),
(308, '565B', 'Asus', '15S-AO9202NS', 'No disponible', 'Intel Pentium', 64, 200, 'SSD', 23),
(309, '522D', 'Microsoft', '15S-SK9298NS', 'No disponible', 'Intel Celeron', 24, 100, 'HDD', 6),
(310, '198I', 'Huawei', 'ExpertBook HBBI', 'Disponible', 'AMD Athlon', 16, 150, 'SSD', 18),
(311, '441T', 'MSI', 'Netbook', 'Averiado', 'AMD Athlon', 24, 400, 'NVMe', 13),
(312, '127S', 'MSI', 'Akoya Y72335 MD33585', 'Averiado', 'Intel I5 Gen 5', 2, 1000, 'NVMe', 21),
(313, '956L', 'Realme', 'LT400E', 'Averiado', 'AMD Athlon', 4, 150, 'SSD', 2),
(314, '537G', 'Prixton', 'Extensa 15 EX215-01', 'No disponible', 'Intel Celeron', 6, 400, 'HDD', 8),
(315, '087Q', 'Denver', 'EliteBookm840 G5', 'Disponible', 'Intel I9 Gen 8', 16, 1000, 'NVMe', 19),
(316, '877T', 'Medion', 'NBI-66925HWASH', 'No disponible', 'Intel Celeron', 128, 2000, 'NVMe', 21),
(317, '374S', 'Acer', 'ThinkPad G882', 'Averiado', 'Intel Celeron', 64, 250, 'HDD', 23),
(318, '191O', 'Prixton', 'Ioxbook Y33', 'No disponible', 'Intel I7 Gen 14', 128, 200, 'SSD', 10),
(319, '729L', 'HP', 'Galaxy Book3', 'No disponible', 'AMD Athlon', 48, 1000, 'NVMe', 22),
(320, '244W', 'MSI', 'Netbook', 'Disponible', 'Intel Pentium', 64, 150, 'HDD', 9),
(321, '251U', 'Toshiba', 'Ioxbook U09', 'No disponible', 'AMD Ryzen 3 4269', 24, 100, 'HDD', 19),
(322, '062Q', 'Polaroid', 'NBD-58852UNJYF', 'Disponible', 'AMD Athlon', 64, 400, 'HDD', 18),
(323, '317I', 'Thomson', 'NBN-12741KAKKL', 'No disponible', 'Intel Celeron', 2, 2000, 'NVMe', 18),
(324, '849T', 'Gigabyte', 'Aspire 3 A315-893P-548W', 'No disponible', 'AMD Athlon', 24, 150, 'HDD', 8),
(325, '079U', 'Gigabyte', 'EliteBookm840 G7', 'Averiado', 'Intel Pentium', 4, 150, 'SSD', 3),
(326, '730Z', 'HP', 'LT600E', 'Disponible', 'Intel Celeron', 2, 150, 'SSD', 1),
(327, '185D', 'Realme', 'TravelMate L8 C035', 'Disponible', 'Intel I7 Gen 17', 128, 2000, 'SSD', 21),
(328, '412L', 'Lenovo', 'Satellite', 'Averiado', 'Intel Pentium', 12, 100, 'HDD', 18),
(329, '064A', 'Toshiba', 'Vostro 5743', 'Disponible', 'Intel I9 Gen 5', 24, 100, NULL, 24),
(330, '635O', 'Toshiba', 'Modern 15 B62M-281DAUXES', 'Averiado', 'Intel Celeron', 16, 150, 'HDD', 13),
(331, '758U', 'MSI', 'Ioxbook KN0', 'Disponible', 'AMD Athlon', 12, 2000, 'HDD', 21),
(332, '782S', 'Huawei', 'U1 YU-05ES113EC', 'Disponible', 'AMD Athlon', 32, 1000, 'NVMe', 5),
(333, '026J', 'LG', 'Extensa 15 EX215-11', 'Averiado', 'AMD Athlon', 16, 1000, 'HDD', 4),
(334, '748Q', 'OEM', 'Akoya O22653 MD43387', 'Averiado', 'AMD Athlon', 4, 200, 'SSD', 6),
(335, '256D', 'Prixton', 'Extensa 15 EX215-87', 'Disponible', 'Intel Celeron', 48, 2000, 'HDD', 22),
(336, '195H', 'Asus', 'LT300E', 'Averiado', 'AMD Ryzen 5 5794', 128, 2000, 'HDD', 9),
(337, '335N', 'Prixton', 'Ioxbook FJO', 'Averiado', 'Intel Pentium', 128, 400, 'HDD', 9),
(338, '857D', 'MSI', 'Akoya I08201 MD54048', 'Averiado', 'Intel I5 Gen 5', 16, 100, 'HDD', 11),
(339, '522R', 'Samsung', 'ExpertBook MQ41', 'No disponible', 'Intel I9 Gen 17', 48, 100, 'SSD', 12),
(340, '208Y', 'MSI', NULL, 'Disponible', 'Intel I7 Gen 17', 64, 100, 'NVMe', 5),
(341, '643S', 'Samsung', 'Extensa 15 EX215-10', 'No disponible', 'Intel Pentium', 64, 100, 'NVMe', 17),
(342, '180I', 'Vant', 'Ioxbook 3VF', 'Averiado', 'Intel I5 Gen 6', 16, 200, 'HDD', 16),
(343, '348O', 'HP', 'NBZ-58683XWAJK', 'Disponible', 'Intel I7 Gen 12', 128, 1000, 'HDD', 11),
(344, '734H', 'Medion', 'ThinkPad X845', 'Disponible', 'AMD Ryzen 5 5224', 6, 200, 'SSD', 8),
(345, '476W', 'Acer', 'Modern 15 B74M-451WUYXES', 'No disponible', 'Intel Celeron', 128, 150, 'NVMe', 11),
(346, '301P', 'OEM', 'Vivobook 75L3', 'Disponible', 'AMD Ryzen 7 7358', 128, 1000, 'NVMe', 11),
(347, '552P', 'Denver', 'TravelMate S4 W327', 'Averiado', 'AMD Ryzen 9 7564', 6, 500, 'NVMe', 19),
(348, '746H', 'Huawei', 'LT800E', 'Averiado', 'Intel Celeron', 32, 150, 'SSD', 23),
(349, '595V', 'Acer', 'Galaxy Book1', 'Averiado', 'AMD Athlon', 24, 150, 'HDD', 4),
(350, '786K', 'Primux', 'Netbook', 'Averiado', 'Intel I3 Gen 18', 32, 150, 'SSD', 22),
(351, '797L', 'Dell', 'Neo', 'No disponible', 'Intel I3 Gen 5', 2, 400, 'SSD', 1),
(352, '419W', 'Razer', 'IdeaPad 5 TXRTCB', 'No disponible', 'AMD Ryzen 9 8279', 2, 2000, 'HDD', 9),
(353, '082R', 'HP', 'V22 G4 AVJ', 'Disponible', 'AMD Ryzen 3 8998', 2, 100, 'NVMe', 18),
(354, '037Z', 'LG', 'Latitude 5979', 'Disponible', 'Intel Pentium', 12, 400, 'HDD', 17),
(355, '842Y', 'Vant', 'Flex Advance', 'No disponible', 'Intel Celeron', 6, 400, 'NVMe', 10),
(356, '157B', 'Innjoo', 'Latitude 6132', 'Disponible', 'AMD Athlon', 32, 2000, 'NVMe', 11),
(357, '278U', 'Prixton', 'Aspire 3 A315-671P-840A', 'No disponible', 'Intel Pentium', 12, 2000, 'HDD', 22),
(358, '099G', NULL, 'Modern 15 B55M-897YRHXES', 'Disponible', 'Intel I5 Gen 8', 6, NULL, NULL, 3),
(359, '378R', 'Polaroid', NULL, 'Averiado', 'AMD Ryzen 3 3433', 6, 2000, NULL, 19),
(360, '169T', NULL, NULL, 'Disponible', 'AMD Athlon', 6, NULL, NULL, 24);

--
-- Inserting data into table alumnos
--
INSERT INTO alumnos(id_alumno, dni, nombre, apellidos, estado_matricula, id_portatil) VALUES
(1, '6740764C', 'Nieves', 'López', 'No matriculado', 277),
(2, '5653114O', 'Aurelia', 'Moreno', 'Matriculado', 98),
(3, '8580047W', 'Luis', 'Montoro', 'No matriculado', 327),
(4, '7073601Q', 'Noé', 'Peña', 'No matriculado', 205),
(5, '4432626C', 'Alejandra', 'Lorenzo', 'Matriculado', 151),
(6, '6469928S', 'Luisa', 'Moya', 'No matriculado', 238),
(7, '5995285D', 'Noelia', 'Vega', 'Matriculado', 141),
(8, '3122351U', 'Javier', 'Arias', 'Matriculado', 303),
(9, '6103382K', 'Aureliano', 'Mora', 'Matriculado', 342),
(10, '4592782C', 'Tadeo', 'Carmona', 'No matriculado', 81),
(11, '7747543R', 'Luz', 'Delgado', 'No matriculado', 14),
(12, '3382523K', 'Raquel', 'Benítez', 'No matriculado', 117),
(13, '0273963D', 'Tarsicio', 'Gallego', 'No matriculado', 188),
(14, '5671825I', 'Norberto', 'Lozano', 'Matriculado', 341),
(15, '0200653X', 'Alejandro', 'Santos', 'Matriculado', 102),
(16, '4813331G', 'Macario', 'Morales', 'Matriculado', 113),
(17, '4162366E', 'Facundo', 'Velasco', 'Matriculado', 85),
(18, '7509704H', 'Damián', 'Díaz', 'Matriculado', 24),
(19, '1599492S', 'Nuria', 'Marín', 'Matriculado', 143),
(20, '9909914F', 'Calixto', 'Pérez', 'Matriculado', 243),
(21, '9874259G', 'Daniel', 'Carrasco', 'No matriculado', 224),
(22, '9222471U', 'Camilo', 'Blanco', 'No matriculado', 342),
(23, '8063154L', 'Raúl', 'Castillo', 'Matriculado', 42),
(24, '6645848O', 'Magdalena', 'Muñoz', 'No matriculado', 43),
(25, '0676691H', 'Octavio', 'García', 'Matriculado', 97),
(26, '5814957K', 'Aurelio', 'Herrera', 'No matriculado', 283),
(27, '5586065X', 'Teodora', 'Márquez', 'No matriculado', 41),
(28, '6287283I', 'Manuel', 'Sanz', 'No matriculado', 280),
(29, '7276674Y', 'Odón', 'Prieto', 'Matriculado', 267),
(30, '3843042F', 'Manuela', 'Blesa', 'Matriculado', 267),
(31, '5006986C', 'Rebeca', 'Herrero', 'No matriculado', 243),
(32, '1472960X', 'Gema', 'Martín', 'No matriculado', 26),
(33, '7047952P', 'Olga', 'Hidalgo', 'No matriculado', 9),
(34, '3648078R', 'Alejo', 'Castro', 'Matriculado', 178),
(35, '4310302R', 'Teodosia', 'Navarro', 'No matriculado', 29),
(36, '3541138U', 'Aurora', 'Bravo', 'Matriculado', 349),
(37, '9057366O', 'Reinaldo', 'Ramírez', 'Matriculado', 64),
(38, '9894457M', 'Jeremías', 'Nieto', 'No matriculado', 80),
(39, '4719143E', 'Teófanes', 'Vicente', 'No matriculado', 53),
(40, '3032117Y', 'Remedios', 'Martínez', 'No matriculado', 161),
(41, '4891092C', 'Alfonso', 'Cortés', 'Matriculado', 180),
(42, '3550138U', 'Baldomero', 'Díez', 'No matriculado', 327),
(43, '1446140J', 'Teófila', 'Caballero', 'No matriculado', 32),
(44, '7186147W', 'Genoveva', 'Ramos', 'No matriculado', 225),
(45, '5028806X', 'Mar', 'Serrano', 'No matriculado', 314),
(46, '7327538I', 'Alfredo', 'Vidal', 'Matriculado', 97),
(47, '8192593Y', 'Dario', 'Núñez', 'No matriculado', 68),
(48, '6613275M', 'Onésimo', 'Garrido', 'Matriculado', 38),
(49, '9844714P', 'Renato', 'Domínguez', 'Matriculado', NULL),
(50, '8095150N', 'Marc', 'Soler', 'No matriculado', 217),
(51, '5272166T', 'Orestes', 'Gil', 'Matriculado', 3),
(52, '8502758O', 'Cándida', 'Crespo', 'No matriculado', 4),
(53, '8642499C', 'Marcelino', 'Ibáñez', 'Matriculado', 281),
(54, '9179072N', 'David', 'Medina', 'Matriculado', 38),
(55, '9925110H', 'Oriol', 'Iglesias', 'No matriculado', 195),
(56, '4231605F', 'Marcelo', 'Cabrera', 'No matriculado', 334),
(57, '6014256B', 'Jerónimo', 'Cruz', 'Matriculado', 143),
(58, '4137925U', 'Oscar', 'Méndez', 'No matriculado', 327),
(59, '0566647A', 'Gerardo', 'Jiménez', 'No matriculado', 37),
(60, '1919868B', 'Carina', 'Durán', 'No matriculado', 229),
(61, '4264355R', 'Marcial', 'Molina', 'Matriculado', 177),
(62, '4912211Z', 'Demócrito', 'León', 'No matriculado', 165),
(63, '5773365H', 'Jesús', 'Montero', 'Matriculado', 104),
(64, '8987443Q', 'Teresa', 'Rubio', 'No matriculado', 210),
(65, '2674104T', 'Ricardo', 'Giménez', 'Matriculado', 194),
(66, '3413104N', 'Óscar', 'Soto', 'Matriculado', 118),
(67, '9982376B', 'Timoteo', 'Rey', 'No matriculado', 180),
(68, '0136161Q', 'Carlos', 'Ruiz', 'No matriculado', 145),
(69, '8213591H', 'Diego', 'Ortega', 'Matriculado', 264),
(70, '0205479U', 'Marciano', 'Calvo', 'No matriculado', 48),
(71, '5261197J', 'Oseas', 'Reyes', 'Matriculado', 259),
(72, '1327803V', 'Balduino', 'Aguilar', 'No matriculado', 342),
(73, '4896534Y', 'Rigoberto', 'Cambil', 'No matriculado', 245),
(74, '7745433X', 'Carmelo', 'Alonso', 'Matriculado', 51),
(75, '7134827U', 'Dimas', 'Suárez', 'No matriculado', 68),
(76, '6709899H', 'Marcos', 'Esteban', 'Matriculado', 30),
(77, '4124717I', 'Oswaldo', 'Gómez', 'No matriculado', 273),
(78, '7276898N', 'Carmen', 'Ortiz', 'No matriculado', 42),
(79, '9072520U', 'Dolores', 'Sáez', 'Matriculado', 93),
(80, '6607904M', 'Tito', 'Fernández', 'Matriculado', 109),
(81, '3143166Y', 'Alicia', 'Campos', 'Matriculado', 178),
(82, '4490694R', 'Rita', 'Torres', 'Matriculado', 75),
(83, '9564683Y', 'Baltasar', 'González', 'No matriculado', 319),
(84, '8578251X', 'Germán', 'Álvarez', 'No matriculado', 26),
(85, '5700639Z', 'Carolina', 'Sánchez', 'Matriculado', 118),
(86, '9030182O', 'Domingo', 'Cano', 'No matriculado', 251),
(87, '0744766A', 'Tobías', 'Rodríguez', 'No matriculado', 105),
(88, '7902310J', 'Roberto', 'Parra', 'Matriculado', 295),
(89, '0271197O', 'Alipio', 'Román', 'Matriculado', 350),
(90, '6140330K', 'Casiano', 'Pascual', 'Matriculado', 1),
(91, '8357224Q', 'Bárbara', 'Romero', 'Matriculado', 304),
(92, '9370648P', 'Almudena', 'Pastor', 'Matriculado', 226),
(93, '1394636S', 'Margarita', 'Vargas', 'No matriculado', 353),
(94, '8651577V', 'Bartolomé', 'Santana', 'Matriculado', 161),
(95, '8995614O', 'Alonso', 'Vázquez', 'No matriculado', 269),
(96, '9836054U', 'Otilia', 'Ferrer', 'Matriculado', 81),
(97, '4342567N', 'Donato', 'Santiago', 'Matriculado', 174),
(98, '2695082S', 'Joan', 'Guerrero', 'Matriculado', 332),
(99, '6433393J', 'Tomas', 'Flores', 'No matriculado', 307),
(100, '7806172X', 'María', 'Gutiérrez', 'No matriculado', 282),
(101, '0329430T', 'Rocío', 'Fuentes', 'Matriculado', 117),
(102, '7801758H', 'Tomás', 'Hernández', 'No matriculado', 303),
(103, '8377027Y', 'Gertrudis', 'Gallardo', 'Matriculado', 239),
(104, '4264740C', 'Oto', 'Delgado', 'Matriculado', 44),
(105, '4524620E', 'Mariano', 'Vega', 'No matriculado', 206),
(106, '5173907B', 'Basileo', 'Moreno', 'No matriculado', 333),
(107, '5289796W', 'Rodrigo', 'Peña', 'No matriculado', 218),
(108, '3525226W', 'Toribio', 'Arias', 'Matriculado', 255),
(109, '1548613I', 'Álvaro', 'López', 'No matriculado', 203),
(110, '2075855W', 'Beatriz', 'Moya', 'No matriculado', 304),
(111, '6729076W', 'Casimiro', 'Gallego', 'No matriculado', 335),
(112, '0266924I', 'Dorotea', 'Santos', 'No matriculado', 148),
(113, '2000435C', 'Joaquím', 'Pérez', 'Matriculado', 335),
(114, '1974761O', 'Amadeo', 'Velasco', 'No matriculado', 360),
(115, '8409776O', 'Pablo', 'Muñoz', 'Matriculado', 345),
(116, '7453262Y', 'Casio', 'Díaz', 'Matriculado', 30),
(117, '7391678U', 'Begoña', 'Prieto', 'Matriculado', 29),
(118, '2543784I', 'Rogelio', 'Navarro', 'No matriculado', 68),
(119, '4040904K', 'Edgar', 'Ramírez', 'Matriculado', 102),
(120, '9364561J', 'Marina', 'Carmona', 'Matriculado', 121),
(121, '0541079K', 'Amaro', 'Montoro', 'Matriculado', 147),
(122, '3347894D', 'Gisela', 'Lorenzo', 'No matriculado', 311),
(123, '1693536W', 'Belén', 'García', 'No matriculado', 284),
(124, '0923243B', 'Ambrosio', 'Mora', 'No matriculado', 261),
(125, '6173519U', 'Catalina', 'Nieto', 'Matriculado', 275),
(126, '0917767O', 'Pancracio', 'Díez', 'No matriculado', 30),
(127, '2360170G', 'Beltrán', 'Benítez', 'No matriculado', 286),
(128, '2148309N', 'Amelia', 'Ramos', 'No matriculado', 87),
(129, '4618300P', 'Trinidad', 'Garrido', 'Matriculado', 283),
(130, '2196220V', 'Benedicto', 'Domínguez', 'No matriculado', 333),
(131, '7060767M', 'Edmundo', 'Sanz', 'No matriculado', 329),
(132, '7682292F', 'Amparo', 'Lozano', 'Matriculado', 67),
(133, '0232632E', 'Cayetano', 'Gil', 'Matriculado', NULL),
(134, '8281659F', 'Mario', 'Morales', 'Matriculado', 212),
(135, '2659940U', 'Román', 'Durán', 'Matriculado', 138),
(136, '4201658J', 'Joaquín', 'Vicente', 'No matriculado', 340),
(137, '9943778L', 'Ubaldo', 'Núñez', 'Matriculado', 118),
(138, '0720739C', 'Eduardo', 'Giménez', 'Matriculado', 136),
(139, '5193409O', 'Gloria', 'Serrano', 'No matriculado', 252),
(140, '6345745M', 'Joel', 'Marín', 'No matriculado', 248),
(141, '4624367W', 'Romualdo', 'Herrera', 'No matriculado', 2),
(142, '1865468V', 'Cayo', 'Esteban', 'Matriculado', 252),
(143, '3366242B', 'Pascual', 'Vidal', 'Matriculado', 294),
(144, '6729516J', 'Benigno', 'Soler', 'Matriculado', 24),
(145, '9738290A', 'Godofredo', 'Rubio', 'No matriculado', 301),
(146, '2232726T', 'Ana', 'Soto', 'No matriculado', 326),
(147, '0802735U', 'Eduvigis', 'Rey', 'No matriculado', 249),
(148, '7523364G', 'Marta', 'Gómez', 'Matriculado', 330),
(149, '9530569P', 'Jonás', 'Carrasco', 'No matriculado', 165),
(150, '7660245Y', 'Gonzalo', 'Márquez', 'No matriculado', 81),
(151, '0973365J', 'Benito', 'Herrero', 'No matriculado', 300),
(152, '6489064Q', 'Jonathan', 'Fernández', 'No matriculado', 241),
(153, '1238370X', 'Patricia', 'González', 'Matriculado', 339),
(154, '7325490B', 'Ananías', 'Ferrer', 'No matriculado', 240),
(155, '6158359D', 'Cecilia', 'Guerrero', 'No matriculado', 300),
(156, '6717072O', 'Benjamín', 'Martín', 'Matriculado', 276),
(157, '2150823D', 'Urbano', 'Ruiz', 'No matriculado', 249),
(158, '8987638F', 'Martín', 'Blanco', 'No matriculado', 341),
(159, '8394565Z', 'Roque', 'Ortega', 'No matriculado', 73),
(160, '1544662C', 'Gregorio', 'Suárez', 'No matriculado', 350),
(161, '4053852H', 'Patricio', 'Reyes', 'Matriculado', 247),
(162, '9192348P', 'Mateo', 'Flores', 'No matriculado', 278),
(163, '3256665T', 'Anastasia', 'Sáez', 'Matriculado', 159),
(164, '5096497B', 'Jordi', 'Castillo', 'No matriculado', 349),
(165, '6161366C', 'Bernabé', 'Hidalgo', 'Matriculado', 297),
(166, '8120558V', 'Anatolio', 'Ortiz', 'No matriculado', 237),
(167, '6556299J', 'Guadalupe', 'Gutiérrez', 'No matriculado', 47),
(168, '1406777M', 'Paula', 'Martínez', 'No matriculado', 298),
(169, '5916290K', 'Efrén', 'Torres', 'No matriculado', 58),
(170, '2157086Y', 'Jorge', 'Fuentes', 'Matriculado', 159),
(171, '3086788V', 'Úrsula', 'Ibáñez', 'No matriculado', 5),
(172, '1012351I', 'Matías', 'Blesa', 'Matriculado', 123),
(173, '2565347M', 'Pedro', 'Rodríguez', 'No matriculado', 74),
(174, '7560551V', 'Matilde', 'Sánchez', 'No matriculado', 348),
(175, '4470357F', 'Ceferino', 'Parra', 'Matriculado', 18),
(176, '7229259I', 'Elena', 'Castro', 'No matriculado', 299),
(177, '7942138M', 'Rosa', 'Medina', 'Matriculado', 43),
(178, '9356835A', 'Guido', 'Vargas', 'No matriculado', 269),
(179, '6590648R', 'Bernarda', 'Bravo', 'Matriculado', 225),
(180, '1952801Q', 'Petronila', 'Román', 'Matriculado', 338),
(181, '7074525H', 'Andrea', 'Iglesias', 'Matriculado', 41),
(182, '1689107V', 'Bernardo', 'Méndez', 'Matriculado', 15),
(183, '6411345S', 'Josafat', 'Santana', 'Matriculado', 324),
(184, '8892446V', 'Mauricio', 'Hernández', 'No matriculado', 3),
(185, '3459312V', 'Andrés', 'Cortés', 'Matriculado', NULL),
(186, '8864174N', 'Guillermo', 'Caballero', 'Matriculado', 253),
(187, '6892509T', 'José', 'Crespo', 'No matriculado', 11),
(188, '8284871E', 'Celia', 'Jiménez', 'Matriculado', 327),
(189, '3530565B', 'Gustavo', 'Vázquez', 'No matriculado', 317),
(190, '0567503U', 'Elías', 'Molina', 'No matriculado', 243),
(191, '8682670K', 'Josefa', 'Cabrera', 'No matriculado', 226),
(192, '0478231Z', 'Guzmán', 'Santiago', 'Matriculado', 345),
(193, '9109396X', 'Celina', 'León', 'No matriculado', 292),
(194, '8405849K', 'Pilar', 'Montero', 'No matriculado', 345),
(195, '6188281Y', 'Valentín', 'Pascual', 'No matriculado', 87),
(196, '5642889T', 'Maximiliano', 'Cruz', 'No matriculado', 254),
(197, '6333142Y', 'Rosalia', 'Gallardo', 'Matriculado', 100),
(198, '7738665I', 'Elisa', 'Calvo', 'Matriculado', 54),
(199, '4817063V', 'Valeriano', 'Aguilar', 'No matriculado', 87),
(200, '6430111A', 'Blanca', 'Romero', 'Matriculado', 27),
(201, '0845941T', 'Ángel', 'Cambil', 'No matriculado', NULL),
(202, '6528383B', 'Pío', 'Alonso', 'No matriculado', 154),
(203, '1919790R', 'Blas', 'Campos', 'No matriculado', 238),
(204, '6649864C', 'Rosario', 'Pastor', 'No matriculado', 96),
(205, '9352812W', 'Melchor', 'Álvarez', 'No matriculado', 87),
(206, '5220950N', 'Vanesa', 'Cano', 'No matriculado', 324),
(207, '0946488X', 'Ángela', 'Moreno', 'Matriculado', 69),
(208, '5852576Z', 'Poncio', 'Delgado', 'No matriculado', 319),
(209, '9803032Z', 'Josefina', 'Arias', 'Matriculado', 165),
(210, '1716127A', 'Celso', 'Carmona', 'No matriculado', 183),
(211, '3328827F', 'Mercedes', 'López', 'No matriculado', 264),
(212, '6371961C', 'Eliseo', 'Benítez', 'Matriculado', 61),
(213, '6463195F', 'Rosendo', 'Carrasco', 'Matriculado', 135),
(214, '4457589I', 'Bonifacio', 'Peña', 'Matriculado', 276),
(215, '4933560S', 'César', 'Montoro', 'Matriculado', 247),
(216, '3423060R', 'Héctor', 'Gallego', 'No matriculado', 146),
(217, '5290889H', 'Josep', 'Lorenzo', 'Matriculado', 243),
(218, '6345682J', 'Porfirio', 'Mora', 'Matriculado', 286),
(219, '1077030G', 'Ángeles', 'Lozano', 'No matriculado', 293),
(220, '7885118A', 'Borja', 'Díaz', 'Matriculado', 215),
(221, '3205059Z', 'Heliodoro', 'García', 'Matriculado', 288),
(222, '2302180A', 'Aniano', 'Vega', 'No matriculado', 306),
(223, '4494379H', 'Elvira', 'Santos', 'No matriculado', 300),
(224, '2813594E', 'Bruno', 'Velasco', 'No matriculado', 101),
(225, '6185076M', 'Anna', 'Morales', 'Matriculado', NULL),
(226, '5080374M', 'Miguel', 'Marín', 'Matriculado', 215),
(227, '3692140S', 'Velerio', 'Sanz', 'No matriculado', 145),
(228, '3377435L', 'Josué', 'Blanco', 'No matriculado', 79),
(229, '6698030O', 'Rubén', 'Castillo', 'Matriculado', 139),
(230, '5722463W', 'Heraclio', 'Herrera', 'No matriculado', 62),
(231, '6637080L', 'Leocadia', 'Vicente', 'No matriculado', 306),
(232, '8761633H', 'Juan', 'Serrano', 'Matriculado', 116),
(233, '3633400C', 'Cesáreo', 'Márquez', 'Matriculado', 211),
(234, '8134946X', 'Milagros', 'Moya', 'Matriculado', 283),
(235, '5908296I', 'Heriberto', 'Blesa', 'Matriculado', 40),
(236, '9950118Y', 'León', 'Castro', 'No matriculado', 337),
(237, '1612436K', 'Juana', 'Pérez', 'Matriculado', 277),
(238, '3278001G', 'Miqueas', 'Bravo', 'Matriculado', 334),
(239, '8691724Z', 'Venancio', 'Cortés', 'Matriculado', 168),
(240, '9055891J', 'Emilia', 'Caballero', 'Matriculado', 60),
(241, '1878387K', 'Hilarión', 'Crespo', 'Matriculado', 91),
(242, '2478531Z', 'Julia', 'Herrero', 'No matriculado', 157),
(243, '0102073Z', 'Leonardo', 'Díez', 'No matriculado', 171),
(244, '0170146P', 'Hildegarda', 'Vidal', 'No matriculado', 15),
(245, '0928983B', 'Julián', 'Soler', 'No matriculado', 343),
(246, '3732301I', 'Cipriano', 'Garrido', 'No matriculado', 307),
(247, '3519143N', 'Homero', 'Domínguez', 'Matriculado', 17),
(248, '9245465Y', 'Rufo', 'Gil', 'Matriculado', 150),
(249, '0331105C', 'Míriam', 'Muñoz', 'Matriculado', 65),
(250, '7476138D', 'Julio', 'Durán', 'Matriculado', 124),
(251, '7189712I', 'Emiliano', 'Giménez', 'Matriculado', 12),
(252, '2664991W', 'Honorato', 'Rubio', 'Matriculado', 331),
(253, '6255936B', 'Leoncio', 'Cabrera', 'Matriculado', 346),
(254, '1405617B', 'Mohamed', 'Martín', 'No matriculado', NULL),
(255, '8048732I', 'Cirilo', 'Cruz', 'No matriculado', 92),
(256, '1937342N', 'Emilio', 'Prieto', 'No matriculado', 283),
(257, '6359331N', 'Justino', 'Calvo', 'No matriculado', 32),
(258, '0082241I', 'Leonor', 'Esteban', 'Matriculado', 203),
(259, '0652999A', 'Aarón', 'Soto', 'Matriculado', 186),
(260, '5053287S', 'Cirino', 'Ruiz', 'No matriculado', 248),
(261, '4997787G', 'Honorio', 'Gómez', 'No matriculado', 310),
(262, '4335345L', 'Juvenal', 'Navarro', 'No matriculado', 275),
(263, '0687239F', 'Verónica', 'Ramírez', 'Matriculado', 24),
(264, '3953870L', 'Moisés', 'Nieto', 'No matriculado', 91),
(265, '2736042K', 'Anselmo', 'Aguilar', 'No matriculado', 262),
(266, '5788078Y', 'Encarnación', 'Ramos', 'No matriculado', 108),
(267, '7822911Y', 'Ruperto', 'Cambil', 'Matriculado', 309),
(268, '0668017D', 'Hugo', 'Alonso', 'No matriculado', 315),
(269, '6884382B', 'Abdón', 'Hidalgo', 'Matriculado', 21),
(270, '5176469P', 'Leopoldo', 'Campos', 'Matriculado', 229),
(271, '7550582A', 'Vicenta', 'Fernández', 'No matriculado', 269),
(272, '2810460K', 'Ladislao', 'Suárez', 'No matriculado', 294),
(273, '6010422F', 'Antero', 'Sáez', 'Matriculado', 180),
(274, '7186844P', 'Salomé', 'Torres', 'No matriculado', 322),
(275, '0369510G', 'Mónica', 'González', 'No matriculado', 81),
(276, '1610004A', 'Abel', 'Álvarez', 'Matriculado', 68),
(277, '7127927R', 'Ciro', 'Martínez', 'No matriculado', 83),
(278, '0584190T', 'Antonia', 'Sánchez', 'Matriculado', 326),
(279, '1194563J', 'Lidia', 'Ferrer', 'Matriculado', 283),
(280, '5096243T', 'Enrique', 'Guerrero', 'Matriculado', 44),
(281, '5837720U', 'Vicente', 'Núñez', 'No matriculado', 80),
(282, '9972610P', 'Montserrat', 'Rey', 'Matriculado', 156),
(283, '7688511T', 'Liduvina', 'Flores', 'No matriculado', 121),
(284, '0394448K', 'Narciso', 'Vargas', 'Matriculado', 161),
(285, '8208494S', 'Humberto', 'Santana', 'Matriculado', 5),
(286, '5383726Z', 'Abelardo', 'Gutiérrez', 'Matriculado', 19),
(287, '6800385J', 'Antonio', 'Fuentes', 'Matriculado', 274),
(288, '6634215H', 'Abrahán', 'Ortega', 'No matriculado', 106),
(289, '3435518R', 'Lino', 'Vázquez', 'No matriculado', 158),
(290, '1389884W', 'Natalia', 'Hernández', 'No matriculado', NULL),
(291, '3920737I', 'Aquiles', 'Gallardo', 'Matriculado', 18),
(292, '2890029R', 'Laura', 'Reyes', 'Matriculado', 285),
(293, '9627448K', 'Salomón', 'Cano', 'No matriculado', 68),
(294, '3296617Y', 'Absalón', 'Ibáñez', 'No matriculado', 147),
(295, '0623308Z', 'Ifigenia', 'Medina', 'No matriculado', 38),
(296, '4468345S', 'Víctor', 'Santiago', 'No matriculado', 239),
(297, '6803144T', 'Araceli', 'Ortiz', 'No matriculado', 138),
(298, '2755070C', 'Clara', 'Rodríguez', 'Matriculado', 302),
(299, '7461986X', 'Salvador', 'Parra', 'No matriculado', 293),
(300, '2877648B', 'Victoria', 'Iglesias', 'Matriculado', 177),
(301, '6325772S', 'Laureano', 'Méndez', 'Matriculado', NULL),
(302, '6562878X', 'Acacio', 'Román', 'No matriculado', 104),
(303, '6785779Z', 'Aránzazu', 'Pascual', 'Matriculado', 116),
(304, '1391205H', 'Adalberto', 'Romero', 'Matriculado', 333),
(305, '2815181L', 'Epifanía', 'Pastor', 'Matriculado', 299),
(306, '7274111K', 'Claudia', 'Jiménez', 'Matriculado', 76),
(307, '8124426Y', 'Ignacio', 'Molina', 'Matriculado', 28),
(308, '5437877W', 'Lorena', 'León', 'Matriculado', 257),
(309, '1138327C', 'Lázaro', 'Montero', 'No matriculado', 38),
(310, '1354453R', 'Ildefonso', 'Delgado', 'No matriculado', 65),
(311, '6569688G', 'Natividad', 'Moreno', 'No matriculado', 158),
(312, '6627890R', 'Leandro', 'López', 'No matriculado', 11),
(313, '2775463S', 'Erico', 'Arias', 'No matriculado', 318),
(314, '2402604Y', 'Arcadio', 'Peña', 'Matriculado', 288),
(315, '4281106G', 'Salvio', 'Montoro', 'No matriculado', 192),
(316, '0396176T', 'Claudio', 'Carmona', 'Matriculado', 145),
(317, '2965004X', 'Ernesto', 'Moya', 'Matriculado', 148),
(318, '4997535I', 'Lorenzo', 'Gallego', 'Matriculado', NULL),
(319, '2815532P', 'Victorino', 'Lorenzo', 'No matriculado', 317),
(320, '9720876X', 'Samuel', 'Benítez', 'Matriculado', 199),
(321, '4450476G', 'Victorio', 'Díaz', 'No matriculado', 43),
(322, '4393184Y', 'Sandra', 'Mora', 'No matriculado', 202),
(323, '9222236U', 'Adán', 'Carrasco', 'No matriculado', 261),
(324, '0670682S', 'Aresio', 'Pérez', 'Matriculado', 13),
(325, '8817345H', 'Cleofás', 'Lozano', 'No matriculado', 250),
(326, '9637524G', 'Nazario', 'García', 'Matriculado', 12),
(327, '1085269K', 'Esdras', 'Díez', 'No matriculado', 124),
(328, '8125157A', 'Vidal', 'Morales', 'Matriculado', 360),
(329, '4767920O', 'Lourdes', 'Vega', 'No matriculado', 255),
(330, '5510625H', 'Clotilde', 'Santos', 'No matriculado', 177),
(331, '5681054V', 'Esiquio', 'Blanco', 'Matriculado', 288),
(332, '7101508S', 'Sansón', 'Marín', 'No matriculado', 149),
(333, '6480290C', 'Nemesio', 'Castillo', 'No matriculado', 72),
(334, '8946686J', 'Colombo', 'Herrera', 'Matriculado', 121),
(335, '6044546F', 'Lucano', 'Márquez', 'No matriculado', 246),
(336, '0736701T', 'Adela', 'Garrido', 'No matriculado', 85),
(337, '3923649B', 'Ariadna', 'Muñoz', 'Matriculado', 25),
(338, '7868749F', 'Esperanza', 'Velasco', 'Matriculado', 85),
(339, '0521467W', 'Columba', 'Herrero', 'Matriculado', 162),
(340, '4684786W', 'Inés', 'Prieto', 'No matriculado', 149),
(341, '3027180W', 'Virgilio', 'Martín', 'Matriculado', 208),
(342, '0942891P', 'Santiago', 'Hidalgo', 'No matriculado', 195),
(343, '6748611M', 'Esteban', 'Blesa', 'No matriculado', 36),
(344, '4759884B', 'Virginia', 'Sanz', 'No matriculado', 68),
(345, '5345718V', 'Fátima', 'Vicente', 'No matriculado', 160),
(346, '2695299A', 'Nicanor', 'Martínez', 'Matriculado', 113),
(347, '6647468P', 'Columbano', 'Navarro', 'Matriculado', 297),
(348, '7330549P', 'Sara', 'Ramírez', 'No matriculado', 154),
(349, '1681901U', 'Inmaculada', 'Castro', 'Matriculado', 66),
(350, '5074143N', 'Lucas', 'Ibáñez', 'No matriculado', 184),
(351, '0532770T', 'Ester', 'Domínguez', 'No matriculado', 196),
(352, '9748872M', 'Nicodemo', 'Medina', 'Matriculado', 161),
(353, '3432316P', 'Faustino', 'Gil', 'No matriculado', 171),
(354, '8450305D', 'Adelaida', 'Serrano', 'Matriculado', 97),
(355, '3722456X', 'Vladimiro', 'Bravo', 'Matriculado', NULL),
(356, '0220126F', 'Aristides', 'Iglesias', 'Matriculado', 50),
(357, '6409780Z', 'Concepción', 'Durán', 'Matriculado', 185),
(358, '4821234P', 'Sebastián', 'Vidal', 'No matriculado', 338),
(359, '9222181M', 'Adolfo', 'Cortés', 'Matriculado', 37),
(360, '5902506B', 'Arnaldo', 'Soler', 'No matriculado', 84),
(361, '3572964F', 'Inocencio', 'Caballero', 'No matriculado', 306),
(362, '2880024L', 'Fausto', 'Crespo', 'Matriculado', 95),
(363, '5481806Q', 'Wilfredo', 'Méndez', 'No matriculado', 316),
(364, '8801166Q', 'Lucía', 'Rubio', 'No matriculado', 360),
(365, '3501423M', 'Esther', 'Soto', 'No matriculado', 193),
(366, '2423360I', 'Nicolás', 'Nieto', 'No matriculado', 19),
(367, '6737381K', 'Conrado', 'Ramos', 'Matriculado', 234),
(368, '1932833K', 'Segismundo', 'Jiménez', 'Matriculado', 168),
(369, '3003296M', 'Xavier', 'Núñez', 'No matriculado', 338),
(370, '1215093A', 'Irene', 'Giménez', 'Matriculado', 94),
(371, '0635939O', 'Federico', 'Esteban', 'No matriculado', 93),
(372, '7436534W', 'Ireneo', 'Gómez', 'No matriculado', 319),
(373, '7613078B', 'Eugenia', 'Cabrera', 'Matriculado', 124),
(374, '3526710O', 'Constancio', 'Rey', 'Matriculado', 288),
(375, '9173117V', 'Feliciano', 'Fernández', 'Matriculado', 112),
(376, '5703959H', 'Luciano', 'Ortega', 'No matriculado', 286),
(377, '7214156W', 'Sergio', 'Molina', 'No matriculado', 324),
(378, '1523536F', 'Yolanda', 'Reyes', 'Matriculado', 58),
(379, '9824732L', 'Nicomedes', 'González', 'Matriculado', 68),
(380, '0306244P', 'Eugenio', 'Ferrer', 'Matriculado', 210),
(381, '3408324A', 'Adón', 'Ruiz', 'Matriculado', 72),
(382, '2190672L', 'Artemio', 'Guerrero', 'Matriculado', 68),
(383, '8570847G', 'Constantino', 'Ortiz', 'No matriculado', 116),
(384, '6250926A', 'Isaac', 'Cruz', 'Matriculado', 318),
(385, '3330770Y', 'Lucrecia', 'Calvo', 'Matriculado', 321),
(386, '5744932H', 'Severino', 'Rodríguez', 'Matriculado', 29),
(387, '5758905R', 'Eulalia', 'Parra', 'No matriculado', 278),
(388, '3567589B', 'Consuelo', 'Aguilar', 'No matriculado', 34),
(389, '2847454B', 'Eusebio', 'Flores', 'Matriculado', 315),
(390, '0407550F', 'Felipe', 'Román', 'No matriculado', 213),
(391, '8144975O', 'Zacarías', 'Suárez', 'Matriculado', 338),
(392, '7468377O', 'Adrián', 'Cambil', 'No matriculado', 189),
(393, '1938991U', 'Isabel', 'Alonso', 'No matriculado', 66),
(394, '4242615Y', 'Arturo', 'Pascual', 'Matriculado', 223),
(395, '7338413L', 'Silvia', 'León', 'Matriculado', 137),
(396, '5817693P', 'Cosme', 'Gutiérrez', 'Matriculado', 84),
(397, '9979109B', 'Zaqueo', 'Montero', 'Matriculado', 219),
(398, '1765299D', 'Agustín', 'Campos', 'No matriculado', 270),
(399, '9261106F', 'Eva', 'Álvarez', 'No matriculado', 67),
(400, '3751303K', 'Cristian', 'Romero', 'Matriculado', 223),
(401, '8683174E', 'Evaristo', 'Cano', 'No matriculado', 87),
(402, '9796612D', 'Simeón', 'Sáez', 'No matriculado', 288),
(403, '7784827L', 'Primo', 'Pastor', 'No matriculado', 333),
(404, '6485198T', 'Cristina', 'Torres', 'Matriculado', 304),
(405, '6983559M', 'Ascensión', 'Sánchez', 'Matriculado', 230),
(406, '4694682A', 'Simón', 'Vargas', 'No matriculado', 206),
(407, '0984755I', 'Priscila', 'Fuentes', 'No matriculado', 74),
(408, '8504379Q', 'Ezequiel', 'Hernández', 'No matriculado', 245),
(409, '5850838D', 'Aitor', 'Santana', 'No matriculado', 50),
(410, '5268318H', 'Asunción', 'Vázquez', 'No matriculado', 146),
(411, '5030277Y', 'Félix', 'Gallardo', 'Matriculado', 193),
(412, '3440431N', 'Cristóbal', 'Santiago', 'No matriculado', 196),
(413, '9054299Y', 'Siro', 'López', 'Matriculado', 238),
(414, '6769389M', 'Probo', 'Moreno', 'Matriculado', 30),
(415, '5738767M', 'Fabián', 'Arias', 'Matriculado', 242),
(416, '9912265D', 'Alba', 'Montoro', 'No matriculado', 360),
(417, '5598030T', 'Sixto', 'Carmona', 'Matriculado', 122),
(418, '8737819G', 'Atanasio', 'Lorenzo', 'No matriculado', 228),
(419, '2939999L', 'Daciano', 'Delgado', 'Matriculado', 264),
(420, '8973580I', 'Fabio', 'Peña', 'No matriculado', 187),
(421, '0246149Y', 'Albert', 'Benítez', 'No matriculado', 148),
(422, '5447461C', 'Augusto', 'Moya', 'No matriculado', 241),
(423, '4779691O', 'Isaías', 'Gallego', 'No matriculado', 41),
(424, '1972082J', 'Dacio', 'Vega', 'Matriculado', 97),
(425, '7147260E', 'Alberto', 'Carrasco', 'Matriculado', 117),
(426, '5269720H', 'Fabiola', 'Pérez', 'Matriculado', 267),
(427, '4690978G', 'Purificación', 'Muñoz', 'No matriculado', 50),
(428, '7903608M', 'Sofía', 'Mora', 'No matriculado', 9),
(429, '8112773Z', 'Fermín', 'Lozano', 'No matriculado', 279),
(430, '5967772E', 'Áurea', 'Blanco', 'No matriculado', 209),
(431, '0036725J', 'Albina', 'Díaz', 'Matriculado', 186),
(432, '3804706K', 'Dámaso', 'García', 'Matriculado', 139),
(433, '7088436R', 'Rafael', 'Morales', 'Matriculado', 173),
(434, '1331996J', 'Isidro', 'Castillo', 'No matriculado', 28),
(435, '1305415A', 'Soledad', 'Prieto', 'No matriculado', 116),
(436, '9725802H', 'Fernando', 'Marín', 'Matriculado', 291),
(437, '4615610K', 'Raimundo', 'Díez', 'Matriculado', 130),
(438, '6071275D', 'Sonia', 'Navarro', 'No matriculado', 111),
(439, '3826716N', 'Ismael', 'Blesa', 'No matriculado', 314),
(440, '5454994X', 'Fidel', 'Castro', 'Matriculado', 9),
(441, '3645598Q', 'Iván', 'Herrera', 'No matriculado', 254),
(442, '0968408W', 'Ramiro', 'Bravo', 'No matriculado', 8),
(443, '0529625T', 'Fortunato', 'Ramírez', 'Matriculado', 202),
(444, '5133475T', 'Jacinto', 'Garrido', 'Matriculado', 63),
(445, '7775488W', 'Susana', 'Nieto', 'Matriculado', 148),
(446, '4433713F', 'Francesc', 'Márquez', 'No matriculado', 129),
(447, '9300708S', 'Jacob', 'Ramos', 'Matriculado', 23),
(448, '8999947T', 'Ramón', 'Domínguez', 'No matriculado', 347),
(449, '3095363Q', 'Francisca', 'Herrero', 'Matriculado', 227),
(450, '9815967M', 'Jacobo', 'Gil', 'Matriculado', 79),
(451, '6538018H', 'Francisco', 'Martín', 'No matriculado', 128),
(452, '0889781Y', 'Jaime', 'Cortés', 'Matriculado', 59),
(453, '2507224R', 'Fulgencio', 'Caballero', 'Matriculado', 286),
(454, '4972122N', 'Jaume', 'Crespo', 'No matriculado', 225),
(455, '6594756T', 'Gabriel', 'Núñez', 'Matriculado', 210),
(456, '4596026N', 'Javier', 'Hidalgo', 'No matriculado', 107),
(457, '8319872R', 'Gema', 'Durán', 'Matriculado', 188),
(458, '4083395K', 'Jeremías', 'Rey', 'No matriculado', 146),
(459, '0008119B', 'Genoveva', 'Giménez', 'Matriculado', 123),
(460, '2962631J', 'Nieves', 'Cabrera', 'Matriculado', 324),
(461, '9938563Y', 'Tadeo', 'Esteban', 'Matriculado', 76),
(462, '4816239H', 'Luis', 'Martínez', 'No matriculado', 275),
(463, '0680484I', 'Noé', 'Cruz', 'No matriculado', 19),
(464, '9487190M', 'Jerónimo', 'Santos', 'Matriculado', 327),
(465, '4100299F', 'Gerardo', 'Ibáñez', 'No matriculado', 99),
(466, '9785217A', 'Aurelia', 'Gómez', 'No matriculado', 18),
(467, '9258554K', 'Luisa', 'Ortega', 'Matriculado', 25),
(468, '4837915A', 'Facundo', 'Reyes', 'Matriculado', 185),
(469, '1984102G', 'Raquel', 'Medina', 'Matriculado', 127),
(470, '6055449J', 'Alejandra', 'Velasco', 'No matriculado', 220),
(471, '1586710E', 'Jesús', 'Calvo', 'Matriculado', 52),
(472, '8711510J', 'Noelia', 'Ortiz', 'Matriculado', 108),
(473, '5525697N', 'Germán', 'Sanz', 'Matriculado', 85),
(474, '7831450F', 'Joan', 'Aguilar', 'No matriculado', 212),
(475, '2666482B', 'Damián', 'Iglesias', 'Matriculado', 273),
(476, '3784575K', 'Aureliano', 'Fernández', 'Matriculado', 54),
(477, '6171570W', 'Calixto', 'Méndez', 'Matriculado', 139),
(478, '8398975F', 'Luz', 'González', 'Matriculado', 221),
(479, '3683266L', 'Daniel', 'Rodríguez', 'Matriculado', 232),
(480, '6773354O', 'Norberto', 'Ferrer', 'No matriculado', 249),
(481, '3272952Y', 'Gertrudis', 'Parra', 'No matriculado', 94),
(482, '1622762S', 'Camilo', 'Román', 'No matriculado', 195),
(483, '6500916S', 'Dario', 'Guerrero', 'No matriculado', 307),
(484, '6728309L', 'Joaquím', 'Vicente', 'No matriculado', 175),
(485, '4758532Y', 'Macario', 'Serrano', 'No matriculado', 30),
(486, '1298387L', 'Nuria', 'Pascual', 'No matriculado', 46),
(487, '3916607K', 'Alejandro', 'Cambil', 'No matriculado', 108),
(488, '4980647M', 'Cándida', 'Romero', 'No matriculado', 43),
(489, '1545441E', 'Magdalena', 'Alonso', 'Matriculado', 189),
(490, '3722422T', 'Gisela', 'Pastor', 'No matriculado', 314),
(491, '4696411N', 'Tarsicio', 'Jiménez', 'Matriculado', 159),
(492, '0558422Y', 'Raúl', 'Molina', 'No matriculado', 232),
(493, '9794566L', 'Aurelio', 'León', 'Matriculado', 69),
(494, '2939864H', 'Teodora', 'Montero', 'No matriculado', 199),
(495, '0176825Y', 'Alejo', 'Flores', 'No matriculado', 121),
(496, '2270040R', 'Aurora', 'Vidal', 'Matriculado', 167),
(497, '1285223T', 'Alfonso', 'Campos', 'Matriculado', 84),
(498, '6847436W', 'David', 'Gutiérrez', 'No matriculado', 54),
(499, '8217209U', 'Rebeca', 'Álvarez', 'No matriculado', 267),
(500, '1448316Q', 'Baldomero', 'Cano', 'Matriculado', 321),
(501, '8156702S', 'Octavio', 'Fuentes', 'Matriculado', 174),
(502, '2765679G', 'Manuel', 'Soler', 'No matriculado', 219),
(503, '5937176M', 'Odón', 'Rubio', 'No matriculado', 216),
(504, '0041946G', 'Teodosia', 'Hernández', 'Matriculado', 210),
(505, '3443858G', 'Manuela', 'Gallardo', 'No matriculado', 98),
(506, '0126193G', 'Reinaldo', 'Soto', 'No matriculado', 113),
(507, '3411678S', 'Joaquín', 'Ruiz', 'No matriculado', 245),
(508, '9251295E', 'Teófanes', 'Suárez', 'No matriculado', 274),
(509, '4447310A', 'Carina', 'Sáez', 'No matriculado', 201),
(510, '7883834P', 'Gloria', 'Torres', 'Matriculado', 145),
(511, '5576140B', 'Joel', 'Sánchez', 'Matriculado', 219),
(512, '6008913X', 'Godofredo', 'Vargas', 'No matriculado', 137),
(513, '5148625E', 'Alfredo', 'Santana', 'No matriculado', 55),
(514, '8594387X', 'Remedios', 'Vázquez', 'No matriculado', 45),
(515, '3827365R', 'Teófila', 'Santiago', 'Matriculado', 32),
(516, '5860489H', 'Balduino', 'Vega', 'Matriculado', 214),
(517, '2939378J', 'Olga', 'Santos', 'No matriculado', 1),
(518, '8528094P', 'Jonás', 'Delgado', 'Matriculado', 66),
(519, '0117267R', 'Gonzalo', 'Velasco', 'No matriculado', 166),
(520, '2339105H', 'Jonathan', 'Moreno', 'No matriculado', 74),
(521, '9842076D', 'Mar', 'Peña', 'No matriculado', 166),
(522, '8528826P', 'Onésimo', 'Gallego', 'Matriculado', 39),
(523, '6266128Z', 'Gregorio', 'López', 'Matriculado', 93),
(524, '1357949K', 'Renato', 'Montoro', 'No matriculado', 14),
(525, '1175855G', 'Jordi', 'Sanz', 'Matriculado', 253),
(526, '4256790M', 'Guadalupe', 'Díaz', 'Matriculado', 100),
(527, '1421732T', 'Demócrito', 'Arias', 'No matriculado', 309),
(528, '3410593Z', 'Carlos', 'Moya', 'Matriculado', 235),
(529, '0733788O', 'Marc', 'Pérez', 'Matriculado', 28),
(530, '8572229Z', 'Jorge', 'García', 'No matriculado', 201),
(531, '3410986Y', 'Diego', 'Muñoz', 'Matriculado', 358),
(532, '1981397Q', 'Teresa', 'Prieto', 'Matriculado', 329),
(533, '1811472U', 'Ricardo', 'Carmona', 'No matriculado', 47),
(534, '0343665T', 'Timoteo', 'Navarro', 'Matriculado', 155),
(535, '6007902O', 'Alicia', 'Díez', 'No matriculado', 355),
(536, '1640121G', 'Guido', 'Vicente', 'No matriculado', 236),
(537, '4802093Y', 'Carmelo', 'Ramírez', 'Matriculado', 74),
(538, '3075891U', 'Josafat', 'Serrano', 'No matriculado', 152),
(539, '8937998H', 'Baltasar', 'Lorenzo', 'Matriculado', 307),
(540, '0549583T', 'Dimas', 'Vidal', 'No matriculado', 303),
(541, '9253387D', 'Orestes', 'Garrido', 'Matriculado', 332),
(542, '6767483L', 'Guillermo', 'Mora', 'No matriculado', 27),
(543, '2435017Q', 'Rigoberto', 'Domínguez', 'No matriculado', 348),
(544, '1695874Z', 'Carmen', 'Nieto', 'No matriculado', 207),
(545, '7740367S', 'Dolores', 'Ramos', 'No matriculado', 339),
(546, '9365551I', 'Alipio', 'Lozano', 'Matriculado', 66),
(547, '6133379M', 'Tito', 'Gil', 'No matriculado', 213),
(548, '1776808X', 'Marcelino', 'Núñez', 'Matriculado', 58),
(549, '0135664N', 'Oriol', 'Benítez', 'Matriculado', 117),
(550, '4353632D', 'José', 'Morales', 'Matriculado', 4),
(551, '5051494Y', 'Bárbara', 'Rey', 'Matriculado', 310),
(552, '2579702R', 'Almudena', 'Ortega', 'No matriculado', 313),
(553, '7337132D', 'Marcelo', 'Soler', 'Matriculado', 338),
(554, '5440287L', 'Gustavo', 'Rubio', 'Matriculado', 147),
(555, '5432947S', 'Carolina', 'Marín', 'No matriculado', 204),
(556, '8134178C', 'Rita', 'Soto', 'No matriculado', 287),
(557, '4843008F', 'Tobías', 'Ruiz', 'No matriculado', 146),
(558, '7853291N', 'Oscar', 'Durán', 'No matriculado', 273),
(559, '6370781O', 'Domingo', 'Herrera', 'No matriculado', 38),
(560, '9978313Z', 'Roberto', 'Giménez', 'No matriculado', 62),
(561, '1787669C', 'Casiano', 'Márquez', 'No matriculado', 24),
(562, '4543352Y', 'Marcial', 'Esteban', 'No matriculado', 165),
(563, '7622638J', 'Josefa', 'Herrero', 'No matriculado', 353),
(564, '0455653O', 'Bartolomé', 'Martín', 'Matriculado', 154),
(565, '9296744G', 'Donato', 'Suárez', 'No matriculado', 218),
(566, '0967241C', 'Alonso', 'Sáez', 'No matriculado', 11),
(567, '8678386M', 'Tomas', 'Hidalgo', 'No matriculado', 156),
(568, '7442789V', 'Casimiro', 'Carrasco', 'Matriculado', 320),
(569, '8302718K', 'Guzmán', 'Gómez', 'No matriculado', 72),
(570, '2396967R', 'Óscar', 'Martínez', 'No matriculado', 356),
(571, '7350922P', 'Josefina', 'Reyes', 'No matriculado', 101),
(572, '7793720P', 'Rocío', 'Ibáñez', 'Matriculado', 267),
(573, '2411224Y', 'Basileo', 'Torres', 'Matriculado', 66),
(574, '7539146P', 'Héctor', 'Sánchez', 'No matriculado', 101),
(575, '1095087H', 'Dorotea', 'Vargas', 'No matriculado', 132),
(576, '4799237R', 'Marciano', 'Blanco', 'No matriculado', 1),
(577, '3352872F', 'Tomás', 'Santana', 'No matriculado', 66),
(578, '6389943V', 'Álvaro', 'Medina', 'Matriculado', 170),
(579, '5709438W', 'Rodrigo', 'Ortiz', 'Matriculado', 263),
(580, '8356078M', 'Josep', 'Castillo', 'Matriculado', 104),
(581, '2379167W', 'Heliodoro', 'Iglesias', 'No matriculado', 61),
(582, '9922754B', 'Casio', 'Méndez', 'No matriculado', 303),
(583, '7641583H', 'Beatriz', 'Fernández', 'No matriculado', 105),
(584, '9284930B', 'Toribio', 'González', 'Matriculado', 23),
(585, '0230443I', 'Rogelio', 'Ferrer', 'Matriculado', 292),
(586, '9351290Z', 'Oseas', 'Jiménez', 'Matriculado', 11),
(587, '7337296L', 'Amadeo', 'Blesa', 'No matriculado', 196),
(588, '5906825L', 'Trinidad', 'Rodríguez', 'Matriculado', 108),
(589, '5148852X', 'Román', 'Guerrero', 'Matriculado', 240),
(590, '6509478N', 'Edgar', 'Molina', 'No matriculado', 81),
(591, '6904368A', 'Josué', 'Vázquez', 'No matriculado', 69),
(592, '8546787O', 'Marcos', 'Parra', 'No matriculado', 4),
(593, '4111543H', 'Ubaldo', 'León', 'No matriculado', 97),
(594, '8533421X', 'Heraclio', 'Román', 'No matriculado', 172),
(595, '2650387P', 'Catalina', 'Santiago', 'No matriculado', 324),
(596, '1672493V', 'Juan', 'Flores', 'Matriculado', 95),
(597, '3205262J', 'Begoña', 'Gutiérrez', 'Matriculado', 149),
(598, '3912664B', 'Oswaldo', 'Castro', 'No matriculado', 97),
(599, '4704531W', 'Margarita', 'Montero', 'No matriculado', 206),
(600, '4578903H', 'Heriberto', 'Fuentes', 'Matriculado', 325),
(601, '2757780J', 'Edmundo', 'Hernández', 'No matriculado', 26),
(602, '3410956W', 'Cayetano', 'Bravo', 'Matriculado', 346),
(603, '6456669U', 'Eduardo', 'Pascual', 'No matriculado', 243),
(604, '8952665L', 'Otilia', 'Cortés', 'No matriculado', 154),
(605, '9019517N', 'Romualdo', 'Caballero', 'No matriculado', 299),
(606, '7857229J', 'Amaro', 'Crespo', 'Matriculado', 337),
(607, '0398097X', 'Belén', 'Romero', 'No matriculado', 189),
(608, '2337323Y', 'Cayo', 'Cabrera', 'Matriculado', 225),
(609, '8912912S', 'María', 'Pastor', 'No matriculado', 215),
(610, '3999345B', 'Oto', 'Gallardo', 'Matriculado', 347),
(611, '8821696Y', 'Urbano', 'Cruz', 'Matriculado', 313),
(612, '3049454A', 'Eduvigis', 'Calvo', 'No matriculado', 342),
(613, '0971705C', 'Juana', 'Aguilar', 'Matriculado', 337),
(614, '8913659Q', 'Roque', 'Cambil', 'No matriculado', 31),
(615, '6970761M', 'Cecilia', 'Alonso', 'Matriculado', 299),
(616, '7275396W', 'Efrén', 'Campos', 'Matriculado', 31),
(617, '3764013W', 'Úrsula', 'Álvarez', 'No matriculado', 289),
(618, '6892660N', 'Rosa', 'Cano', 'Matriculado', 41),
(619, '3233358I', 'Hilarión', 'Delgado', 'Matriculado', 354),
(620, '3217818W', 'Ceferino', 'Gallego', 'No matriculado', 330),
(621, '8671263I', 'Julia', 'López', 'Matriculado', 201),
(622, '3043863R', 'Valentín', 'Díaz', 'No matriculado', 215),
(623, '7698337W', 'Hildegarda', 'Moreno', 'Matriculado', 37),
(624, '8325298C', 'Rosalia', 'Arias', 'Matriculado', 269),
(625, '7418761M', 'Julián', 'Vega', 'Matriculado', 127),
(626, '4907777C', 'Valeriano', 'Montoro', 'Matriculado', 311),
(627, '4994795T', 'Mariano', 'Carmona', 'Matriculado', 334),
(628, '8958893A', 'Homero', 'García', 'Matriculado', 10),
(629, '0661324Y', 'Elena', 'Santos', 'No matriculado', 289),
(630, '8176085H', 'Celia', 'Benítez', 'Matriculado', 274),
(631, '7121417Q', 'Julio', 'Lorenzo', 'No matriculado', 122),
(632, '8059553C', 'Honorato', 'Díez', 'No matriculado', 149),
(633, '4623416E', 'Ambrosio', 'Carrasco', 'No matriculado', 96),
(634, '4638543N', 'Elías', 'Velasco', 'No matriculado', 92),
(635, '8356619K', 'Pablo', 'Peña', 'Matriculado', 304),
(636, '6389962F', 'Marina', 'Moya', 'No matriculado', 2),
(637, '4758031O', 'Rosario', 'Blanco', 'No matriculado', 219),
(638, '0260693L', 'Vanesa', 'Pérez', 'No matriculado', 275),
(639, '6879863U', 'Celina', 'Mora', 'No matriculado', 78),
(640, '0467571Q', 'Beltrán', 'Lozano', 'Matriculado', 91),
(641, '2710819Y', 'Pancracio', 'Garrido', 'No matriculado', 180),
(642, '4612915V', 'Mario', 'Domínguez', 'No matriculado', 210),
(643, '6878061W', 'Elisa', 'Gil', 'Matriculado', 322),
(644, '2366438E', 'Celso', 'Morales', 'Matriculado', 149),
(645, '9095779N', 'Eliseo', 'Muñoz', 'Matriculado', 103),
(646, '4561140J', 'Rosendo', 'Castillo', 'Matriculado', 46),
(647, '6601825H', 'Pascual', 'Durán', 'No matriculado', 317),
(648, '6079631S', 'Marta', 'Blesa', 'No matriculado', 67),
(649, '4311248V', 'Justino', 'Giménez', 'Matriculado', 48),
(650, '7374787K', 'Honorio', 'Prieto', 'No matriculado', 344),
(651, '4124079B', 'Velerio', 'Marín', 'No matriculado', 160),
(652, '2066731T', 'Patricia', 'Herrera', 'Matriculado', 76),
(653, '4148936W', 'Martín', 'Navarro', 'No matriculado', 39),
(654, '4478367U', 'Rubén', 'Castro', 'No matriculado', 248),
(655, '4049262I', 'Venancio', 'Esteban', 'No matriculado', 309),
(656, '9245175F', 'Juvenal', 'Gómez', 'Matriculado', 27),
(657, '8819069B', 'Amelia', 'Sanz', 'No matriculado', 280),
(658, '8495485K', 'Patricio', 'Bravo', 'No matriculado', 78),
(659, '1577854F', 'Mateo', 'Cortés', 'No matriculado', 287),
(660, '0597010P', 'César', 'Vicente', 'No matriculado', 260),
(661, '3848049B', 'Paula', 'Caballero', 'No matriculado', 103),
(662, '5482767T', 'Rufo', 'Ramírez', 'Matriculado', 20),
(663, '8885131W', 'Hugo', 'Nieto', 'No matriculado', 294),
(664, '7064787Z', 'Verónica', 'Crespo', 'No matriculado', 277),
(665, '6165826Z', 'Ladislao', 'Fernández', 'Matriculado', 63),
(666, '2502575P', 'Humberto', 'Cabrera', 'No matriculado', 328),
(667, '6801408C', 'Laura', 'Cruz', 'Matriculado', 334),
(668, '3585260U', 'Ifigenia', 'Calvo', 'No matriculado', 84),
(669, '3775011D', 'Elvira', 'Serrano', 'Matriculado', 105),
(670, '6860512Y', 'Laureano', 'González', 'Matriculado', 54),
(671, '6701236A', 'Ruperto', 'Vidal', 'No matriculado', 248),
(672, '4091099Z', 'Matías', 'Ramos', 'No matriculado', 141),
(673, '9982011C', 'Vicenta', 'Aguilar', 'Matriculado', 282),
(674, '2241070K', 'Pedro', 'Núñez', 'Matriculado', 156),
(675, '2830317Z', 'Cesáreo', 'Ferrer', 'Matriculado', 302),
(676, '2057855I', 'Benedicto', 'Soler', 'Matriculado', 56),
(677, '4103486V', 'Emilia', 'Márquez', 'Matriculado', 52),
(678, '7856192A', 'Cipriano', 'Guerrero', 'Matriculado', 42),
(679, '6014064B', 'Ignacio', 'Cambil', 'No matriculado', 172),
(680, '1567068W', 'Salomé', 'Flores', 'Matriculado', 183),
(681, '2244728Q', 'Lázaro', 'Rey', 'No matriculado', 41),
(682, '4833388G', 'Amparo', 'Ortega', 'Matriculado', 1),
(683, '2249924B', 'Vicente', 'Reyes', 'No matriculado', 141),
(684, '3568457R', 'Ildefonso', 'Herrero', 'No matriculado', 230),
(685, '5724877S', 'Leandro', 'Martín', 'Matriculado', 255),
(686, '9273429P', 'Salomón', 'Gutiérrez', 'No matriculado', 40),
(687, '9374970G', 'Benigno', 'Hidalgo', 'No matriculado', 219),
(688, '6746156A', 'Ana', 'Fuentes', 'Matriculado', 295),
(689, '1579065W', 'Inés', 'Martínez', 'No matriculado', 265),
(690, '9977298Y', 'Benito', 'Ortiz', 'Matriculado', 228),
(691, '1360300O', 'Ananías', 'Rodríguez', 'No matriculado', 175),
(692, '0871089V', 'Fátima', 'Alonso', 'Matriculado', 194),
(693, '5479941P', 'Matilde', 'Parra', 'Matriculado', 334),
(694, '6399714L', 'Emiliano', 'Campos', 'No matriculado', 305),
(695, '9051213D', 'Inmaculada', 'Ibáñez', 'Matriculado', 286),
(696, '8535203R', 'Petronila', 'Román', 'No matriculado', 348),
(697, '9966560F', 'Cirilo', 'Rubio', 'Matriculado', 197),
(698, '7239863E', 'Mauricio', 'Álvarez', 'No matriculado', 109),
(699, '6314672B', 'Pilar', 'Medina', 'No matriculado', 188),
(700, '0688380U', 'Víctor', 'Pascual', 'Matriculado', 352),
(701, '5899358D', 'Emilio', 'Hernández', 'No matriculado', 74),
(702, '6071305O', 'Salvador', 'Iglesias', 'No matriculado', 92),
(703, '4141368L', 'Maximiliano', 'Soto', 'Matriculado', 273),
(704, '5800262C', 'Victoria', 'Gallardo', 'No matriculado', 115),
(705, '8977735L', 'Cirino', 'Romero', 'Matriculado', 147),
(706, '1683540Q', 'Encarnación', 'Cano', 'No matriculado', 309),
(707, '0044156X', 'Benjamín', 'Ruiz', 'Matriculado', 210),
(708, '5832558E', 'Salvio', 'Pastor', 'No matriculado', 110),
(709, '6317741R', 'Faustino', 'Suárez', 'No matriculado', 44),
(710, '6247074B', 'Anastasia', 'Sáez', 'Matriculado', 22),
(711, '9549847D', 'Victorino', 'Torres', 'Matriculado', 133),
(712, '0653602E', 'Samuel', 'Méndez', 'No matriculado', 346),
(713, '3893757J', 'Bernabé', 'Sánchez', 'Matriculado', 111),
(714, '3443896G', 'Ciro', 'Jiménez', 'Matriculado', 272),
(715, '3195693M', 'Anatolio', 'Molina', 'No matriculado', 181),
(716, '3047029C', 'Inocencio', 'León', 'No matriculado', 304),
(717, '3320835W', 'Fausto', 'Montero', 'No matriculado', 18),
(718, '7597194A', 'Bernarda', 'Vargas', 'No matriculado', 123),
(719, '0142931M', 'Irene', 'Santana', 'No matriculado', 359),
(720, '2372368L', 'Andrea', 'Vázquez', 'No matriculado', 268);

--
-- Inserting data into table aplicaciones
--
INSERT INTO aplicaciones(id_aplicacion, aplicacion, id_portatil) VALUES
(1, 'Git', 66),
(2, 'WinRAR', 32),
(3, 'Word', 35),
(4, 'WinRAR', 26),
(5, 'Figma', 44),
(6, 'Illustrator', 83),
(7, 'Edge', 63),
(8, 'Excel', 67),
(9, 'VLC', 64),
(10, 'Figma', 38),
(11, 'Word', 29),
(12, 'Photoshop', 36),
(13, 'Acrobat reader', 49),
(14, 'Photoshop', 30),
(15, 'Notepad++', 37),
(16, 'Figma', 68),
(17, 'Notepad++', 31),
(18, 'Google Chrome', 56),
(19, 'Google Chrome', 50),
(20, 'Word', 65),
(21, 'Edge', 45),
(22, 'Edge', 39),
(23, 'Edge', 69),
(24, 'Visual Studio Code', 33),
(25, 'VLC', 46),
(26, 'VirtualBox', 38),
(27, 'VirtualBox', 32),
(28, 'VLC', 40),
(29, 'Git', 57),
(30, 'Git', 51),
(31, 'Audacity', 39),
(32, 'Photoshop', 66),
(33, 'Visual Studio Code', 27),
(34, 'Excel', 58),
(35, 'Excel', 52),
(36, 'Word', 47),
(37, 'Figma', 59),
(38, 'Audacity', 33),
(39, 'WinRAR', 40),
(40, 'Illustrator', 34),
(41, 'VLC', 70),
(42, 'Notepad++', 67),
(43, 'Figma', 53),
(44, 'Edge', 60),
(45, 'Illustrator', 28),
(46, 'Word', 41),
(47, 'Word', 71),
(48, 'VirtualBox', 68),
(49, 'Photoshop', 72),
(50, 'Edge', 54),
(51, 'Audacity', 69),
(52, 'Photoshop', 48),
(53, 'Photoshop', 42),
(54, 'Unity', 12),
(55, 'WinRAR', 34),
(56, 'VLC', 61),
(57, 'Visual Studio Code', 41),
(58, 'Unity', 6),
(59, 'Notepad++', 73),
(60, 'VLC', 55),
(61, 'Notepad++', 49),
(62, 'dbForge', 13),
(63, 'WinRAR', 70),
(64, 'Notepad++', 43),
(65, 'VirtualBox', 74),
(66, 'dbForge', 7),
(67, 'PowerPoint', 14),
(68, 'PowerPoint', 8),
(69, 'Word', 62),
(70, 'Visual Studio Code', 71),
(71, 'Visual Studio Code', 35),
(72, 'Contasol', 15),
(73, 'Illustrator', 42),
(74, 'VirtualBox', 50),
(75, 'Audacity', 75),
(76, 'VirtualBox', 44),
(77, 'Illustrator', 72),
(78, 'Illustrator', 36),
(79, 'WinRAR', 76),
(80, 'Unity', 50),
(81, 'Unity', 20),
(82, 'Unity', 14),
(83, 'Word', 56),
(84, 'Contasol', 9),
(85, 'Photoshop', 63),
(86, 'Photoshop', 57),
(87, 'dbForge', 21),
(88, 'Visual Studio Code', 77),
(89, 'Audacity', 51),
(90, 'Dia', 16),
(91, 'dbForge', 15),
(92, 'Notepad++', 64),
(93, 'PowerPoint', 22),
(94, 'Notepad++', 58),
(95, 'Audacity', 45),
(96, 'dbForge', 51),
(97, 'Illustrator', 78),
(98, 'Dia', 10),
(99, 'VirtualBox', 65),
(100, 'Xampp', 17),
(101, 'PowerPoint', 16),
(102, 'PowerPoint', 52),
(103, 'Contasol', 23),
(104, 'Xampp', 11),
(105, 'WinRAR', 52),
(106, 'Unity', 56),
(107, 'Contasol', 17),
(108, 'Contasol', 53),
(109, 'Dia', 24),
(110, 'VirtualBox', 59),
(111, 'Audacity', 66),
(112, 'dbForge', 57),
(113, 'Gimp', 18),
(114, 'Dia', 54),
(115, 'WinRAR', 46),
(116, 'Dia', 18),
(117, 'Visual Studio Code', 53),
(118, 'PowerPoint', 58),
(119, 'Xampp', 55),
(120, 'Xampp', 25),
(121, 'Audacity', 60),
(122, 'Xampp', 19),
(123, 'WinRAR', 67),
(124, 'Visual Studio Code', 47),
(125, 'Illustrator', 54),
(126, 'Illustrator', 48),
(127, 'WinRAR', 61),
(128, 'Unity', 32),
(129, 'Gimp', 12),
(130, 'Visual Studio', 19),
(131, 'Visual Studio Code', 68),
(132, 'Contasol', 59),
(133, 'Unity', 26),
(134, 'Gimp', 56),
(135, 'Visual Studio Code', 62),
(136, 'Gimp', 26),
(137, 'Dia', 60),
(138, 'dbForge', 33),
(139, 'Illustrator', 69),
(140, 'Visual Studio', 57),
(141, 'dbForge', 27),
(142, 'PowerPoint', 34),
(143, 'PowerPoint', 28),
(144, 'Illustrator', 63),
(145, 'Gimp', 20),
(146, 'Visual Studio', 27),
(147, 'Contasol', 35),
(148, 'Contasol', 29),
(149, 'Visual Studio', 21),
(150, 'Eclipse', 28),
(151, 'Eclipse', 22),
(152, 'Visual Studio', 13),
(153, 'Acrobat reader', 29),
(154, 'Dia', 36),
(155, 'Acrobat reader', 23),
(156, 'Xampp', 61),
(157, 'Google Chrome', 30),
(158, 'Eclipse', 58),
(159, 'Dia', 30),
(160, 'Gimp', 62),
(161, 'Google Chrome', 24),
(162, 'Unity', 47),
(163, 'Acrobat reader', 59),
(164, 'Git', 31),
(165, 'Eclipse', 20),
(166, 'Visual Studio', 63),
(167, 'Xampp', 37),
(168, 'Git', 25),
(169, 'Eclipse', 14),
(170, 'Acrobat reader', 21),
(171, 'Xampp', 31),
(172, 'Google Chrome', 60),
(173, 'Excel', 32),
(174, 'Eclipse', 64),
(175, 'Unity', 41),
(176, 'Excel', 26),
(177, 'dbForge', 48),
(178, 'Git', 61),
(179, 'Acrobat reader', 15),
(180, 'Figma', 33),
(181, 'Google Chrome', 22),
(182, 'Figma', 27),
(183, 'Edge', 34),
(184, 'Acrobat reader', 65),
(185, 'dbForge', 42),
(186, 'PowerPoint', 49),
(187, 'PowerPoint', 43),
(188, 'Google Chrome', 16),
(189, 'Gimp', 38),
(190, 'Excel', 62),
(191, 'Google Chrome', 66),
(192, 'Figma', 63),
(193, 'Git', 23),
(194, 'Git', 67),
(195, 'Contasol', 50),
(196, 'Edge', 64),
(197, 'Contasol', 44),
(198, 'Edge', 28),
(199, 'Dia', 51),
(200, 'VLC', 35),
(201, 'Dia', 45),
(202, 'VLC', 29),
(203, 'Word', 36),
(204, 'Git', 17),
(205, 'Excel', 68),
(206, 'Word', 30),
(207, 'Xampp', 52),
(208, 'Photoshop', 37),
(209, 'Xampp', 46),
(210, 'Excel', 24),
(211, 'Excel', 18),
(212, 'Photoshop', 31),
(213, 'Gimp', 53),
(214, 'Figma', 25),
(215, 'Gimp', 47),
(216, 'VLC', 65),
(217, 'Notepad++', 38),
(218, 'Figma', 69),
(219, 'Visual Studio', 54),
(220, 'Notepad++', 32),
(221, 'VirtualBox', 39),
(222, 'VirtualBox', 33),
(223, 'Visual Studio', 48),
(224, 'Audacity', 40),
(225, 'Figma', 19),
(226, 'Gimp', 32),
(227, 'Word', 66),
(228, 'Visual Studio', 39),
(229, 'Audacity', 34),
(230, 'Edge', 70),
(231, 'Eclipse', 55),
(232, 'Visual Studio', 33),
(233, 'WinRAR', 41),
(234, 'Eclipse', 49),
(235, 'Eclipse', 40),
(236, 'Acrobat reader', 56),
(237, 'Edge', 26),
(238, 'Edge', 20),
(239, 'VLC', 27),
(240, 'WinRAR', 35),
(241, 'Photoshop', 67),
(242, 'Visual Studio Code', 42),
(243, 'Visual Studio Code', 36),
(244, 'Eclipse', 34),
(245, 'Acrobat reader', 50),
(246, 'Acrobat reader', 41),
(247, 'Illustrator', 43),
(248, 'VLC', 71),
(249, 'VLC', 21),
(250, 'Google Chrome', 57),
(251, 'Acrobat reader', 35),
(252, 'Google Chrome', 51),
(253, 'Git', 58),
(254, 'Illustrator', 37),
(255, 'Word', 28),
(256, 'Google Chrome', 42),
(257, 'Google Chrome', 36),
(258, 'Notepad++', 68),
(259, 'Word', 22),
(260, 'Unity', 21),
(261, 'Git', 43),
(262, 'Unity', 15),
(263, 'Photoshop', 29),
(264, 'Git', 52),
(265, 'Git', 37),
(266, 'Excel', 59),
(267, 'Photoshop', 23),
(268, 'Word', 72),
(269, 'Excel', 44),
(270, 'VirtualBox', 69),
(271, 'Photoshop', 73),
(272, 'dbForge', 22),
(273, 'Audacity', 70),
(274, 'dbForge', 16),
(275, 'Excel', 38),
(276, 'Notepad++', 74),
(277, 'Notepad++', 30),
(278, 'PowerPoint', 23),
(279, 'Excel', 53),
(280, 'Figma', 60),
(281, 'Notepad++', 24),
(282, 'VirtualBox', 31),
(283, 'PowerPoint', 17),
(284, 'Figma', 45),
(285, 'Figma', 39),
(286, 'WinRAR', 71),
(287, 'VirtualBox', 75),
(288, 'VirtualBox', 25),
(289, 'Figma', 54),
(290, 'Audacity', 32),
(291, 'Contasol', 24),
(292, 'Contasol', 18),
(293, 'Audacity', 26),
(294, 'Edge', 61),
(295, 'Visual Studio Code', 72),
(296, 'Edge', 46),
(297, 'Dia', 25),
(298, 'Edge', 55),
(299, 'WinRAR', 33),
(300, 'Audacity', 76),
(301, 'Edge', 40),
(302, 'Dia', 19),
(303, 'Xampp', 26),
(304, 'WinRAR', 27),
(305, 'Illustrator', 73),
(306, 'Visual Studio Code', 34),
(307, 'WinRAR', 77),
(308, 'Xampp', 20),
(309, 'VLC', 62),
(310, 'Visual Studio Code', 28),
(311, 'VLC', 47),
(312, 'Gimp', 27),
(313, 'Illustrator', 35),
(314, 'Gimp', 21),
(315, 'Visual Studio', 28),
(316, 'VLC', 41),
(317, 'Unity', 51),
(318, 'Word', 48),
(319, 'Illustrator', 29),
(320, 'Word', 42),
(321, 'Visual Studio Code', 78),
(322, 'dbForge', 52),
(323, 'Visual Studio', 22),
(324, 'Photoshop', 49),
(325, 'VLC', 56),
(326, 'Word', 63),
(327, 'Unity', 13),
(328, 'Eclipse', 29),
(329, 'Photoshop', 43),
(330, 'Illustrator', 79),
(331, 'Word', 57),
(332, 'Eclipse', 23),
(333, 'Acrobat reader', 30),
(334, 'PowerPoint', 53),
(335, 'Unity', 7),
(336, 'Unity', 57),
(337, 'Photoshop', 64),
(338, 'Acrobat reader', 24),
(339, 'Notepad++', 50),
(340, 'Google Chrome', 31),
(341, 'Unity', 1),
(342, 'Notepad++', 44),
(343, 'Google Chrome', 25),
(344, 'Photoshop', 58),
(345, 'Notepad++', 65),
(346, 'Contasol', 54),
(347, 'dbForge', 8),
(348, 'Notepad++', 59),
(349, 'VirtualBox', 51),
(350, 'VirtualBox', 45),
(351, 'VirtualBox', 66),
(352, 'VirtualBox', 60),
(353, 'Audacity', 52),
(354, 'Audacity', 46),
(355, 'dbForge', 2),
(356, 'WinRAR', 53),
(357, 'PowerPoint', 9),
(358, 'dbForge', 58),
(359, 'Git', 32),
(360, 'Git', 26),
(361, 'Dia', 55),
(362, 'Audacity', 67),
(363, 'PowerPoint', 59),
(364, 'Xampp', 56),
(365, 'Excel', 33),
(366, 'PowerPoint', 3),
(367, 'Contasol', 10),
(368, 'Excel', 27),
(369, 'Figma', 34),
(370, 'WinRAR', 47),
(371, 'Audacity', 61),
(372, 'WinRAR', 68),
(373, 'Contasol', 4),
(374, 'Contasol', 60),
(375, 'Visual Studio Code', 54),
(376, 'Figma', 28),
(377, 'WinRAR', 62),
(378, 'Visual Studio Code', 69),
(379, 'Visual Studio Code', 63),
(380, 'Illustrator', 70),
(381, 'Visual Studio Code', 48),
(382, 'Illustrator', 55),
(383, 'Illustrator', 64),
(384, 'Gimp', 57),
(385, 'Edge', 35),
(386, 'Dia', 61),
(387, 'Visual Studio', 58),
(388, 'Unity', 48),
(389, 'Unity', 42),
(390, 'dbForge', 49),
(391, 'dbForge', 43),
(392, 'Xampp', 62),
(393, 'Eclipse', 59),
(394, 'Edge', 29),
(395, 'Illustrator', 49),
(396, 'Unity', 33),
(397, 'Unity', 27),
(398, 'dbForge', 34),
(399, 'VLC', 36),
(400, 'PowerPoint', 50),
(401, 'Gimp', 63),
(402, 'Acrobat reader', 60),
(403, 'dbForge', 28),
(404, 'Dia', 11),
(405, 'PowerPoint', 44),
(406, 'Dia', 5),
(407, 'Contasol', 51),
(408, 'Contasol', 45),
(409, 'Xampp', 12),
(410, 'Dia', 52),
(411, 'Visual Studio', 64),
(412, 'PowerPoint', 35),
(413, 'Xampp', 6),
(414, 'PowerPoint', 29),
(415, 'Google Chrome', 61),
(416, 'Contasol', 36),
(417, 'Eclipse', 65),
(418, 'Git', 62),
(419, 'Dia', 46),
(420, 'Contasol', 30),
(421, 'Gimp', 13),
(422, 'VLC', 30),
(423, 'Dia', 37),
(424, 'Xampp', 53),
(425, 'Xampp', 47),
(426, 'Acrobat reader', 66),
(427, 'Gimp', 54),
(428, 'Gimp', 48),
(429, 'Word', 37),
(430, 'Excel', 63),
(431, 'Google Chrome', 67),
(432, 'Gimp', 7),
(433, 'Word', 31),
(434, 'Visual Studio', 14),
(435, 'Figma', 64),
(436, 'Visual Studio', 55),
(437, 'Visual Studio', 8),
(438, 'Visual Studio', 49),
(439, 'Photoshop', 38),
(440, 'Eclipse', 15),
(441, 'Photoshop', 32),
(442, 'Notepad++', 39),
(443, 'Eclipse', 56),
(444, 'Eclipse', 9),
(445, 'Eclipse', 50),
(446, 'Notepad++', 33),
(447, 'Acrobat reader', 57),
(448, 'VirtualBox', 40),
(449, 'Dia', 31),
(450, 'Git', 68),
(451, 'Acrobat reader', 51),
(452, 'Google Chrome', 58),
(453, 'Edge', 65),
(454, 'Excel', 69),
(455, 'Xampp', 38),
(456, 'Xampp', 32),
(457, 'VirtualBox', 34),
(458, 'VLC', 66),
(459, 'Gimp', 39),
(460, 'Figma', 70),
(461, 'Gimp', 33),
(462, 'Word', 67),
(463, 'Audacity', 41),
(464, 'Acrobat reader', 16),
(465, 'Edge', 71),
(466, 'Google Chrome', 52),
(467, 'Acrobat reader', 10),
(468, 'Google Chrome', 17),
(469, 'Git', 59),
(470, 'Google Chrome', 11),
(471, 'Visual Studio', 40),
(472, 'Git', 18),
(473, 'Git', 53),
(474, 'Visual Studio', 34),
(475, 'Audacity', 35),
(476, 'Excel', 60),
(477, 'Excel', 54),
(478, 'Eclipse', 41),
(479, 'Photoshop', 68),
(480, 'WinRAR', 42),
(481, 'Git', 12),
(482, 'WinRAR', 36),
(483, 'Visual Studio Code', 43),
(484, 'Eclipse', 35),
(485, 'Visual Studio Code', 37),
(486, 'Illustrator', 44),
(487, 'Illustrator', 38),
(488, 'Acrobat reader', 42),
(489, 'Acrobat reader', 36),
(490, 'Unity', 22),
(491, 'Unity', 16),
(492, 'Excel', 19),
(493, 'dbForge', 23),
(494, 'dbForge', 17),
(495, 'Figma', 61),
(496, 'PowerPoint', 24),
(497, 'Excel', 13),
(498, 'Google Chrome', 43),
(499, 'PowerPoint', 18),
(500, 'VLC', 72),
(501, 'Contasol', 25),
(502, 'Figma', 55),
(503, 'Edge', 62),
(504, 'Contasol', 19),
(505, 'Google Chrome', 37),
(506, 'Git', 44),
(507, 'Notepad++', 69),
(508, 'Dia', 26),
(509, 'Git', 38),
(510, 'Word', 73),
(511, 'VirtualBox', 70),
(512, 'Photoshop', 74),
(513, 'Audacity', 71),
(514, 'Figma', 20),
(515, 'Notepad++', 75),
(516, 'Figma', 14),
(517, 'Edge', 56),
(518, 'WinRAR', 72),
(519, 'VLC', 63),
(520, 'Excel', 45),
(521, 'Excel', 39),
(522, 'Figma', 46),
(523, 'VLC', 57),
(524, 'Dia', 20),
(525, 'Word', 64),
(526, 'Xampp', 27),
(527, 'VirtualBox', 76),
(528, 'Figma', 40),
(529, 'Visual Studio Code', 73),
(530, 'Edge', 21),
(531, 'Word', 58),
(532, 'Edge', 15),
(533, 'VLC', 22),
(534, 'Audacity', 77),
(535, 'Illustrator', 74),
(536, 'Edge', 47),
(537, 'Edge', 41),
(538, 'VLC', 16),
(539, 'WinRAR', 78),
(540, 'Unity', 52),
(541, 'Xampp', 21),
(542, 'Word', 23),
(543, 'Visual Studio Code', 79),
(544, 'Photoshop', 65),
(545, 'Gimp', 28),
(546, 'VLC', 48),
(547, 'Gimp', 22),
(548, 'Word', 17),
(549, 'VLC', 42),
(550, 'Word', 49),
(551, 'Photoshop', 59),
(552, 'Visual Studio', 29),
(553, 'dbForge', 53),
(554, 'Notepad++', 66),
(555, 'Word', 43),
(556, 'Illustrator', 80),
(557, 'Photoshop', 24),
(558, 'Visual Studio', 23),
(559, 'Photoshop', 50),
(560, 'Photoshop', 18),
(561, 'Notepad++', 60),
(562, 'Photoshop', 44),
(563, 'Notepad++', 51),
(564, 'Notepad++', 45),
(565, 'Eclipse', 30),
(566, 'PowerPoint', 54),
(567, 'VirtualBox', 67),
(568, 'Unity', 58),
(569, 'Eclipse', 24),
(570, 'Acrobat reader', 31),
(571, 'VirtualBox', 61),
(572, 'VirtualBox', 52),
(573, 'Contasol', 55),
(574, 'dbForge', 59),
(575, 'Acrobat reader', 25),
(576, 'Google Chrome', 32),
(577, 'VirtualBox', 46),
(578, 'Dia', 56),
(579, 'Notepad++', 25),
(580, 'Google Chrome', 26),
(581, 'Notepad++', 19),
(582, 'Audacity', 68),
(583, 'PowerPoint', 60),
(584, 'Git', 33),
(585, 'Git', 27),
(586, 'Excel', 34),
(587, 'Excel', 28),
(588, 'Audacity', 53),
(589, 'Audacity', 47),
(590, 'Xampp', 57),
(591, 'WinRAR', 54),
(592, 'VirtualBox', 26),
(593, 'Audacity', 62),
(594, 'Contasol', 61),
(595, 'VirtualBox', 20),
(596, 'Gimp', 58),
(597, 'WinRAR', 48),
(598, 'Visual Studio Code', 55),
(599, 'Figma', 35),
(600, 'Figma', 29),
(601, 'Dia', 62),
(602, 'Edge', 36),
(603, 'Visual Studio', 59),
(604, 'Audacity', 27),
(605, 'Xampp', 63),
(606, 'Audacity', 21),
(607, 'Visual Studio Code', 49),
(608, 'Eclipse', 60),
(609, 'Edge', 30),
(610, 'WinRAR', 28),
(611, 'Illustrator', 56),
(612, 'WinRAR', 22),
(613, 'VLC', 37),
(614, 'VLC', 31),
(615, 'Visual Studio Code', 29),
(616, 'Visual Studio Code', 23),
(617, 'Illustrator', 50),
(618, 'Word', 38),
(619, 'Illustrator', 30),
(620, 'Gimp', 64),
(621, 'WinRAR', 69),
(622, 'Word', 32),
(623, 'Unity', 34),
(624, 'Photoshop', 39),
(625, 'WinRAR', 63),
(626, 'Unity', 28),
(627, 'Acrobat reader', 61),
(628, 'Visual Studio', 65),
(629, 'Visual Studio Code', 70),
(630, 'dbForge', 35),
(631, 'Google Chrome', 62),
(632, 'Illustrator', 24),
(633, 'dbForge', 29),
(634, 'Visual Studio Code', 64),
(635, 'PowerPoint', 36),
(636, 'Illustrator', 71),
(637, 'Eclipse', 66),
(638, 'Git', 63),
(639, 'Photoshop', 33),
(640, 'Notepad++', 40),
(641, 'Acrobat reader', 67),
(642, 'Notepad++', 34),
(643, 'Unity', 8),
(644, 'VirtualBox', 41),
(645, 'PowerPoint', 30),
(646, 'Contasol', 37),
(647, 'Excel', 64),
(648, 'VirtualBox', 35),
(649, 'Illustrator', 65),
(650, 'Unity', 2),
(651, 'Audacity', 42),
(652, 'Audacity', 36),
(653, 'WinRAR', 43),
(654, 'Contasol', 31),
(655, 'Unity', 49),
(656, 'Dia', 38),
(657, 'Unity', 43),
(658, 'Dia', 32),
(659, 'WinRAR', 37),
(660, 'Xampp', 39),
(661, 'dbForge', 9),
(662, 'Xampp', 33),
(663, 'dbForge', 3),
(664, 'Google Chrome', 68),
(665, 'Visual Studio Code', 44),
(666, 'Gimp', 40),
(667, 'Gimp', 34),
(668, 'dbForge', 50),
(669, 'dbForge', 44),
(670, 'Visual Studio Code', 38),
(671, 'Illustrator', 45),
(672, 'PowerPoint', 51),
(673, 'Figma', 65),
(674, 'Git', 69),
(675, 'PowerPoint', 10),
(676, 'Visual Studio', 41),
(677, 'PowerPoint', 4),
(678, 'Illustrator', 39),
(679, 'Edge', 66),
(680, 'Unity', 23),
(681, 'PowerPoint', 45),
(682, 'Visual Studio', 35),
(683, 'Contasol', 11),
(684, 'Contasol', 52),
(685, 'Contasol', 5),
(686, 'Eclipse', 42),
(687, 'Excel', 70),
(688, 'Dia', 12),
(689, 'Dia', 6),
(690, 'VLC', 67),
(691, 'Xampp', 13),
(692, 'Unity', 17),
(693, 'Eclipse', 36),
(694, 'Contasol', 46),
(695, 'Xampp', 7),
(696, 'dbForge', 24),
(697, 'dbForge', 18),
(698, 'Gimp', 14),
(699, 'Figma', 71),
(700, 'Gimp', 8),
(701, 'Visual Studio', 15),
(702, 'Visual Studio', 9),
(703, 'Acrobat reader', 43),
(704, 'Acrobat reader', 37),
(705, 'Word', 68),
(706, 'Contasol', 40),
(707, 'PowerPoint', 25),
(708, 'PowerPoint', 19),
(709, 'Contasol', 26),
(710, 'Eclipse', 16),
(711, 'Contasol', 20),
(712, 'Google Chrome', 44),
(713, 'Google Chrome', 38),
(714, 'Eclipse', 10),
(715, 'Edge', 72),
(716, 'Dia', 47),
(717, 'Dia', 27),
(718, 'Dia', 21),
(719, 'Dia', 41),
(720, 'Photoshop', 69),
(721, 'Xampp', 48),
(722, 'Xampp', 28),
(723, 'Xampp', 42),
(724, 'VLC', 73),
(725, 'Xampp', 22),
(726, 'Notepad++', 70),
(727, 'Acrobat reader', 17),
(728, 'Gimp', 29),
(729, 'Gimp', 49),
(730, 'Word', 74),
(731, 'Acrobat reader', 11),
(732, 'Google Chrome', 18),
(733, 'Gimp', 23),
(734, 'VirtualBox', 71),
(735, 'Visual Studio', 30),
(736, 'Git', 45),
(737, 'Photoshop', 75),
(738, 'Gimp', 43),
(739, 'Audacity', 72),
(740, 'Git', 39),
(741, 'Google Chrome', 12),
(742, 'Excel', 46),
(743, 'Notepad++', 76),
(744, 'WinRAR', 73),
(745, 'Excel', 40),
(746, 'Figma', 47),
(747, 'VirtualBox', 77),
(748, 'Figma', 41),
(749, 'Visual Studio Code', 74),
(750, 'Edge', 48),
(751, 'Audacity', 78),
(752, 'Illustrator', 75),
(753, 'Edge', 42),
(754, 'Git', 19),
(755, 'VLC', 49),
(756, 'Visual Studio', 50),
(757, 'VLC', 43),
(758, 'Visual Studio', 44),
(759, 'Visual Studio', 24),
(760, 'WinRAR', 79),
(761, 'Word', 50),
(762, 'Git', 13),
(763, 'Word', 44),
(764, 'Photoshop', 51),
(765, 'Excel', 20),
(766, 'Eclipse', 31),
(767, 'Eclipse', 25),
(768, 'Eclipse', 51),
(769, 'Unity', 53),
(770, 'Photoshop', 45),
(771, 'Eclipse', 45),
(772, 'Acrobat reader', 52),
(773, 'Notepad++', 52),
(774, 'Acrobat reader', 32),
(775, 'Acrobat reader', 46),
(776, 'Excel', 14),
(777, 'Notepad++', 46),
(778, 'Google Chrome', 53),
(779, 'VirtualBox', 53),
(780, 'Google Chrome', 47),
(781, 'Figma', 21),
(782, 'Git', 54),
(783, 'Acrobat reader', 26),
(784, 'Google Chrome', 33),
(785, 'Visual Studio Code', 80),
(786, 'Google Chrome', 27),
(787, 'VirtualBox', 47),
(788, 'Figma', 15),
(789, 'Audacity', 54),
(790, 'Audacity', 48),
(791, 'dbForge', 54),
(792, 'Git', 34),
(793, 'Git', 28),
(794, 'Illustrator', 81),
(795, 'PowerPoint', 55),
(796, 'Unity', 59),
(797, 'Contasol', 56),
(798, 'Excel', 35),
(799, 'Git', 48),
(800, 'Edge', 22),
(801, 'Excel', 29),
(802, 'Figma', 36),
(803, 'Excel', 55),
(804, 'Figma', 30),
(805, 'Excel', 49),
(806, 'Edge', 37),
(807, 'Edge', 31),
(808, 'VLC', 38),
(809, 'VLC', 32),
(810, 'Word', 39),
(811, 'Word', 33),
(812, 'Figma', 56),
(813, 'Photoshop', 40),
(814, 'WinRAR', 55),
(815, 'dbForge', 60),
(816, 'Dia', 57),
(817, 'PowerPoint', 61),
(818, 'Photoshop', 34),
(819, 'WinRAR', 49),
(820, 'Xampp', 58),
(821, 'Contasol', 62),
(822, 'Edge', 16),
(823, 'VLC', 23),
(824, 'Notepad++', 41),
(825, 'Visual Studio Code', 56),
(826, 'Visual Studio Code', 50),
(827, 'Notepad++', 35),
(828, 'Figma', 50),
(829, 'VirtualBox', 42),
(830, 'Gimp', 59),
(831, 'VLC', 17),
(832, 'Word', 24),
(833, 'Dia', 63),
(834, 'VirtualBox', 36),
(835, 'Illustrator', 57),
(836, 'Visual Studio', 60),
(837, 'Xampp', 64),
(838, 'Word', 18),
(839, 'Edge', 57),
(840, 'Edge', 51),
(841, 'Eclipse', 61),
(842, 'Audacity', 43),
(843, 'Gimp', 65),
(844, 'Audacity', 37),
(845, 'WinRAR', 44),
(846, 'WinRAR', 38),
(847, 'Photoshop', 25),
(848, 'Acrobat reader', 62),
(849, 'Visual Studio', 66),
(850, 'Photoshop', 19),
(851, 'Notepad++', 26),
(852, 'VLC', 58),
(853, 'VLC', 52),
(854, 'Google Chrome', 63),
(855, 'Visual Studio Code', 45),
(856, 'Notepad++', 20),
(857, 'VirtualBox', 27),
(858, 'Visual Studio Code', 39),
(859, 'Eclipse', 67),
(860, 'Illustrator', 46),
(861, 'Git', 64),
(862, 'Word', 59),
(863, 'Acrobat reader', 68),
(864, 'Illustrator', 40),
(865, 'VirtualBox', 21),
(866, 'Audacity', 28),
(867, 'Word', 53),
(868, 'Excel', 65),
(869, 'Audacity', 22),
(870, 'WinRAR', 29),
(871, 'Google Chrome', 69),
(872, 'Photoshop', 60),
(873, 'Photoshop', 54),
(874, 'Figma', 66),
(875, 'Git', 70),
(876, 'Illustrator', 51),
(877, 'Unity', 24),
(878, 'Edge', 67),
(879, 'WinRAR', 23),
(880, 'Unity', 18),
(881, 'Unity', 35),
(882, 'Unity', 29),
(883, 'Notepad++', 61),
(884, 'dbForge', 25),
(885, 'Excel', 71),
(886, 'dbForge', 36),
(887, 'dbForge', 19),
(888, 'Visual Studio Code', 30),
(889, 'Visual Studio Code', 24),
(890, 'dbForge', 30),
(891, 'Notepad++', 55),
(892, 'VirtualBox', 62),
(893, 'PowerPoint', 26),
(894, 'PowerPoint', 20),
(895, 'VirtualBox', 56),
(896, 'Contasol', 27),
(897, 'PowerPoint', 37),
(898, 'PowerPoint', 31),
(899, 'Illustrator', 31),
(900, 'Illustrator', 25),
(901, 'Contasol', 38),
(902, 'Unity', 9),
(903, 'Audacity', 63),
(904, 'VLC', 68),
(905, 'Unity', 3),
(906, 'Contasol', 21),
(907, 'dbForge', 10),
(908, 'Figma', 72),
(909, 'dbForge', 4),
(910, 'Word', 69),
(911, 'Audacity', 57),
(912, 'Dia', 28),
(913, 'Dia', 22),
(914, 'Contasol', 32),
(915, 'Edge', 73),
(916, 'Dia', 39),
(917, 'Photoshop', 70),
(918, 'WinRAR', 64),
(919, 'Dia', 33),
(920, 'WinRAR', 58),
(921, 'Visual Studio Code', 65),
(922, 'Visual Studio Code', 59),
(923, 'VLC', 74),
(924, 'Illustrator', 66),
(925, 'Xampp', 29),
(926, 'Xampp', 23),
(927, 'Xampp', 40),
(928, 'Gimp', 30),
(929, 'PowerPoint', 11),
(930, 'Illustrator', 60),
(931, 'PowerPoint', 5),
(932, 'Notepad++', 71),
(933, 'Unity', 44),
(934, 'Word', 75),
(935, 'VirtualBox', 72),
(936, 'Gimp', 24),
(937, 'Unity', 38),
(938, 'Photoshop', 76),
(939, 'Visual Studio', 31),
(940, 'Xampp', 34),
(941, 'Gimp', 41),
(942, 'Gimp', 35),
(943, 'Audacity', 73),
(944, 'Contasol', 12),
(945, 'dbForge', 45),
(946, 'Visual Studio', 42),
(947, 'Visual Studio', 25),
(948, 'dbForge', 39),
(949, 'Visual Studio', 36),
(950, 'Eclipse', 32),
(951, 'Eclipse', 26),
(952, 'PowerPoint', 46),
(953, 'Notepad++', 77),
(954, 'Eclipse', 43),
(955, 'Eclipse', 37),
(956, 'PowerPoint', 40),
(957, 'Acrobat reader', 33),
(958, 'Contasol', 6),
(959, 'Acrobat reader', 44),
(960, 'WinRAR', 74),
(961, 'VirtualBox', 78),
(962, 'Contasol', 47),
(963, 'Visual Studio Code', 75),
(964, 'Acrobat reader', 27),
(965, 'Audacity', 79),
(966, 'Contasol', 41),
(967, 'Acrobat reader', 38),
(968, 'Google Chrome', 34),
(969, 'Dia', 48),
(970, 'Google Chrome', 45),
(971, 'Dia', 42),
(972, 'Dia', 13),
(973, 'Google Chrome', 39),
(974, 'Illustrator', 76),
(975, 'Dia', 7),
(976, 'Google Chrome', 28),
(977, 'Xampp', 49),
(978, 'Xampp', 43),
(979, 'WinRAR', 80),
(980, 'Unity', 54),
(981, 'Visual Studio Code', 81),
(982, 'Gimp', 50),
(983, 'Gimp', 44),
(984, 'Visual Studio', 51),
(985, 'Git', 35),
(986, 'Git', 29),
(987, 'Xampp', 14),
(988, 'Excel', 36),
(989, 'Git', 46),
(990, 'Xampp', 8),
(991, 'Gimp', 15),
(992, 'Visual Studio', 45),
(993, 'Excel', 30),
(994, 'Figma', 37),
(995, 'Eclipse', 52),
(996, 'Eclipse', 46),
(997, 'Git', 40),
(998, 'Acrobat reader', 53),
(999, 'Figma', 31),
(1000, 'dbForge', 55),
(1001, 'Gimp', 9),
(1002, 'Visual Studio', 16),
(1003, 'Visual Studio', 10),
(1004, 'Eclipse', 17),
(1005, 'Acrobat reader', 47),
(1006, 'Edge', 38),
(1007, 'Edge', 32),
(1008, 'Illustrator', 82),
(1009, 'VLC', 39),
(1010, 'Eclipse', 11),
(1011, 'PowerPoint', 56),
(1012, 'Excel', 47),
(1013, 'Acrobat reader', 18),
(1014, 'Google Chrome', 54),
(1015, 'Unity', 60),
(1016, 'Acrobat reader', 12),
(1017, 'Google Chrome', 19),
(1018, 'Google Chrome', 13),
(1019, 'Contasol', 57),
(1020, 'Excel', 41),
(1021, 'Google Chrome', 48),
(1022, 'Git', 20),
(1023, 'dbForge', 61),
(1024, 'Figma', 48),
(1025, 'VLC', 33),
(1026, 'Dia', 58),
(1027, 'PowerPoint', 62),
(1028, 'Git', 14),
(1029, 'Word', 40),
(1030, 'Figma', 42),
(1031, 'Git', 55),
(1032, 'Excel', 21),
(1033, 'Word', 34),
(1034, 'Xampp', 59),
(1035, 'Git', 49),
(1036, 'Contasol', 63),
(1037, 'Edge', 49),
(1038, 'Excel', 56),
(1039, 'Excel', 15),
(1040, 'Figma', 22),
(1041, 'Gimp', 60),
(1042, 'Figma', 16),
(1043, 'Edge', 23),
(1044, 'Photoshop', 41),
(1045, 'Edge', 17),
(1046, 'Excel', 50),
(1047, 'Edge', 43),
(1048, 'VLC', 50),
(1049, 'VLC', 44),
(1050, 'Figma', 57),
(1051, 'Word', 51),
(1052, 'Word', 45),
(1053, 'Figma', 51),
(1054, 'Dia', 64),
(1055, 'Photoshop', 35),
(1056, 'Visual Studio', 61),
(1057, 'VLC', 24),
(1058, 'Edge', 58),
(1059, 'Edge', 52),
(1060, 'VLC', 59),
(1061, 'Photoshop', 52),
(1062, 'Notepad++', 42),
(1063, 'VLC', 53),
(1064, 'Word', 60),
(1065, 'Photoshop', 46),
(1066, 'Xampp', 65),
(1067, 'VLC', 18),
(1068, 'Notepad++', 36),
(1069, 'Eclipse', 62),
(1070, 'Word', 25),
(1071, 'Notepad++', 53),
(1072, 'Notepad++', 47),
(1073, 'Gimp', 66),
(1074, 'Acrobat reader', 63),
(1075, 'VirtualBox', 54),
(1076, 'VirtualBox', 48),
(1077, 'Word', 19),
(1078, 'Word', 54),
(1079, 'VirtualBox', 43),
(1080, 'Photoshop', 61),
(1081, 'Audacity', 55),
(1082, 'VirtualBox', 37),
(1083, 'Photoshop', 55),
(1084, 'Audacity', 49),
(1085, 'Visual Studio', 67),
(1086, 'Audacity', 44),
(1087, 'Audacity', 38),
(1088, 'WinRAR', 56),
(1089, 'Notepad++', 62),
(1090, 'Google Chrome', 64),
(1091, 'Eclipse', 68),
(1092, 'Git', 65),
(1093, 'Acrobat reader', 69),
(1094, 'WinRAR', 50),
(1095, 'Notepad++', 56),
(1096, 'VirtualBox', 63),
(1097, 'Visual Studio Code', 57),
(1098, 'WinRAR', 45),
(1099, 'Excel', 66),
(1100, 'WinRAR', 39),
(1101, 'Visual Studio Code', 51),
(1102, 'Visual Studio Code', 46),
(1103, 'Illustrator', 58),
(1104, 'Visual Studio Code', 40),
(1105, 'Photoshop', 26),
(1106, 'Photoshop', 20),
(1107, 'Illustrator', 52),
(1108, 'Google Chrome', 70),
(1109, 'Illustrator', 47),
(1110, 'VirtualBox', 57),
(1111, 'Audacity', 64),
(1112, 'Illustrator', 41),
(1113, 'Unity', 25),
(1114, 'Figma', 67),
(1115, 'Unity', 19),
(1116, 'Notepad++', 27),
(1117, 'Audacity', 58),
(1118, 'Notepad++', 21),
(1119, 'Git', 71),
(1120, 'VirtualBox', 28),
(1121, 'Unity', 36),
(1122, 'Unity', 30),
(1123, 'WinRAR', 65),
(1124, 'VirtualBox', 22),
(1125, 'dbForge', 26),
(1126, 'WinRAR', 59),
(1127, 'dbForge', 37),
(1128, 'dbForge', 31),
(1129, 'Audacity', 29),
(1130, 'Edge', 68),
(1131, 'Audacity', 23),
(1132, 'Excel', 72),
(1133, 'VLC', 69),
(1134, 'WinRAR', 30),
(1135, 'WinRAR', 24),
(1136, 'Visual Studio Code', 31),
(1137, 'Figma', 73),
(1138, 'dbForge', 20),
(1139, 'PowerPoint', 38),
(1140, 'Visual Studio Code', 66),
(1141, 'Word', 70),
(1142, 'PowerPoint', 32),
(1143, 'dbForge', 14),
(1144, 'Edge', 74),
(1145, 'Visual Studio Code', 25),
(1146, 'Contasol', 39),
(1147, 'Contasol', 33),
(1148, 'Photoshop', 71),
(1149, 'Illustrator', 32),
(1150, 'Dia', 40),
(1151, 'Illustrator', 26),
(1152, 'PowerPoint', 21),
(1153, 'PowerPoint', 15),
(1154, 'Visual Studio Code', 60),
(1155, 'Illustrator', 67),
(1156, 'Unity', 10),
(1157, 'Illustrator', 61),
(1158, 'Contasol', 22),
(1159, 'Unity', 4),
(1160, 'Dia', 34),
(1161, 'Xampp', 41),
(1162, 'VLC', 75),
(1163, 'Unity', 45),
(1164, 'Xampp', 35),
(1165, 'Gimp', 42),
(1166, 'Notepad++', 72),
(1167, 'Gimp', 36),
(1168, 'Contasol', 16),
(1169, 'Unity', 39),
(1170, 'dbForge', 11),
(1171, 'Dia', 23),
(1172, 'Visual Studio', 43),
(1173, 'dbForge', 46),
(1174, 'dbForge', 5),
(1175, 'Dia', 17),
(1176, 'PowerPoint', 12),
(1177, 'Xampp', 24),
(1178, 'dbForge', 40),
(1179, 'Word', 76),
(1180, 'PowerPoint', 47),
(1181, 'PowerPoint', 6),
(1182, 'Visual Studio', 37),
(1183, 'Xampp', 18),
(1184, 'PowerPoint', 41),
(1185, 'Contasol', 48),
(1186, 'VirtualBox', 73),
(1187, 'Eclipse', 44),
(1188, 'Contasol', 13),
(1189, 'Gimp', 25),
(1190, 'Contasol', 7),
(1191, 'Eclipse', 38),
(1192, 'Acrobat reader', 45),
(1193, 'Dia', 14),
(1194, 'Photoshop', 77),
(1195, 'Dia', 8),
(1196, 'Xampp', 15),
(1197, 'Contasol', 42),
(1198, 'Dia', 49),
(1199, 'Acrobat reader', 39),
(1200, 'Gimp', 19),
(1201, 'Audacity', 74),
(1202, 'Xampp', 9),
(1203, 'Visual Studio', 26),
(1204, 'Gimp', 16),
(1205, 'Visual Studio', 20),
(1206, 'Dia', 43),
(1207, 'Xampp', 50),
(1208, 'Eclipse', 27),
(1209, 'Google Chrome', 46),
(1210, 'Xampp', 44),
(1211, 'Gimp', 51),
(1212, 'Gimp', 10),
(1213, 'Google Chrome', 40),
(1214, 'Git', 47),
(1215, 'Eclipse', 21),
(1216, 'Notepad++', 78),
(1217, 'Git', 41),
(1218, 'Visual Studio', 17),
(1219, 'Gimp', 45),
(1220, 'Visual Studio', 52),
(1221, 'Acrobat reader', 28),
(1222, 'Excel', 48),
(1223, 'Visual Studio', 11),
(1224, 'Excel', 42),
(1225, 'Figma', 49),
(1226, 'Visual Studio', 46),
(1227, 'Acrobat reader', 22),
(1228, 'Eclipse', 53),
(1229, 'WinRAR', 75),
(1230, 'Google Chrome', 29),
(1231, 'Google Chrome', 23),
(1232, 'Figma', 43),
(1233, 'Eclipse', 18),
(1234, 'Edge', 50),
(1235, 'Eclipse', 47),
(1236, 'Eclipse', 12),
(1237, 'Git', 30),
(1238, 'Git', 24),
(1239, 'Excel', 31),
(1240, 'Acrobat reader', 19),
(1241, 'Excel', 25),
(1242, 'Figma', 32),
(1243, 'Edge', 44),
(1244, 'VLC', 51),
(1245, 'VLC', 45),
(1246, 'Word', 52),
(1247, 'VirtualBox', 79),
(1248, 'Acrobat reader', 54),
(1249, 'Acrobat reader', 48),
(1250, 'Figma', 26),
(1251, 'Word', 46),
(1252, 'Google Chrome', 55),
(1253, 'Acrobat reader', 13),
(1254, 'Visual Studio Code', 76),
(1255, 'Google Chrome', 20),
(1256, 'Photoshop', 53),
(1257, 'Audacity', 80),
(1258, 'Google Chrome', 49),
(1259, 'Git', 56),
(1260, 'Photoshop', 47),
(1261, 'Edge', 33),
(1262, 'Illustrator', 77),
(1263, 'Edge', 27),
(1264, 'VLC', 34),
(1265, 'Notepad++', 54),
(1266, 'VLC', 28),
(1267, 'WinRAR', 81),
(1268, 'Unity', 55),
(1269, 'Git', 50),
(1270, 'Excel', 57),
(1271, 'Notepad++', 48),
(1272, 'Excel', 51),
(1273, 'Figma', 58),
(1274, 'VirtualBox', 55),
(1275, 'Visual Studio Code', 82),
(1276, 'dbForge', 56),
(1277, 'Figma', 52),
(1278, 'Google Chrome', 14),
(1279, 'Dia', 53),
(1280, 'PowerPoint', 57),
(1281, 'Edge', 59),
(1282, 'Git', 21),
(1283, 'Edge', 53),
(1284, 'VLC', 60),
(1285, 'VLC', 54),
(1286, 'VirtualBox', 49),
(1287, 'Audacity', 56),
(1288, 'Audacity', 50),
(1289, 'WinRAR', 57),
(1290, 'Git', 15),
(1291, 'Xampp', 54),
(1292, 'Word', 61),
(1293, 'Contasol', 58),
(1294, 'Gimp', 55),
(1295, 'WinRAR', 51),
(1296, 'Excel', 22),
(1297, 'Excel', 16),
(1298, 'Figma', 23),
(1299, 'Figma', 17),
(1300, 'Word', 55),
(1301, 'Dia', 59),
(1302, 'Edge', 24),
(1303, 'Visual Studio Code', 58),
(1304, 'Photoshop', 62),
(1305, 'Visual Studio Code', 52),
(1306, 'Visual Studio', 56),
(1307, 'Illustrator', 59),
(1308, 'Illustrator', 53),
(1309, 'Edge', 18),
(1310, 'Photoshop', 56),
(1311, 'Unity', 37),
(1312, 'Unity', 31),
(1313, 'Notepad++', 63),
(1314, 'Notepad++', 57),
(1315, 'VirtualBox', 64),
(1316, 'VirtualBox', 58),
(1317, 'Audacity', 65),
(1318, 'Audacity', 59),
(1319, 'Xampp', 60),
(1320, 'Eclipse', 57),
(1321, 'WinRAR', 66),
(1322, 'WinRAR', 60),
(1323, 'dbForge', 38),
(1324, 'VLC', 25),
(1325, 'Gimp', 61),
(1326, 'Visual Studio Code', 67),
(1327, 'Acrobat reader', 58),
(1328, 'Visual Studio', 62),
(1329, 'VLC', 19),
(1330, 'Google Chrome', 59),
(1331, 'Visual Studio Code', 61),
(1332, 'dbForge', 32),
(1333, 'Word', 26),
(1334, 'PowerPoint', 39),
(1335, 'Eclipse', 63),
(1336, 'Illustrator', 68),
(1337, 'Git', 60),
(1338, 'Word', 20),
(1339, 'PowerPoint', 33),
(1340, 'Illustrator', 62),
(1341, 'Photoshop', 27),
(1342, 'Photoshop', 21),
(1343, 'Notepad++', 28),
(1344, 'Unity', 46),
(1345, 'Unity', 40),
(1346, 'PowerPoint', 27),
(1347, 'Acrobat reader', 64),
(1348, 'Notepad++', 22),
(1349, 'VirtualBox', 29),
(1350, 'dbForge', 47),
(1351, 'dbForge', 41),
(1352, 'PowerPoint', 48),
(1353, 'Contasol', 34),
(1354, 'Contasol', 28),
(1355, 'VirtualBox', 23),
(1356, 'Dia', 35),
(1357, 'PowerPoint', 42),
(1358, 'Audacity', 30),
(1359, 'Excel', 61),
(1360, 'Contasol', 49),
(1361, 'Audacity', 24),
(1362, 'Contasol', 43),
(1363, 'WinRAR', 31),
(1364, 'Dia', 29),
(1365, 'Google Chrome', 65),
(1366, 'Figma', 62),
(1367, 'Xampp', 36),
(1368, 'Xampp', 30),
(1369, 'Dia', 50),
(1370, 'Dia', 44),
(1371, 'Gimp', 37),
(1372, 'WinRAR', 25),
(1373, 'Visual Studio Code', 32),
(1374, 'Xampp', 51),
(1375, 'Gimp', 31),
(1376, 'Visual Studio Code', 26),
(1377, 'Xampp', 45),
(1378, 'Visual Studio', 38),
(1379, 'Visual Studio', 32),
(1380, 'Gimp', 52),
(1381, 'Gimp', 46),
(1382, 'Eclipse', 39),
(1383, 'Eclipse', 33),
(1384, 'Illustrator', 33),
(1385, 'Illustrator', 27),
(1386, 'Unity', 11),
(1387, 'Visual Studio', 53),
(1388, 'Unity', 5),
(1389, 'Acrobat reader', 40),
(1390, 'Visual Studio', 47),
(1391, 'Acrobat reader', 34),
(1392, 'Google Chrome', 41),
(1393, 'Eclipse', 54),
(1394, 'Eclipse', 48),
(1395, 'Google Chrome', 35),
(1396, 'Acrobat reader', 55),
(1397, 'Git', 42),
(1398, 'Git', 36),
(1399, 'Excel', 43),
(1400, 'Excel', 37),
(1401, 'dbForge', 12),
(1402, 'dbForge', 6),
(1403, 'PowerPoint', 13),
(1404, 'PowerPoint', 7),
(1405, 'Contasol', 14),
(1406, 'Contasol', 8),
(1407, 'Dia', 15),
(1408, 'Dia', 9),
(1409, 'Xampp', 16),
(1410, 'Xampp', 10),
(1411, 'Gimp', 17),
(1412, 'Gimp', 11),
(1413, 'Visual Studio', 18),
(1414, 'Visual Studio', 12),
(1415, 'Eclipse', 19),
(1416, 'Eclipse', 13),
(1417, 'Acrobat reader', 20),
(1418, 'Acrobat reader', 14),
(1419, 'Google Chrome', 21),
(1420, 'Google Chrome', 15),
(1421, 'Git', 22),
(1422, 'Git', 16),
(1423, 'Excel', 23),
(1424, 'Excel', 17),
(1425, 'Figma', 24),
(1426, 'Figma', 18),
(1427, 'Edge', 25),
(1428, 'Edge', 19),
(1429, 'VLC', 26),
(1430, 'VLC', 20),
(1431, 'Word', 27),
(1432, 'Word', 21),
(1433, 'Photoshop', 28),
(1434, 'Photoshop', 22),
(1435, 'Notepad++', 29),
(1436, 'Notepad++', 23),
(1437, 'VirtualBox', 30),
(1438, 'VirtualBox', 24),
(1439, 'Audacity', 31),
(1440, 'Audacity', 25);

--
-- Inserting data into table cargan
--
INSERT INTO cargan(id_carga, id_portatil, id_cargador) VALUES
(1, 346, 346),
(2, 69, 69),
(3, 139, 139),
(4, 33, 33),
(5, 190, 190),
(6, 360, 360),
(7, 313, 313),
(8, 347, 347),
(9, 314, 314),
(10, 154, 154),
(11, 103, 103),
(12, 140, 140),
(13, 221, 221),
(14, 104, 104),
(15, 141, 141),
(16, 348, 348),
(17, 105, 105),
(18, 258, 258),
(19, 222, 222),
(20, 315, 315),
(21, 191, 191),
(22, 155, 155),
(23, 349, 349),
(24, 70, 70),
(25, 192, 192),
(26, 142, 142),
(27, 106, 106),
(28, 156, 156),
(29, 259, 259),
(30, 223, 223),
(31, 143, 143),
(32, 316, 316),
(33, 34, 34),
(34, 260, 260),
(35, 224, 224),
(36, 193, 193),
(37, 261, 261),
(38, 107, 107),
(39, 144, 144),
(40, 71, 71),
(41, 350, 350),
(42, 317, 317),
(43, 225, 225),
(44, 262, 262),
(45, 35, 35),
(46, 157, 157),
(47, 351, 351),
(48, 318, 318),
(49, 352, 352),
(50, 226, 226),
(51, 319, 319),
(52, 194, 194),
(53, 158, 158),
(54, 72, 72),
(55, 108, 108),
(56, 263, 263),
(57, 145, 145),
(58, 36, 36),
(59, 353, 353),
(60, 227, 227),
(61, 195, 195),
(62, 73, 73),
(63, 320, 320),
(64, 159, 159),
(65, 354, 354),
(66, 37, 37),
(67, 1, 1),
(68, 38, 38),
(69, 264, 264),
(70, 321, 321),
(71, 109, 109),
(72, 2, 2),
(73, 146, 146),
(74, 196, 196),
(75, 355, 355),
(76, 160, 160),
(77, 322, 322),
(78, 110, 110),
(79, 356, 356),
(80, 323, 323),
(81, 74, 74),
(82, 111, 111),
(83, 228, 228),
(84, 39, 39),
(85, 265, 265),
(86, 229, 229),
(87, 75, 75),
(88, 357, 357),
(89, 197, 197),
(90, 3, 3),
(91, 112, 112),
(92, 266, 266),
(93, 76, 76),
(94, 230, 230),
(95, 161, 161),
(96, 324, 324),
(97, 358, 358),
(98, 40, 40),
(99, 267, 267),
(100, 4, 4),
(101, 113, 113),
(102, 325, 325),
(103, 77, 77),
(104, 41, 41),
(105, 198, 198),
(106, 359, 359),
(107, 114, 114),
(108, 326, 326),
(109, 78, 78),
(110, 231, 231),
(111, 268, 268),
(112, 293, 293),
(113, 5, 5),
(114, 327, 327),
(115, 162, 162),
(116, 115, 115),
(117, 199, 199),
(118, 294, 294),
(119, 328, 328),
(120, 79, 79),
(121, 232, 232),
(122, 116, 116),
(123, 269, 269),
(124, 163, 163),
(125, 200, 200),
(126, 164, 164),
(127, 233, 233),
(128, 201, 201),
(129, 42, 42),
(130, 6, 6),
(131, 270, 270),
(132, 295, 295),
(133, 165, 165),
(134, 329, 329),
(135, 234, 234),
(136, 80, 80),
(137, 296, 296),
(138, 202, 202),
(139, 271, 271),
(140, 330, 330),
(141, 166, 166),
(142, 203, 203),
(143, 167, 167),
(144, 235, 235),
(145, 117, 117),
(146, 81, 81),
(147, 204, 204),
(148, 168, 168),
(149, 118, 118),
(150, 82, 82),
(151, 119, 119),
(152, 43, 43),
(153, 83, 83),
(154, 205, 205),
(155, 120, 120),
(156, 297, 297),
(157, 84, 84),
(158, 331, 331),
(159, 169, 169),
(160, 298, 298),
(161, 121, 121),
(162, 272, 272),
(163, 332, 332),
(164, 85, 85),
(165, 7, 7),
(166, 299, 299),
(167, 206, 206),
(168, 122, 122),
(169, 44, 44),
(170, 8, 8),
(171, 170, 170),
(172, 333, 333),
(173, 86, 86),
(174, 300, 300),
(175, 236, 236),
(176, 123, 123),
(177, 273, 273),
(178, 334, 334),
(179, 45, 45),
(180, 87, 87),
(181, 9, 9),
(182, 124, 124),
(183, 88, 88),
(184, 301, 301),
(185, 237, 237),
(186, 274, 274),
(187, 238, 238),
(188, 46, 46),
(189, 207, 207),
(190, 335, 335),
(191, 302, 302),
(192, 336, 336),
(193, 10, 10),
(194, 303, 303),
(195, 275, 275),
(196, 337, 337),
(197, 239, 239),
(198, 125, 125),
(199, 276, 276),
(200, 89, 89),
(201, 240, 240),
(202, 126, 126),
(203, 90, 90),
(204, 47, 47),
(205, 304, 304),
(206, 127, 127),
(207, 277, 277),
(208, 91, 91),
(209, 241, 241),
(210, 11, 11),
(211, 48, 48),
(212, 128, 128),
(213, 278, 278),
(214, 12, 12),
(215, 242, 242),
(216, 338, 338),
(217, 92, 92),
(218, 305, 305),
(219, 279, 279),
(220, 129, 129),
(221, 93, 93),
(222, 130, 130),
(223, 243, 243),
(224, 94, 94),
(225, 49, 49),
(226, 171, 171),
(227, 339, 339),
(228, 208, 208),
(229, 131, 131),
(230, 306, 306),
(231, 280, 280),
(232, 172, 172),
(233, 95, 95),
(234, 244, 244),
(235, 209, 209),
(236, 281, 281),
(237, 13, 13),
(238, 50, 50),
(239, 14, 14),
(240, 132, 132),
(241, 340, 340),
(242, 96, 96),
(243, 133, 133),
(244, 173, 173),
(245, 245, 245),
(246, 210, 210),
(247, 97, 97),
(248, 307, 307),
(249, 51, 51),
(250, 282, 282),
(251, 174, 174),
(252, 246, 246),
(253, 283, 283),
(254, 134, 134),
(255, 15, 15),
(256, 211, 211),
(257, 175, 175),
(258, 341, 341),
(259, 52, 52),
(260, 98, 98),
(261, 212, 212),
(262, 135, 135),
(263, 16, 16),
(264, 247, 247),
(265, 176, 176),
(266, 284, 284),
(267, 53, 53),
(268, 308, 308),
(269, 213, 213),
(270, 342, 342),
(271, 309, 309),
(272, 99, 99),
(273, 343, 343),
(274, 136, 136),
(275, 177, 177),
(276, 310, 310),
(277, 17, 17),
(278, 100, 100),
(279, 248, 248),
(280, 285, 285),
(281, 54, 54),
(282, 18, 18),
(283, 137, 137),
(284, 214, 214),
(285, 178, 178),
(286, 344, 344),
(287, 311, 311),
(288, 55, 55),
(289, 249, 249),
(290, 19, 19),
(291, 101, 101),
(292, 138, 138),
(293, 56, 56),
(294, 286, 286),
(295, 345, 345),
(296, 215, 215),
(297, 102, 102),
(298, 250, 250),
(299, 20, 20),
(300, 312, 312),
(301, 179, 179),
(302, 216, 216),
(303, 57, 57),
(304, 21, 21),
(305, 287, 287),
(306, 180, 180),
(307, 251, 251),
(308, 58, 58),
(309, 217, 217),
(310, 22, 22),
(311, 59, 59),
(312, 181, 181),
(313, 23, 23),
(314, 218, 218),
(315, 288, 288),
(316, 182, 182),
(317, 60, 60),
(318, 219, 219),
(319, 252, 252),
(320, 289, 289),
(321, 24, 24),
(322, 183, 183),
(323, 253, 253),
(324, 147, 147),
(325, 61, 61),
(326, 25, 25),
(327, 184, 184),
(328, 290, 290),
(329, 254, 254),
(330, 148, 148),
(331, 62, 62),
(332, 291, 291),
(333, 26, 26),
(334, 255, 255),
(335, 292, 292),
(336, 63, 63),
(337, 185, 185),
(338, 149, 149),
(339, 27, 27),
(340, 186, 186),
(341, 150, 150),
(342, 187, 187),
(343, 256, 256),
(344, 220, 220),
(345, 64, 64),
(346, 257, 257),
(347, 151, 151),
(348, 188, 188),
(349, 152, 152),
(350, 28, 28),
(351, 65, 65),
(352, 29, 29),
(353, 189, 189),
(354, 66, 66),
(355, 153, 153),
(356, 30, 30),
(357, 67, 67),
(358, 31, 31),
(359, 68, 68),
(360, 32, 32);

--
-- Inserting data into table cursan
--
INSERT INTO cursan(id_cursa, curso_academico, id_alumno, id_curso) VALUES
(1, '2022/23', 62, 7),
(2, '2022/23', 7, 1),
(3, '2021/22', 16, 1),
(4, '2023/24', 22, 10),
(5, '2020/21', 35, 2),
(6, '2020/21', 74, 8),
(7, '2022/23', 63, 1),
(8, '2023/24', 63, 8),
(9, '2020/21', 64, 2),
(10, '2023/24', 50, 11),
(11, '2023/24', 31, 10),
(12, '2022/23', 17, 2),
(13, '2022/23', 59, 6),
(14, '2020/21', 32, 11),
(15, '2021/22', 18, 3),
(16, '2022/23', 64, 9),
(17, '2021/22', 33, 12),
(18, '2022/23', 56, 10),
(19, '2020/21', 60, 7),
(20, '2023/24', 65, 3),
(21, '2021/22', 36, 3),
(22, '2021/22', 51, 12),
(23, '2022/23', 65, 10),
(24, '2022/23', 8, 2),
(25, '2021/22', 37, 4),
(26, '2022/23', 19, 4),
(27, '2023/24', 23, 1),
(28, '2022/23', 41, 1),
(29, '2021/22', 57, 11),
(30, '2020/21', 61, 8),
(31, '2022/23', 20, 5),
(32, '2021/22', 66, 4),
(33, '2021/22', 23, 11),
(34, '2021/22', 58, 12),
(35, '2022/23', 44, 4),
(36, '2023/24', 38, 5),
(37, '2023/24', 48, 1),
(38, '2023/24', 24, 2),
(39, '2023/24', 21, 6),
(40, '2021/22', 9, 3),
(41, '2021/22', 66, 11),
(42, '2021/22', 67, 5),
(43, '2022/23', 45, 5),
(44, '2023/24', 49, 2),
(45, '2020/21', 24, 12),
(46, '2023/24', 42, 2),
(47, '2022/23', 67, 12),
(48, '2020/21', 68, 6),
(49, '2021/22', 57, 1),
(50, '2023/24', 46, 6),
(51, '2022/23', 69, 7),
(52, '2020/21', 39, 6),
(53, '2021/22', 43, 3),
(54, '2020/21', 10, 4),
(55, '2022/23', 25, 3),
(56, '2022/23', 50, 3),
(57, '2020/21', 22, 7),
(58, '2022/23', 14, 1),
(59, '2020/21', 58, 2),
(60, '2020/21', 47, 7),
(61, '2022/23', 40, 7),
(62, '2022/23', 11, 5),
(63, '2020/21', 70, 8),
(64, '2020/21', 37, 11),
(65, '2021/22', 59, 3),
(66, '2020/21', 15, 2),
(67, '2020/21', 12, 6),
(68, '2022/23', 16, 3),
(69, '2022/23', 51, 4),
(70, '2023/24', 71, 9),
(71, '2021/22', 26, 4),
(72, '2020/21', 13, 7),
(73, '2023/24', 23, 8),
(74, '2021/22', 41, 8),
(75, '2020/21', 60, 4),
(76, '2022/23', 38, 12),
(77, '2020/21', 72, 10),
(78, '2023/24', 27, 5),
(79, '2021/22', 61, 5),
(80, '2020/21', 73, 11),
(81, '2021/22', 24, 9),
(82, '2020/21', 28, 6),
(83, '2023/24', 48, 8),
(84, '2020/21', 17, 4),
(85, '2021/22', 52, 5),
(86, '2020/21', 49, 9),
(87, '2023/24', 25, 10),
(88, '2023/24', 62, 6),
(89, '2020/21', 42, 9),
(90, '2023/24', 14, 8),
(91, '2023/24', 29, 7),
(92, '2020/21', 53, 6),
(93, '2020/21', 26, 11),
(94, '2023/24', 50, 10),
(95, '2023/24', 28, 1),
(96, '2020/21', 74, 12),
(97, '2020/21', 63, 7),
(98, '2023/24', 18, 5),
(99, '2023/24', 54, 7),
(100, '2023/24', 15, 9),
(101, '2023/24', 30, 8),
(102, '2020/21', 64, 1),
(103, '2021/22', 27, 12),
(104, '2023/24', 1, 1),
(105, '2022/23', 43, 10),
(106, '2021/22', 64, 8),
(107, '2023/24', 31, 9),
(108, '2021/22', 65, 2),
(109, '2023/24', 17, 1),
(110, '2021/22', 51, 11),
(111, '2023/24', 55, 8),
(112, '2023/24', 65, 9),
(113, '2023/24', 16, 10),
(114, '2022/23', 66, 3),
(115, '2022/23', 29, 2),
(116, '2022/23', 32, 10),
(117, '2020/21', 44, 11),
(118, '2022/23', 66, 10),
(119, '2022/23', 67, 4),
(120, '2020/21', 18, 2),
(121, '2020/21', 52, 12),
(122, '2020/21', 33, 11),
(123, '2023/24', 56, 9),
(124, '2022/23', 30, 3),
(125, '2021/22', 45, 12),
(126, '2023/24', 31, 4),
(127, '2021/22', 42, 1),
(128, '2022/23', 35, 1),
(129, '2022/23', 2, 2),
(130, '2020/21', 17, 11),
(131, '2021/22', 57, 10),
(132, '2020/21', 67, 11),
(133, '2023/24', 32, 5),
(134, '2022/23', 68, 5),
(135, '2022/23', 43, 2),
(136, '2020/21', 19, 3),
(137, '2020/21', 68, 12),
(138, '2021/22', 36, 2),
(139, '2020/21', 58, 11),
(140, '2021/22', 69, 6),
(141, '2020/21', 33, 6),
(142, '2021/22', 37, 3),
(143, '2021/22', 34, 7),
(144, '2022/23', 44, 3),
(145, '2022/23', 34, 12),
(146, '2023/24', 20, 4),
(147, '2023/24', 38, 4),
(148, '2021/22', 35, 8),
(149, '2023/24', 24, 1),
(150, '2020/21', 21, 5),
(151, '2020/21', 25, 2),
(152, '2020/21', 3, 3),
(153, '2021/22', 22, 6),
(154, '2023/24', 39, 5),
(155, '2022/23', 26, 3),
(156, '2023/24', 58, 1),
(157, '2020/21', 23, 7),
(158, '2023/24', 70, 7),
(159, '2023/24', 36, 9),
(160, '2020/21', 59, 2),
(161, '2021/22', 27, 4),
(162, '2020/21', 59, 12),
(163, '2023/24', 71, 8),
(164, '2023/24', 24, 8),
(165, '2021/22', 18, 12),
(166, '2022/23', 60, 3),
(167, '2021/22', 40, 6),
(168, '2022/23', 28, 5),
(169, '2020/21', 4, 4),
(170, '2023/24', 8, 1),
(171, '2022/23', 37, 10),
(172, '2023/24', 72, 9),
(173, '2023/24', 25, 9),
(174, '2023/24', 61, 4),
(175, '2022/23', 45, 4),
(176, '2020/21', 29, 6),
(177, '2023/24', 49, 1),
(178, '2022/23', 73, 10),
(179, '2021/22', 5, 5),
(180, '2022/23', 26, 10),
(181, '2022/23', 9, 2),
(182, '2020/21', 30, 7),
(183, '2020/21', 27, 11),
(184, '2021/22', 62, 5),
(185, '2023/24', 46, 5),
(186, '2021/22', 50, 2),
(187, '2020/21', 47, 6),
(188, '2021/22', 6, 6),
(189, '2023/24', 41, 7),
(190, '2020/21', 74, 11),
(191, '2023/24', 63, 6),
(192, '2021/22', 75, 12),
(193, '2023/24', 10, 3),
(194, '2020/21', 64, 7),
(195, '2020/21', 51, 3),
(196, '2021/22', 65, 1),
(197, '2023/24', 48, 7),
(198, '2022/23', 31, 8),
(199, '2022/23', 52, 4),
(200, '2021/22', 28, 12),
(201, '2020/21', 49, 8),
(202, '2021/22', 32, 9),
(203, '2022/23', 18, 1),
(204, '2021/22', 7, 7),
(205, '2022/23', 65, 8),
(206, '2022/23', 33, 10),
(207, '2022/23', 53, 5),
(208, '2023/24', 19, 2),
(209, '2020/21', 50, 9),
(210, '2023/24', 11, 4),
(211, '2021/22', 8, 8),
(212, '2022/23', 34, 11),
(213, '2021/22', 54, 6),
(214, '2021/22', 12, 5),
(215, '2021/22', 51, 10),
(216, '2023/24', 66, 2),
(217, '2020/21', 20, 3),
(218, '2021/22', 66, 9),
(219, '2020/21', 55, 7),
(220, '2021/22', 35, 12),
(221, '2020/21', 21, 4),
(222, '2020/21', 25, 1),
(223, '2020/21', 52, 11),
(224, '2022/23', 22, 5),
(225, '2022/23', 9, 9),
(226, '2021/22', 38, 11),
(227, '2021/22', 67, 3),
(228, '2021/22', 42, 8),
(229, '2023/24', 26, 2),
(230, '2023/24', 67, 10),
(231, '2022/23', 56, 8),
(232, '2021/22', 39, 12),
(233, '2020/21', 23, 6),
(234, '2021/22', 53, 12),
(235, '2022/23', 43, 9),
(236, '2020/21', 57, 9),
(237, '2021/22', 13, 6),
(238, '2020/21', 10, 10),
(239, '2022/23', 14, 7),
(240, '2022/23', 27, 3),
(241, '2022/23', 68, 4),
(242, '2021/22', 24, 7),
(243, '2023/24', 28, 4),
(244, '2023/24', 29, 1),
(245, '2022/23', 43, 1),
(246, '2021/22', 44, 10),
(247, '2022/23', 25, 8),
(248, '2020/21', 68, 11),
(249, '2020/21', 11, 11),
(250, '2023/24', 58, 10),
(251, '2020/21', 30, 2),
(252, '2021/22', 44, 2),
(253, '2022/23', 59, 11),
(254, '2021/22', 29, 5),
(255, '2020/21', 15, 8),
(256, '2022/23', 45, 11),
(257, '2022/23', 31, 3),
(258, '2020/21', 69, 5),
(259, '2021/22', 12, 12),
(260, '2020/21', 26, 9),
(261, '2020/21', 46, 12),
(262, '2021/22', 30, 6),
(263, '2021/22', 16, 9),
(264, '2020/21', 45, 3),
(265, '2022/23', 32, 4),
(266, '2022/23', 60, 12),
(267, '2021/22', 2, 1),
(268, '2020/21', 69, 12),
(269, '2020/21', 36, 1),
(270, '2020/21', 70, 6),
(271, '2023/24', 59, 1),
(272, '2022/23', 27, 10),
(273, '2020/21', 71, 7),
(274, '2023/24', 31, 7),
(275, '2022/23', 33, 5),
(276, '2023/24', 60, 2),
(277, '2021/22', 17, 10),
(278, '2022/23', 28, 11),
(279, '2022/23', 46, 4),
(280, '2022/23', 50, 1),
(281, '2020/21', 3, 2),
(282, '2023/24', 18, 11),
(283, '2021/22', 32, 8),
(284, '2020/21', 37, 2),
(285, '2023/24', 34, 6),
(286, '2021/22', 72, 8),
(287, '2022/23', 61, 3),
(288, '2022/23', 4, 3),
(289, '2020/21', 47, 5),
(290, '2021/22', 19, 12),
(291, '2021/22', 29, 12),
(292, '2021/22', 33, 9),
(293, '2021/22', 5, 4),
(294, '2022/23', 51, 2),
(295, '2022/23', 73, 9),
(296, '2021/22', 38, 3),
(297, '2021/22', 19, 1),
(298, '2020/21', 48, 6),
(299, '2023/24', 9, 1),
(300, '2023/24', 62, 4),
(301, '2020/21', 35, 7),
(302, '2020/21', 34, 10),
(303, '2022/23', 20, 2),
(304, '2020/21', 6, 5),
(305, '2021/22', 74, 10),
(306, '2021/22', 10, 2),
(307, '2022/23', 63, 5),
(308, '2020/21', 35, 11),
(309, '2023/24', 52, 3),
(310, '2020/21', 7, 6),
(311, '2020/21', 39, 4),
(312, '2020/21', 21, 3),
(313, '2023/24', 11, 3),
(314, '2020/21', 36, 12),
(315, '2021/22', 22, 4),
(316, '2023/24', 36, 8),
(317, '2020/21', 75, 11),
(318, '2021/22', 40, 5),
(319, '2022/23', 8, 7),
(320, '2020/21', 37, 9),
(321, '2020/21', 64, 6),
(322, '2022/23', 76, 12),
(323, '2022/23', 26, 1),
(324, '2023/24', 41, 6),
(325, '2021/22', 49, 7),
(326, '2023/24', 53, 4),
(327, '2023/24', 12, 4),
(328, '2020/21', 23, 5),
(329, '2022/23', 38, 10),
(330, '2023/24', 65, 7),
(331, '2021/22', 50, 8),
(332, '2021/22', 27, 2),
(333, '2020/21', 24, 6),
(334, '2023/24', 66, 1),
(335, '2021/22', 9, 8),
(336, '2021/22', 66, 8),
(337, '2021/22', 54, 5),
(338, '2021/22', 28, 3),
(339, '2023/24', 42, 7),
(340, '2020/21', 25, 7),
(341, '2020/21', 13, 5),
(342, '2023/24', 39, 11),
(343, '2020/21', 29, 4),
(344, '2023/24', 51, 9),
(345, '2020/21', 55, 6),
(346, '2022/23', 67, 2),
(347, '2023/24', 10, 9),
(348, '2022/23', 52, 10),
(349, '2023/24', 43, 8),
(350, '2023/24', 40, 12),
(351, '2022/23', 56, 7),
(352, '2022/23', 53, 11),
(353, '2021/22', 44, 9),
(354, '2022/23', 30, 1),
(355, '2023/24', 14, 6),
(356, '2021/22', 45, 10),
(357, '2022/23', 11, 10),
(358, '2021/22', 67, 9),
(359, '2021/22', 26, 8),
(360, '2021/22', 30, 5),
(361, '2022/23', 68, 3),
(362, '2020/21', 57, 8),
(363, '2023/24', 68, 10),
(364, '2021/22', 69, 4),
(365, '2021/22', 27, 9),
(366, '2020/21', 15, 7),
(367, '2022/23', 12, 11),
(368, '2023/24', 31, 6),
(369, '2020/21', 28, 10),
(370, '2020/21', 31, 2),
(371, '2021/22', 54, 12),
(372, '2021/22', 58, 9),
(373, '2020/21', 16, 8),
(374, '2021/22', 69, 11),
(375, '2022/23', 46, 11),
(376, '2020/21', 32, 7),
(377, '2023/24', 44, 1),
(378, '2020/21', 59, 10),
(379, '2021/22', 45, 2),
(380, '2021/22', 60, 11),
(381, '2020/21', 32, 3),
(382, '2023/24', 47, 12),
(383, '2023/24', 46, 3),
(384, '2022/23', 70, 5),
(385, '2020/21', 29, 11),
(386, '2023/24', 70, 12),
(387, '2022/23', 71, 6),
(388, '2023/24', 61, 12),
(389, '2022/23', 47, 4),
(390, '2021/22', 51, 1),
(391, '2022/23', 48, 5),
(392, '2021/22', 60, 1),
(393, '2023/24', 72, 7),
(394, '2021/22', 33, 8),
(395, '2023/24', 33, 4),
(396, '2023/24', 37, 1),
(397, '2023/24', 34, 5),
(398, '2020/21', 38, 2),
(399, '2023/24', 30, 12),
(400, '2020/21', 52, 2),
(401, '2023/24', 61, 2),
(402, '2022/23', 73, 8),
(403, '2023/24', 35, 6),
(404, '2020/21', 13, 12),
(405, '2020/21', 49, 6),
(406, '2020/21', 17, 9),
(407, '2021/22', 53, 3),
(408, '2021/22', 50, 7),
(409, '2020/21', 3, 1),
(410, '2022/23', 54, 4),
(411, '2021/22', 62, 3),
(412, '2022/23', 39, 3),
(413, '2021/22', 18, 10),
(414, '2022/23', 36, 7),
(415, '2020/21', 74, 9),
(416, '2022/23', 40, 4),
(417, '2021/22', 63, 4),
(418, '2022/23', 75, 10),
(419, '2020/21', 51, 8),
(420, '2021/22', 37, 8),
(421, '2020/21', 4, 2),
(422, '2020/21', 34, 9),
(423, '2023/24', 41, 5),
(424, '2020/21', 55, 5),
(425, '2022/23', 52, 9),
(426, '2021/22', 64, 5),
(427, '2020/21', 56, 6),
(428, '2021/22', 53, 10),
(429, '2021/22', 20, 1),
(430, '2023/24', 76, 11),
(431, '2023/24', 65, 6),
(432, '2022/23', 19, 11),
(433, '2023/24', 35, 10),
(434, '2021/22', 5, 3),
(435, '2021/22', 77, 12),
(436, '2021/22', 57, 7),
(437, '2022/23', 20, 12),
(438, '2022/23', 54, 11),
(439, '2023/24', 21, 2),
(440, '2023/24', 6, 4),
(441, '2021/22', 36, 11),
(442, '2021/22', 22, 3),
(443, '2022/23', 58, 8),
(444, '2023/24', 10, 1),
(445, '2020/21', 55, 12),
(446, '2023/24', 37, 12),
(447, '2022/23', 59, 9),
(448, '2022/23', 23, 4),
(449, '2021/22', 38, 9),
(450, '2020/21', 66, 7),
(451, '2020/21', 45, 1),
(452, '2023/24', 60, 10),
(453, '2020/21', 67, 1),
(454, '2023/24', 67, 8),
(455, '2023/24', 42, 6),
(456, '2022/23', 39, 10),
(457, '2021/22', 27, 1),
(458, '2022/23', 68, 2),
(459, '2023/24', 43, 7),
(460, '2022/23', 68, 9),
(461, '2023/24', 40, 11),
(462, '2020/21', 69, 3),
(463, '2022/23', 24, 5),
(464, '2022/23', 7, 5),
(465, '2021/22', 69, 10),
(466, '2021/22', 46, 2),
(467, '2022/23', 11, 2),
(468, '2021/22', 8, 6),
(469, '2023/24', 61, 11),
(470, '2023/24', 12, 3),
(471, '2023/24', 44, 8),
(472, '2021/22', 9, 7),
(473, '2023/24', 47, 3),
(474, '2023/24', 41, 12),
(475, '2023/24', 28, 2),
(476, '2023/24', 62, 12),
(477, '2021/22', 48, 4),
(478, '2022/23', 45, 9),
(479, '2022/23', 70, 4),
(480, '2023/24', 25, 6),
(481, '2020/21', 13, 4),
(482, '2023/24', 29, 3),
(483, '2021/22', 26, 7),
(484, '2023/24', 31, 1),
(485, '2021/22', 30, 4),
(486, '2021/22', 27, 8),
(487, '2022/23', 31, 5),
(488, '2023/24', 46, 10),
(489, '2022/23', 32, 2),
(490, '2023/24', 28, 9),
(491, '2022/23', 32, 6),
(492, '2020/21', 10, 8),
(493, '2023/24', 29, 10),
(494, '2021/22', 33, 7),
(495, '2023/24', 52, 1),
(496, '2020/21', 30, 11),
(497, '2023/24', 14, 5),
(498, '2023/24', 47, 11),
(499, '2021/22', 34, 8),
(500, '2020/21', 70, 11),
(501, '2023/24', 31, 12),
(502, '2022/23', 49, 5),
(503, '2022/23', 53, 2),
(504, '2020/21', 35, 9),
(505, '2022/23', 33, 3),
(506, '2020/21', 48, 12),
(507, '2020/21', 71, 5),
(508, '2023/24', 21, 1),
(509, '2022/23', 34, 4),
(510, '2022/23', 71, 12),
(511, '2023/24', 72, 6),
(512, '2022/23', 61, 1),
(513, '2020/21', 73, 7),
(514, '2023/24', 11, 9),
(515, '2021/22', 62, 2),
(516, '2021/22', 15, 6),
(517, '2021/22', 50, 6),
(518, '2023/24', 62, 9),
(519, '2023/24', 54, 3),
(520, '2021/22', 38, 1),
(521, '2023/24', 35, 5),
(522, '2021/22', 39, 2),
(523, '2022/23', 51, 7),
(524, '2020/21', 36, 10),
(525, '2021/22', 55, 4),
(526, '2020/21', 22, 2),
(527, '2022/23', 63, 3),
(528, '2021/22', 36, 6),
(529, '2021/22', 63, 10),
(530, '2020/21', 12, 10),
(531, '2020/21', 52, 8),
(532, '2020/21', 16, 7),
(533, '2021/22', 13, 11),
(534, '2023/24', 64, 4),
(535, '2020/21', 64, 11),
(536, '2021/22', 40, 3),
(537, '2023/24', 37, 7),
(538, '2023/24', 17, 8),
(539, '2022/23', 65, 5),
(540, '2022/23', 65, 12),
(541, '2021/22', 19, 6),
(542, '2022/23', 14, 12),
(543, '2021/22', 66, 6),
(544, '2021/22', 56, 5),
(545, '2022/23', 23, 3),
(546, '2020/21', 41, 4),
(547, '2021/22', 20, 7),
(548, '2023/24', 18, 9),
(549, '2021/22', 38, 8),
(550, '2023/24', 42, 5),
(551, '2023/24', 53, 9),
(552, '2021/22', 24, 4),
(553, '2022/23', 55, 1),
(554, '2020/21', 57, 6),
(555, '2021/22', 39, 9),
(556, '2023/24', 67, 7),
(557, '2022/23', 4, 1),
(558, '2021/22', 21, 8),
(559, '2022/23', 43, 6),
(560, '2023/24', 19, 10),
(561, '2022/23', 54, 10),
(562, '2021/22', 40, 10),
(563, '2020/21', 44, 7),
(564, '2022/23', 41, 11),
(565, '2021/22', 25, 5),
(566, '2021/22', 56, 2),
(567, '2022/23', 58, 7),
(568, '2023/24', 68, 8),
(569, '2023/24', 22, 9),
(570, '2022/23', 26, 6),
(571, '2022/23', 55, 11),
(572, '2020/21', 45, 8),
(573, '2023/24', 57, 3),
(574, '2021/22', 69, 9),
(575, '2023/24', 23, 10),
(576, '2022/23', 27, 7),
(577, '2020/21', 42, 12),
(578, '2020/21', 58, 4),
(579, '2023/24', 5, 2),
(580, '2023/24', 24, 11),
(581, '2023/24', 20, 11),
(582, '2020/21', 59, 8),
(583, '2022/23', 70, 10),
(584, '2022/23', 28, 8),
(585, '2020/21', 25, 12),
(586, '2021/22', 29, 9),
(587, '2021/22', 15, 1),
(588, '2022/23', 46, 9),
(589, '2022/23', 32, 1),
(590, '2023/24', 59, 5),
(591, '2023/24', 47, 10),
(592, '2023/24', 6, 3),
(593, '2021/22', 56, 12),
(594, '2022/23', 71, 11),
(595, '2020/21', 21, 12),
(596, '2023/24', 60, 6),
(597, '2020/21', 33, 2),
(598, '2022/23', 48, 11),
(599, '2021/22', 30, 10),
(600, '2021/22', 16, 2),
(601, '2022/23', 72, 12),
(602, '2023/24', 31, 11),
(603, '2021/22', 61, 7),
(604, '2023/24', 7, 4),
(605, '2021/22', 62, 1),
(606, '2022/23', 11, 1),
(607, '2020/21', 34, 3),
(608, '2023/24', 62, 8),
(609, '2020/21', 17, 3),
(610, '2023/24', 8, 5),
(611, '2022/23', 49, 12),
(612, '2022/23', 12, 2),
(613, '2022/23', 32, 12),
(614, '2021/22', 18, 4),
(615, '2020/21', 9, 6),
(616, '2023/24', 13, 3),
(617, '2023/24', 35, 4),
(618, '2021/22', 22, 1),
(619, '2021/22', 10, 7),
(620, '2020/21', 63, 2),
(621, '2022/23', 60, 9),
(622, '2022/23', 19, 5),
(623, '2022/23', 39, 1),
(624, '2023/24', 23, 2),
(625, '2021/22', 46, 1),
(626, '2022/23', 36, 5),
(627, '2022/23', 63, 9),
(628, '2020/21', 64, 3),
(629, '2023/24', 61, 10),
(630, '2022/23', 40, 2),
(631, '2021/22', 64, 10),
(632, '2022/23', 14, 4),
(633, '2020/21', 37, 6),
(634, '2023/24', 47, 2),
(635, '2021/22', 41, 3),
(636, '2023/24', 62, 11),
(637, '2023/24', 65, 4),
(638, '2022/23', 65, 11),
(639, '2022/23', 20, 6),
(640, '2022/23', 24, 3),
(641, '2020/21', 66, 5),
(642, '2021/22', 21, 7),
(643, '2023/24', 11, 8),
(644, '2023/24', 25, 4),
(645, '2023/24', 38, 7),
(646, '2023/24', 42, 4),
(647, '2023/24', 66, 12),
(648, '2021/22', 22, 8),
(649, '2020/21', 48, 3),
(650, '2021/22', 15, 5),
(651, '2021/22', 26, 5),
(652, '2021/22', 23, 9),
(653, '2021/22', 27, 6),
(654, '2022/23', 39, 8),
(655, '2020/21', 63, 12),
(656, '2023/24', 43, 5),
(657, '2021/22', 49, 4),
(658, '2021/22', 40, 9),
(659, '2021/22', 24, 10),
(660, '2022/23', 44, 6),
(661, '2022/23', 12, 9),
(662, '2023/24', 41, 10),
(663, '2021/22', 16, 6),
(664, '2023/24', 67, 6),
(665, '2021/22', 28, 7),
(666, '2022/23', 45, 7),
(667, '2021/22', 42, 11),
(668, '2023/24', 53, 1),
(669, '2020/21', 50, 5),
(670, '2021/22', 25, 11),
(671, '2021/22', 29, 8),
(672, '2023/24', 54, 2),
(673, '2023/24', 56, 1),
(674, '2021/22', 68, 7),
(675, '2020/21', 13, 10),
(676, '2022/23', 46, 8),
(677, '2022/23', 17, 7),
(678, '2020/21', 26, 12),
(679, '2020/21', 57, 2),
(680, '2023/24', 30, 9),
(681, '2022/23', 51, 6),
(682, '2022/23', 43, 12),
(683, '2021/22', 14, 11),
(684, '2023/24', 55, 3),
(685, '2021/22', 18, 8),
(686, '2023/24', 47, 9),
(687, '2021/22', 69, 8),
(688, '2023/24', 15, 12),
(689, '2020/21', 19, 9),
(690, '2021/22', 58, 3),
(691, '2023/24', 5, 1),
(692, '2021/22', 52, 7),
(693, '2020/21', 56, 4),
(694, '2020/21', 20, 10),
(695, '2023/24', 33, 1),
(696, '2023/24', 48, 10),
(697, '2021/22', 6, 2),
(698, '2021/22', 70, 9),
(699, '2022/23', 21, 11),
(700, '2023/24', 7, 3),
(701, '2023/24', 22, 12),
(702, '2021/22', 53, 8),
(703, '2020/21', 57, 5),
(704, '2021/22', 59, 4),
(705, '2023/24', 54, 9),
(706, '2023/24', 34, 2),
(707, '2021/22', 49, 11),
(708, '2022/23', 35, 3),
(709, '2021/22', 8, 4),
(710, '2022/23', 50, 12),
(711, '2023/24', 58, 6),
(712, '2020/21', 55, 10),
(713, '2023/24', 12, 1),
(714, '2021/22', 71, 10),
(715, '2023/24', 59, 7),
(716, '2021/22', 36, 4),
(717, '2023/24', 40, 1),
(718, '2023/24', 56, 11),
(719, '2022/23', 60, 5),
(720, '2022/23', 60, 8),
(721, '2020/21', 37, 5),
(722, '2023/24', 57, 12),
(723, '2023/24', 72, 11),
(724, '2020/21', 9, 5),
(725, '2022/23', 61, 6),
(726, '2020/21', 13, 2),
(727, '2021/22', 10, 6),
(728, '2022/23', 73, 12),
(729, '2022/23', 14, 3),
(730, '2023/24', 11, 7),
(731, '2021/22', 15, 4),
(732, '2020/21', 61, 9),
(733, '2021/22', 12, 8),
(734, '2020/21', 41, 2),
(735, '2022/23', 47, 1),
(736, '2021/22', 62, 10),
(737, '2020/21', 48, 2),
(738, '2021/22', 38, 6),
(739, '2023/24', 16, 5),
(740, '2021/22', 42, 3),
(741, '2023/24', 63, 11),
(742, '2023/24', 49, 3),
(743, '2023/24', 39, 7),
(744, '2022/23', 43, 4),
(745, '2020/21', 64, 12),
(746, '2021/22', 40, 8),
(747, '2020/21', 50, 4),
(748, '2021/22', 44, 5),
(749, '2022/23', 54, 1),
(750, '2021/22', 51, 5),
(751, '2020/21', 41, 9),
(752, '2021/22', 13, 9),
(753, '2020/21', 45, 6),
(754, '2021/22', 55, 2),
(755, '2021/22', 42, 10),
(756, '2023/24', 52, 6),
(757, '2023/24', 17, 6),
(758, '2022/23', 56, 3),
(759, '2023/24', 46, 7),
(760, '2020/21', 14, 10),
(761, '2020/21', 43, 11),
(762, '2021/22', 47, 8),
(763, '2020/21', 18, 7),
(764, '2022/23', 44, 12),
(765, '2022/23', 15, 11),
(766, '2023/24', 48, 9),
(767, '2023/24', 53, 7),
(768, '2022/23', 34, 1),
(769, '2020/21', 57, 4),
(770, '2023/24', 54, 8),
(771, '2020/21', 49, 10),
(772, '2021/22', 19, 8),
(773, '2022/23', 58, 5),
(774, '2023/24', 16, 12),
(775, '2021/22', 55, 9),
(776, '2023/24', 20, 9),
(777, '2020/21', 6, 1),
(778, '2021/22', 21, 10),
(779, '2021/22', 7, 2),
(780, '2021/22', 22, 11),
(781, '2022/23', 8, 3),
(782, '2020/21', 23, 12),
(783, '2020/21', 9, 4),
(784, '2021/22', 13, 1),
(785, '2021/22', 10, 5),
(786, '2021/22', 14, 2),
(787, '2022/23', 11, 6),
(788, '2022/23', 15, 3),
(789, '2020/21', 12, 7),
(790, '2022/23', 16, 4),
(791, '2023/24', 13, 8),
(792, '2023/24', 17, 5),
(793, '2020/21', 14, 9),
(794, '2021/22', 18, 6),
(795, '2023/24', 15, 10),
(796, '2020/21', 19, 7),
(797, '2023/24', 16, 11),
(798, '2021/22', 20, 8),
(799, '2022/23', 17, 12),
(800, '2023/24', 21, 9);