--
-- Script was generated by Devart dbForge Studio for MySQL, Version 8.0.40.0
-- Product home page: http://www.devart.com/dbforge/mysql/studio
-- Script date 14/05/2024 18:02:42
-- Server version: 5.5.5-10.1.40-MariaDB
-- Client version: 4.1
--

-- 
-- Disable foreign keys
-- 
/*!40014 SET @OLD_FOREIGN_KEY_CHECKS=@@FOREIGN_KEY_CHECKS, FOREIGN_KEY_CHECKS=0 */;

-- 
-- Set SQL mode
-- 
/*!40101 SET @OLD_SQL_MODE=@@SQL_MODE, SQL_MODE='NO_AUTO_VALUE_ON_ZERO' */;

-- 
-- Set character set the client will use to send SQL statements to the server
--
SET NAMES 'utf8';

DROP DATABASE IF EXISTS gdce;

CREATE DATABASE gdce
CHARACTER SET latin1
COLLATE latin1_swedish_ci;

--
-- Set default database
--
USE gdce;

--
-- Create table `almacenes`
--
CREATE TABLE almacenes (
  id_almacen int(11) NOT NULL AUTO_INCREMENT,
  aula varchar(4) NOT NULL,
  capacidad int(4) DEFAULT NULL,
  PRIMARY KEY (id_almacen)
)
ENGINE = INNODB,
CHARACTER SET latin1,
COLLATE latin1_swedish_ci;

--
-- Create index `uk_aula` on table `almacenes`
--
ALTER TABLE almacenes
ADD UNIQUE INDEX uk_aula (aula);

--
-- Create table `portatiles`
--
CREATE TABLE portatiles (
  id_portatil int(11) NOT NULL AUTO_INCREMENT,
  codigo varchar(4) NOT NULL,
  marca varchar(24) DEFAULT NULL,
  modelo varchar(24) DEFAULT NULL,
  estado varchar(24) NOT NULL,
  procesador varchar(24) DEFAULT NULL,
  memoria_ram int(4) DEFAULT NULL,
  capacidad int(8) DEFAULT NULL,
  dispositivo_almacenamiento varchar(24) DEFAULT NULL,
  id_almacen int(11) DEFAULT NULL,
  PRIMARY KEY (id_portatil)
)
ENGINE = INNODB,
CHARACTER SET latin1,
COLLATE latin1_swedish_ci;

--
-- Create index `uk_codigo` on table `portatiles`
--
ALTER TABLE portatiles
ADD UNIQUE INDEX uk_codigo (codigo);

--
-- Create foreign key
--
ALTER TABLE portatiles
ADD CONSTRAINT fk_portatiles_almacenes FOREIGN KEY (id_almacen)
REFERENCES almacenes (id_almacen);

--
-- Create table `aplicaciones`
--
CREATE TABLE aplicaciones (
  id_aplicacion int(11) NOT NULL AUTO_INCREMENT,
  aplicacion varchar(32) NOT NULL,
  id_portatil int(11) DEFAULT NULL,
  PRIMARY KEY (id_aplicacion)
)
ENGINE = INNODB,
CHARACTER SET latin1,
COLLATE latin1_swedish_ci;

--
-- Create index `uk_aplicacion_portatil` on table `aplicaciones`
--
ALTER TABLE aplicaciones
ADD UNIQUE INDEX uk_aplicacion_portatil (aplicacion, id_portatil);

--
-- Create foreign key
--
ALTER TABLE aplicaciones
ADD CONSTRAINT fk_aplicaciones_portatiles FOREIGN KEY (id_portatil)
REFERENCES portatiles (id_portatil);

--
-- Create table `alumnos`
--
CREATE TABLE alumnos (
  id_alumno int(11) NOT NULL AUTO_INCREMENT,
  dni varchar(9) NOT NULL,
  nombre varchar(24) NOT NULL,
  apellidos varchar(48) DEFAULT NULL,
  estado_matricula varchar(16) NOT NULL,
  id_portatil int(11) DEFAULT NULL,
  PRIMARY KEY (id_alumno)
)
ENGINE = INNODB,
CHARACTER SET latin1,
COLLATE latin1_swedish_ci;

--
-- Create index `uk_dni` on table `alumnos`
--
ALTER TABLE alumnos
ADD UNIQUE INDEX uk_dni (dni);

--
-- Create foreign key
--
ALTER TABLE alumnos
ADD CONSTRAINT fk_alumnos_portatiles FOREIGN KEY (id_portatil)
REFERENCES portatiles (id_portatil);

--
-- Create table `cargadores`
--
CREATE TABLE cargadores (
  id_cargador int(11) NOT NULL AUTO_INCREMENT,
  codigo varchar(4) NOT NULL,
  potencia int(4) DEFAULT NULL,
  estado varchar(24) NOT NULL,
  id_almacen int(11) DEFAULT NULL,
  PRIMARY KEY (id_cargador)
)
ENGINE = INNODB,
CHARACTER SET latin1,
COLLATE latin1_swedish_ci;

--
-- Create index `uk_codigo` on table `cargadores`
--
ALTER TABLE cargadores
ADD UNIQUE INDEX uk_codigo (codigo);

--
-- Create foreign key
--
ALTER TABLE cargadores
ADD CONSTRAINT fk_cargadores_almacenes FOREIGN KEY (id_almacen)
REFERENCES almacenes (id_almacen);

--
-- Create table `cargan`
--
CREATE TABLE cargan (
  id_carga int(11) NOT NULL AUTO_INCREMENT,
  id_portatil int(11) DEFAULT NULL,
  id_cargador int(11) DEFAULT NULL,
  PRIMARY KEY (id_carga)
)
ENGINE = INNODB,
CHARACTER SET latin1,
COLLATE latin1_swedish_ci;

--
-- Create index `uk_portatil_cargador` on table `cargan`
--
ALTER TABLE cargan
ADD UNIQUE INDEX uk_portatil_cargador (id_portatil, id_cargador);

--
-- Create foreign key
--
ALTER TABLE cargan
ADD CONSTRAINT fk_cargan_cargadores FOREIGN KEY (id_cargador)
REFERENCES cargadores (id_cargador);

--
-- Create foreign key
--
ALTER TABLE cargan
ADD CONSTRAINT fk_cargan_portatiles FOREIGN KEY (id_portatil)
REFERENCES portatiles (id_portatil);

--
-- Create table `cursos`
--
CREATE TABLE cursos (
  id_curso int(11) NOT NULL AUTO_INCREMENT,
  nombre varchar(96) NOT NULL,
  sigla varchar(8) DEFAULT NULL,
  curso varchar(16) NOT NULL,
  turno varchar(8) NOT NULL,
  aula varchar(4) NOT NULL,
  tutor varchar(24) NOT NULL,
  PRIMARY KEY (id_curso)
)
ENGINE = INNODB,
CHARACTER SET latin1,
COLLATE latin1_swedish_ci;

--
-- Create index `uk_nombre_curso` on table `cursos`
--
ALTER TABLE cursos
ADD UNIQUE INDEX uk_nombre_curso (nombre, curso);

--
-- Create table `cursan`
--
CREATE TABLE cursan (
  id_cursa int(11) NOT NULL AUTO_INCREMENT,
  curso_academico varchar(8) NOT NULL,
  id_alumno int(11) DEFAULT NULL,
  id_curso int(11) DEFAULT NULL,
  PRIMARY KEY (id_cursa)
)
ENGINE = INNODB,
CHARACTER SET latin1,
COLLATE latin1_swedish_ci;

--
-- Create index `uk_alumno_curso` on table `cursan`
--
ALTER TABLE cursan
ADD UNIQUE INDEX uk_alumno_curso (id_alumno, id_curso);

--
-- Create foreign key
--
ALTER TABLE cursan
ADD CONSTRAINT fk_cursan_alumnos FOREIGN KEY (id_alumno)
REFERENCES alumnos (id_alumno);

--
-- Create foreign key
--
ALTER TABLE cursan
ADD CONSTRAINT fk_cursan_cursos FOREIGN KEY (id_curso)
REFERENCES cursos (id_curso);

-- 
-- Dumping data for table almacenes
--
INSERT INTO almacenes VALUES
(1, '116M', 50),
(2, '501H', 50),
(3, '485Y', 50),
(4, '538U', 55),
(5, '338I', 45),
(6, '726D', 60),
(7, '296U', 65),
(8, '622J', 40),
(9, '804B', 60),
(10, '854F', 80),
(11, '553C', 80),
(12, '060K', 80),
(13, '874C', 50),
(14, '203F', 60),
(15, '551B', 60),
(16, '156I', 40),
(17, '986Z', 60),
(18, '652W', 60),
(19, '286F', 65),
(20, '211D', 50),
(21, '303C', 50),
(22, '923K', 50),
(23, '014R', 50),
(24, '930O', 60),
(26, '538H', 60);

-- 
-- Dumping data for table portatiles
--
INSERT INTO portatiles VALUES
(1, '396Z', 'Primux', 'Go Start', 'Disponible', 'Intel I7 Gen 9', 12, 150, 'NVMe', 5),
(2, '357K', 'HP', 'V43 G4 VHM', 'Disponible', 'Intel Pentium', 48, 150, 'NVMe', 12),
(3, '328R', 'Asus', 'Modern 15 B40M-423IZGXES', 'Averiado', 'Intel Celeron', 24, 400, 'NVMe', 6),
(4, '335W', 'Toshiba', 'ExpertBook 8S64', 'Disponible', 'Intel Celeron', 64, 250, 'HDD', 22),
(5, '059T', 'Samsung', 'Netbook', 'Disponible', 'Intel I3 Gen 15', 6, 1000, 'NVMe', 13),
(6, '198W', 'Lenovo', 'Flex Advance', 'Disponible', 'AMD Ryzen 7 4564', 48, 1000, 'NVMe', 18),
(7, '029N', 'OEM', 'TravelMate S0 G727', 'Disponible', 'Intel Celeron', 32, 150, 'NVMe', 15),
(8, '767U', 'Microsoft', 'Akoya X22226 MD06222', 'No disponible', 'AMD Athlon', 64, 100, 'HDD', 9),
(9, '642O', NULL, 'Neo', 'No disponible', 'Intel I5 Gen 15', 8, NULL, 'NVMe', 6),
(10, '084Y', 'Denver', 'Modern 15 B02M-252JLPXES', 'No disponible', 'Intel Pentium', 64, 500, 'SSD', 17),
(11, '196R', 'Denver', 'Go Start', 'No disponible', 'AMD Athlon', 32, 100, 'SSD', 11),
(12, '347V', 'Asus', 'Extensa 15 EX215-88', 'Averiado', 'Intel Pentium', 6, 150, 'NVMe', 19),
(13, '946X', 'Gigabyte', 'Akoya G85298 MD69961', 'Disponible', 'Intel Celeron', 8, 100, 'NVMe', 4),
(14, '834S', 'Microsoft', 'Modern 15 B55M-813UONXES', 'Averiado', 'Intel Pentium', 6, 200, 'NVMe', 3),
(15, '071E', 'Alurin', 'Vivobook 95BC', 'Disponible', 'Intel I9 Gen 18', 16, 250, 'NVMe', 22),
(16, '849L', 'Dell', 'ExpertBook XES2', 'Disponible', 'Intel Celeron', NULL, 150, 'NVMe', 24),
(17, '747D', 'Gigabyte', 'Vivobook KV9S', 'No disponible', 'AMD Ryzen 5 3559', 2, 500, 'HDD', 20),
(18, '178P', 'Dell', 'ThinkPad H935', 'Disponible', 'AMD Ryzen 5 7426', 2, 400, 'SSD', 24),
(19, '372C', 'Medion', 'ThinkPad V604', 'No disponible', 'Intel I9 Gen 11', 8, 1000, 'NVMe', 7),
(20, '803Q', 'Gigabyte', '15S-XR8055NS', 'Disponible', 'Intel Celeron', 48, 400, 'SSD', 13),
(21, '947W', 'OEM', 'Extensa 15 EX215-42', 'Averiado', 'Intel I3 Gen 17', 64, 150, 'SSD', 20),
(22, '277U', 'Thomson', 'Vostro 7482', 'Disponible', NULL, 48, 150, 'HDD', 1),
(23, '377C', 'Realme', 'Modern 15 B23M-644LHCXES', 'Disponible', 'AMD Ryzen 7 7119', 4, 150, 'NVMe', 11),
(24, '569Z', 'Innjoo', 'EliteBookm840 G9', 'Disponible', 'Intel I9 Gen 11', 2, 200, 'NVMe', 3),
(25, '472Q', 'Huawei', 'Go Start', 'No disponible', 'Intel I7 Gen 13', 32, 400, 'SSD', 23),
(26, '362R', 'HP', 'Modern 15 B51M-904QCIXES', 'No disponible', 'Intel Celeron', 24, 400, 'HDD', 23),
(27, '498G', 'Asus', 'Aspire 3 A315-587P-818O', 'Averiado', 'Intel Celeron', 6, 1000, 'HDD', 7),
(28, '973P', 'Samsung', 'V41 G0 NNQ', 'Disponible', 'Intel I9 Gen 16', 64, 150, 'SSD', 3),
(29, '320S', 'MSI', 'U6 MI-58ES211II', 'Averiado', 'Intel I5 Gen 16', 128, 400, 'HDD', 5),
(30, '636U', 'Asus', '15S-CX2595NS', 'No disponible', 'Intel I3 Gen 8', 4, 250, 'SSD', 10),
(31, '975G', 'Toshiba', 'V21 G2 PRP', 'Disponible', 'Intel I9 Gen 17', 32, 200, 'SSD', 22),
(32, '606L', 'Realme', 'LT200E', 'No disponible', 'Intel I3 Gen 13', 12, 400, 'NVMe', 12),
(33, '449E', 'Realme', 'TravelMate E9 H496', 'No disponible', 'AMD Ryzen 9 7466', 16, 400, 'HDD', 19),
(34, '849F', 'Dell', 'Aspire 3 A315-003P-328F', 'Averiado', 'Intel Pentium', 8, 500, 'HDD', 5),
(35, '789V', NULL, 'IdeaPad 7 7C14CG', 'No disponible', 'AMD Ryzen 5 4967', 4, NULL, 'NVMe', 22),
(36, '742V', 'Dell', '15S-GR5654NS', 'No disponible', 'Intel I9 Gen 15', 64, 150, 'NVMe', 18),
(37, '128Z', 'HP', 'Ioxbook BTH', 'No disponible', 'Intel I3 Gen 15', 12, 2000, 'HDD', 8),
(38, '936D', 'Primux', 'V41 G4 KSA', 'Averiado', 'AMD Athlon', 6, 250, 'SSD', 14),
(39, '004G', NULL, NULL, 'No disponible', 'AMD Athlon', 24, NULL, 'NVMe', 17),
(40, '964J', 'Denver', 'ThinkPad F955', 'No disponible', 'Intel I7 Gen 8', 6, 500, 'SSD', 9),
(41, '463K', 'Asus', NULL, 'Disponible', 'AMD Ryzen 7 5645', 64, 100, 'HDD', 19),
(42, '559V', 'Medion', 'Latitude 4214', 'Disponible', 'Intel Celeron', 64, 250, 'SSD', 9),
(43, '051H', 'Acer', '15S-UZ6446NS', 'Averiado', 'AMD Athlon', 12, 200, 'NVMe', 6),
(44, '356V', 'Denver', 'Netbook', 'No disponible', 'AMD Ryzen 5 5627', 64, 500, 'NVMe', 6),
(45, '845G', 'MSI', 'Ioxbook P0L', 'No disponible', 'AMD Athlon', 64, 1000, 'SSD', 18),
(46, '267S', 'Gigabyte', 'EliteBookm840 G9', 'Averiado', 'Intel I3 Gen 17', 2, 200, 'SSD', 6),
(47, '287V', 'Gigabyte', 'Modern 15', 'Averiado', 'Intel Pentium', 16, 400, 'NVMe', 4),
(48, '312R', 'Denver', 'Aspire 3 A315-205P-866C', 'Averiado', 'AMD Ryzen 7 5898', 2, 400, 'HDD', 3),
(49, '370F', 'Lenovo', 'Go Start', 'Disponible', 'Intel Celeron', 6, 150, 'SSD', 18),
(50, '659I', 'Vant', 'Neo', 'Averiado', 'Intel Celeron', 24, 250, 'SSD', 23),
(51, '383D', 'Toshiba', 'Aspire 3 A315-353P-626N', 'No disponible', 'Intel Celeron', 24, 500, 'SSD', 13),
(52, '428E', 'MSI', 'Flex Advance', 'Disponible', 'Intel Pentium', 64, 400, 'HDD', 23),
(53, '627Y', 'Prixton', '15S-CG1830NS', 'No disponible', 'AMD Athlon', 64, 100, 'HDD', 9),
(54, '295R', 'Alurin', 'ThinkPad P927', 'Averiado', 'Intel Celeron', 4, 1000, 'SSD', 18),
(55, '539M', 'Microsoft', 'Aspire 3 A315-733P-393V', 'Averiado', 'Intel I5 Gen 10', 4, 2000, 'HDD', 17),
(56, '007T', 'Primux', 'U3 UI-05ES761KN', 'Averiado', 'AMD Athlon', 2, 400, NULL, 23),
(57, '345W', 'MSI', 'ExpertBook 8CX3', 'No disponible', 'Intel Celeron', 2, 400, 'NVMe', 14),
(58, '071Y', 'Gigabyte', 'EliteBookm840 G1', 'Disponible', 'AMD Athlon', 8, 150, 'NVMe', 8),
(59, '151H', 'OEM', 'LT600E', 'Averiado', 'AMD Ryzen 9 8919', 8, 400, 'HDD', 15),
(60, '882B', 'Innjoo', 'Modern 15 B33M-639PVEXES', 'No disponible', 'Intel I3 Gen 16', 8, 150, 'NVMe', 9),
(61, '376O', 'Innjoo', 'TravelMate W0 N768', 'Averiado', 'AMD Ryzen 5 4129', NULL, 100, 'NVMe', 21),
(62, '030U', 'Toshiba', 'Netbook', 'Disponible', 'Intel Pentium', 64, 1000, 'HDD', 8),
(63, '234R', 'Huawei', 'Modern 15 B25M-896JNXXES', 'Averiado', 'AMD Ryzen 9 4929', 64, 500, 'NVMe', 21),
(64, '552X', 'Prixton', 'ExpertBook 5W4G', 'Averiado', 'AMD Ryzen 5 7842', 16, 150, 'HDD', 5),
(65, '745J', 'Huawei', 'Vivobook 0B91', 'No disponible', 'AMD Athlon', 12, 1000, 'HDD', 4),
(66, '334U', 'Samsung', 'Akoya Q41817 MD19578', 'No disponible', 'Intel I7 Gen 13', 12, 500, 'HDD', 17),
(67, '009N', 'Toshiba', 'Flex Advance', 'No disponible', 'Intel I7 Gen 17', 6, 400, 'SSD', 4),
(68, '077V', 'Prixton', 'Netbook', 'Disponible', 'Intel I7 Gen 9', 8, 2000, 'HDD', 1),
(69, '023V', 'HP', 'EliteBookm840 G3', 'No disponible', 'AMD Athlon', 12, 1000, 'NVMe', 9),
(70, '844B', 'LG', 'Latitude 9127', 'Averiado', 'Intel Celeron', 2, 100, 'SSD', 5),
(71, '381D', 'Lenovo', 'Vostro 2832', 'No disponible', 'Intel I9 Gen 14', 64, 2000, 'SSD', 18),
(72, '400Q', 'Toshiba', 'LT700E', 'Averiado', 'AMD Ryzen 9 3998', 2, 400, 'NVMe', 9),
(73, '718F', 'Innjoo', 'U4 JA-77ES451KC', 'No disponible', 'Intel Celeron', 128, 150, 'HDD', 18),
(74, '018R', 'Prixton', 'ExpertBook 6091', 'Disponible', 'Intel I7 Gen 15', 8, 2000, 'NVMe', 2),
(75, '784K', 'Polaroid', 'EliteBookm840 G2', 'Averiado', 'Intel I9 Gen 16', 24, 100, 'NVMe', 13),
(76, '189D', 'Polaroid', 'Extensa 15 EX215-10', 'Disponible', 'Intel Celeron', 128, 2000, 'NVMe', 4),
(77, '681J', 'Polaroid', 'IdeaPad 1 8VJY4N', 'Disponible', 'Intel Pentium', 64, 400, 'HDD', 24),
(78, '318J', 'Asus', 'TravelMate U8 K621', 'No disponible', 'Intel I5 Gen 10', 24, 150, 'NVMe', 16),
(79, '477H', 'Medion', 'Voom Excellence', 'Disponible', 'Intel Celeron', 8, 500, 'HDD', 8),
(80, '065Z', 'Vant', 'Vivobook 10QO', 'Averiado', 'Intel I3 Gen 6', 4, 500, 'HDD', 23),
(81, '407X', 'Prixton', 'Satellite', 'No disponible', 'Intel Pentium', 6, 250, 'SSD', 12),
(82, '406W', 'Alurin', 'NBW-79358DZYIZ', 'Disponible', 'AMD Ryzen 5 5781', 2, 100, 'NVMe', 19),
(83, '917V', 'Lenovo', 'ThinkPad C237', 'No disponible', 'AMD Athlon', 12, 250, 'NVMe', 1),
(84, '719F', 'Dell', 'Voom Excellence', 'Averiado', 'Intel I3 Gen 13', 24, 500, 'HDD', 23),
(85, '491U', 'OEM', 'TravelMate S9 M115', 'Disponible', 'Intel I9 Gen 10', 16, 1000, 'SSD', 5),
(86, '668P', 'HP', '15S-ZF4490NS', 'Averiado', 'AMD Ryzen 7 8532', 16, 400, 'HDD', 20),
(87, '953O', 'Microsoft', 'TravelMate Q9 S269', 'Averiado', 'Intel I5 Gen 5', 4, 2000, 'SSD', 4),
(88, '476N', 'Huawei', 'Ioxbook Q0S', 'Disponible', 'Intel I7 Gen 8', 32, 500, 'HDD', 3),
(89, '008Z', 'Realme', 'EliteBookm840 G8', 'Disponible', 'Intel I5 Gen 6', 128, 1000, 'NVMe', 19),
(90, '877W', 'HP', 'Extensa 15 EX215-21', 'Averiado', 'Intel Celeron', 16, 2000, 'SSD', 16),
(91, '765U', 'Alurin', 'Vivobook 9TML', 'No disponible', 'Intel I7 Gen 6', 24, 400, 'NVMe', 12),
(92, '436X', 'Medion', 'Flex Advance', 'Disponible', 'AMD Athlon', 2, 150, 'NVMe', 1),
(93, '867N', 'Gigabyte', 'ThinkPad S811', 'Averiado', 'Intel I7 Gen 5', 48, 150, 'HDD', 16),
(94, '442O', 'Realme', 'EliteBookm840 G9', 'No disponible', 'Intel Pentium', 24, 250, 'NVMe', 13),
(95, '283I', 'Microsoft', 'ExpertBook VB03', 'Averiado', 'AMD Athlon', 128, 200, 'SSD', 18),
(96, '882M', 'Razer', 'Vostro 7891', 'Disponible', 'AMD Ryzen 7 7263', 8, 200, 'SSD', 7),
(97, '063O', 'HP', 'ThinkPad A806', 'Disponible', 'AMD Athlon', 24, 150, 'SSD', 22),
(98, '033K', 'Acer', 'Akoya J83121 MD96591', 'Disponible', 'Intel I3 Gen 17', 32, 200, 'SSD', 20),
(99, '941G', 'Denver', 'ThinkPad R232', 'Averiado', 'Intel Celeron', NULL, 1000, 'NVMe', 11),
(100, '171C', 'Polaroid', 'Satellite', 'Averiado', 'Intel I7 Gen 4', 4, 500, 'NVMe', 3),
(101, '082O', 'Asus', 'Go Start', 'No disponible', 'Intel Pentium', 24, 250, 'NVMe', 6),
(102, '997C', 'Gigabyte', 'ThinkPad C630', 'Disponible', 'Intel I7 Gen 10', 32, 400, 'NVMe', 22),
(103, '309W', 'Huawei', 'Galaxy Book4', 'No disponible', 'Intel Pentium', 128, 200, 'SSD', 17),
(104, '510Q', 'Medion', 'ExpertBook BWPD', 'No disponible', 'Intel Pentium', 2, 100, 'SSD', 24),
(105, '814F', 'Innjoo', 'Extensa 15 EX215-80', 'Averiado', 'AMD Ryzen 3 5368', 24, 150, 'SSD', 22),
(106, '718S', NULL, 'Latitude 2781', 'Averiado', 'Intel I3 Gen 4', 128, NULL, 'SSD', 5),
(107, '298P', 'Vant', 'Neo', 'No disponible', 'Intel I5 Gen 12', 128, 150, 'HDD', 12),
(108, '051M', 'Razer', 'Vostro 6512', 'No disponible', 'Intel Pentium', 4, 150, 'NVMe', 18),
(109, '646I', 'Huawei', '15S-HY3103NS', 'Disponible', 'Intel I3 Gen 7', 12, 400, 'NVMe', 19),
(110, '189M', 'Innjoo', 'TravelMate S9 U493', 'No disponible', 'AMD Athlon', 6, 400, 'SSD', 20),
(111, '801S', 'Huawei', 'Vivobook XF42', 'Disponible', 'Intel Pentium', 8, 400, 'NVMe', 24),
(112, '649H', 'Samsung', 'Go Start', 'No disponible', NULL, 12, 2000, 'NVMe', 22),
(113, '225A', 'Acer', 'Netbook', 'No disponible', 'AMD Athlon', 24, 500, 'HDD', 6),
(114, '107W', 'LG', 'ThinkPad A955', 'No disponible', 'AMD Athlon', 24, 150, 'NVMe', 11),
(115, '083O', 'HP', 'Vostro 7698', 'Averiado', 'Intel I5 Gen 6', 32, 2000, 'HDD', 18),
(116, '770Z', 'Polaroid', 'Modern 15 B76M-232USWXES', 'Averiado', 'Intel Pentium', 48, 2000, 'HDD', 12),
(117, '803D', 'Toshiba', 'Modern 15 B49M-725APKXES', 'Averiado', 'AMD Athlon', 2, 1000, 'HDD', 12),
(118, '345Z', NULL, 'Netbook', 'Averiado', 'Intel I7 Gen 10', 2, NULL, 'NVMe', 1),
(119, '542Y', 'Innjoo', 'Netbook', 'Averiado', 'Intel Pentium', 6, 2000, 'HDD', 23),
(120, '873N', 'Alurin', 'LT400E', 'Disponible', 'Intel Pentium', 4, 2000, 'NVMe', 12),
(121, '051Y', 'Thomson', '15S-YI6522NS', 'Averiado', 'Intel I9 Gen 7', 24, 400, 'HDD', 21),
(122, '325I', 'Alurin', 'TravelMate G9 Y226', 'Averiado', 'Intel I5 Gen 4', 24, 500, 'SSD', 10),
(123, '486P', 'MSI', 'Galaxy Book7', 'No disponible', 'Intel I3 Gen 11', 4, 200, 'SSD', 20),
(124, '408G', 'Vant', 'ThinkPad C434', 'Disponible', 'Intel I7 Gen 5', 12, 200, 'NVMe', 6),
(125, '074X', 'MSI', 'NBA-47565JKORL', 'Averiado', 'AMD Ryzen 7 5246', 16, 500, 'HDD', 17),
(126, '281J', 'Denver', 'EliteBookm840 G3', 'Disponible', 'AMD Athlon', 8, 150, 'HDD', 18),
(127, '462V', 'Thomson', 'LT400E', 'No disponible', 'AMD Athlon', 64, 100, 'HDD', 10),
(128, '316Y', 'Asus', 'Extensa 15 EX215-62', 'Averiado', 'Intel Celeron', 12, 1000, NULL, 20),
(129, '683E', 'HP', 'Netbook', 'Disponible', 'Intel I7 Gen 4', 32, 200, 'NVMe', 14),
(130, '623B', 'Thomson', '15S-GV3950NS', 'Disponible', 'Intel I9 Gen 13', 24, 250, NULL, 2),
(131, '612U', 'Primux', 'EliteBookm840 G6', 'Disponible', 'Intel I9 Gen 13', 48, 500, 'NVMe', 10),
(132, '965K', 'OEM', 'Neo', 'Disponible', 'AMD Athlon', 48, 400, 'NVMe', 14),
(133, '457W', 'HP', 'EliteBookm840 G2', 'Averiado', 'AMD Ryzen 7 5494', 48, 400, 'HDD', 23),
(134, '331X', 'Vant', 'Go Start', 'Averiado', 'AMD Ryzen 3 4263', 6, 200, 'NVMe', 12),
(135, '043K', 'Asus', 'Voom Excellence', 'No disponible', 'Intel Celeron', 8, 100, 'NVMe', 6),
(136, '781F', 'Dell', 'Ioxbook MP8', 'Disponible', 'Intel Pentium', 12, 200, 'SSD', 19),
(137, '940X', 'Dell', 'TravelMate U8 I789', 'No disponible', 'Intel I7 Gen 5', 24, 1000, 'SSD', 16),
(138, '503T', 'Asus', NULL, 'No disponible', 'AMD Athlon', 6, 1000, 'NVMe', 14),
(139, '263Q', 'Dell', 'Modern 15 B58M-332CGDXES', 'No disponible', 'Intel Celeron', 2, 500, 'HDD', 1),
(140, '249N', 'Innjoo', 'Voom Excellence', 'Averiado', 'Intel Celeron', 16, 200, 'HDD', 15),
(141, '088A', 'Polaroid', 'Akoya U67429 MD06555', 'No disponible', 'Intel Pentium', 12, 2000, 'SSD', 2),
(142, '637P', 'Medion', 'ThinkPad E625', 'No disponible', 'Intel Pentium', 48, 400, 'SSD', 8),
(143, '556R', 'MSI', 'Flex Advance', 'Disponible', 'Intel Celeron', 8, 200, 'NVMe', 22),
(144, '176C', 'Denver', 'Aspire 3 A315-274P-999W', 'No disponible', 'Intel Celeron', 64, 2000, 'NVMe', 8),
(145, '537O', 'Acer', 'Extensa 15 EX215-62', 'Disponible', 'Intel Celeron', 4, 150, 'NVMe', 5),
(146, '382G', 'Thomson', 'ExpertBook T69Z', 'Averiado', 'Intel I3 Gen 5', NULL, 200, 'NVMe', 20),
(147, '485V', 'LG', 'Neo', 'No disponible', 'Intel I9 Gen 14', 128, 1000, 'HDD', 4),
(148, '666V', 'HP', 'Satellite', 'Disponible', 'Intel I9 Gen 18', 48, 100, 'HDD', 7),
(149, '265V', 'Realme', 'Modern 15 B22M-001BBOXES', 'No disponible', 'Intel Pentium', 48, 150, 'SSD', 19),
(150, '836Q', 'HP', '15S-ZE8068NS', 'Disponible', 'Intel I3 Gen 6', 2, 150, 'SSD', 24),
(151, '302B', 'Microsoft', 'EliteBookm840 G6', 'Averiado', 'Intel Pentium', 12, 2000, 'HDD', 15),
(152, '390G', 'LG', 'Aspire 3 A315-973P-029F', 'Disponible', 'Intel I7 Gen 6', NULL, 500, 'SSD', 14),
(153, '418T', 'Acer', 'Latitude 2191', 'Averiado', 'AMD Ryzen 3 3554', 128, 2000, 'NVMe', 5),
(154, '142B', 'MSI', 'LT100E', 'No disponible', 'Intel Celeron', 12, 500, 'NVMe', 5),
(155, '318N', 'Lenovo', 'Extensa 15 EX215-96', 'No disponible', 'AMD Ryzen 5 5219', 64, 2000, 'NVMe', 24),
(156, '370A', 'Dell', 'IdeaPad 4 9W5S50', 'No disponible', 'Intel I3 Gen 7', 6, 200, 'HDD', 22),
(157, '046M', 'Prixton', 'Extensa 15 EX215-10', 'No disponible', 'AMD Ryzen 9 3112', 4, 150, 'NVMe', 17),
(158, '635J', 'Dell', 'IdeaPad 2 EWF632', 'Disponible', 'AMD Ryzen 9 5258', 24, 500, 'HDD', 17),
(159, '873H', 'Dell', 'Voom Excellence', 'Averiado', 'AMD Athlon', 6, 2000, 'HDD', 5),
(160, '404S', 'LG', 'Galaxy Book6', 'Averiado', 'Intel Celeron', 48, 150, 'NVMe', 20),
(161, '043F', 'Vant', 'Netbook', 'Averiado', 'Intel Celeron', 16, 100, 'SSD', 1),
(162, '685A', 'OEM', 'V32 G0 AVH', 'Disponible', 'AMD Ryzen 5 5998', 8, 100, 'HDD', 24),
(163, '570A', 'Medion', NULL, 'Averiado', 'Intel Pentium', 8, 100, 'HDD', 6),
(164, '817E', 'Thomson', 'Satellite', 'Averiado', 'Intel I7 Gen 17', 12, 200, 'HDD', 10),
(165, '704P', 'Prixton', 'Galaxy Book5', 'Averiado', NULL, 24, 150, 'SSD', 2),
(166, '266L', 'Microsoft', 'Galaxy Book5', 'No disponible', 'AMD Ryzen 9 3553', 128, 1000, 'NVMe', 12),
(167, '847E', 'Realme', 'Voom Excellence', 'No disponible', 'Intel Celeron', 2, 2000, 'NVMe', 21),
(168, '115X', 'Gigabyte', 'Latitude 9571', 'No disponible', 'Intel I5 Gen 9', 4, 1000, 'NVMe', 15),
(169, '039G', 'MSI', 'ExpertBook NOAA', 'No disponible', 'AMD Athlon', 6, 500, 'NVMe', 6),
(170, '971K', 'Primux', 'Extensa 15 EX215-54', 'Averiado', 'AMD Ryzen 3 5185', 6, 2000, 'SSD', 20),
(171, '666G', 'Lenovo', 'Satellite', 'Averiado', 'Intel I5 Gen 4', NULL, 500, 'SSD', 4),
(172, '648C', 'Microsoft', 'Modern 15 B83M-027IWZXES', 'Disponible', 'AMD Athlon', 12, 200, 'NVMe', 2),
(173, '961R', 'Alurin', 'V04 G7 BSE', 'No disponible', 'AMD Athlon', 32, 200, 'NVMe', 5),
(174, '798D', 'Razer', 'ExpertBook 1BHQ', 'No disponible', 'Intel Pentium', 4, 200, 'NVMe', 14),
(175, '583U', 'Acer', 'IdeaPad 6 3O6U89', 'No disponible', 'Intel Celeron', 8, 250, 'SSD', 7),
(176, '204E', 'Innjoo', 'TravelMate N9 Z776', 'Averiado', NULL, 6, 2000, 'NVMe', 15),
(177, '307D', 'Vant', 'NBI-52342WHNKC', 'Averiado', 'AMD Ryzen 3 7866', 48, 1000, 'NVMe', 6),
(178, '644E', 'Toshiba', 'Akoya H86513 MD73299', 'Disponible', 'Intel Celeron', 6, 1000, 'SSD', 11),
(179, '697D', 'Prixton', 'Flex Advance', 'No disponible', 'Intel Celeron', 128, 2000, 'NVMe', 12),
(180, '810R', 'Alurin', 'Akoya J41765 MD23290', 'Averiado', 'Intel I7 Gen 17', NULL, 2000, 'HDD', 7),
(181, '425M', 'Vant', 'V18 G2 VQA', 'Averiado', 'Intel Celeron', 6, 1000, NULL, 13),
(182, '496O', 'MSI', 'V13 G2 KBJ', 'No disponible', 'Intel I3 Gen 12', 32, 200, 'SSD', 17),
(183, '131S', 'Dell', NULL, 'Averiado', 'Intel I3 Gen 8', 6, 150, 'NVMe', 12),
(184, '870H', 'Dell', 'Netbook', 'Disponible', 'AMD Ryzen 5 8574', 24, 2000, 'NVMe', 12),
(185, '480S', 'Thomson', 'Extensa 15 EX215-14', 'No disponible', 'Intel Pentium', 16, 250, 'SSD', 1),
(186, '258G', 'Innjoo', 'Vivobook 3Y0Y', 'Disponible', 'Intel I7 Gen 4', 6, 400, 'HDD', 20),
(187, '252L', 'Polaroid', 'Flex Advance', 'Averiado', 'Intel I3 Gen 18', 8, 150, 'NVMe', 16),
(188, '230O', 'Vant', 'TravelMate I6 N124', 'Averiado', NULL, 32, 200, 'HDD', 4),
(189, '437V', 'Asus', 'ThinkPad Z682', 'Disponible', 'Intel Celeron', 12, 100, 'SSD', 4),
(190, '609G', 'Denver', 'Vivobook VCY2', 'Averiado', 'Intel Celeron', 32, 100, 'NVMe', 20),
(191, '661J', 'Huawei', 'EliteBookm840 G1', 'Disponible', 'AMD Ryzen 3 3445', 16, 200, 'HDD', 19),
(192, '760K', 'Lenovo', '15S-SL5858NS', 'Averiado', 'Intel I7 Gen 5', 12, 100, 'NVMe', 1),
(193, '849I', 'Innjoo', 'Satellite', 'No disponible', 'Intel I3 Gen 5', 6, 500, 'NVMe', 5),
(194, '155C', 'Primux', 'Netbook', 'Averiado', 'AMD Ryzen 7 3521', 12, 250, 'SSD', 12),
(195, '916N', 'Toshiba', 'Neo', 'Disponible', 'AMD Ryzen 9 7245', 12, 250, 'NVMe', 17),
(196, '363J', 'MSI', 'ExpertBook VSKW', 'No disponible', 'Intel Celeron', 128, 400, 'SSD', 20),
(197, '676F', 'Huawei', 'Go Start', 'Disponible', 'Intel Celeron', 6, 200, 'HDD', 8),
(198, '969Q', 'Toshiba', 'TravelMate E0 P033', 'Disponible', 'Intel Pentium', 64, 100, 'NVMe', 3),
(199, '819P', 'Denver', 'U5 CJ-63ES847LP', 'Disponible', 'Intel Pentium', 2, 250, 'NVMe', 8),
(200, '169K', 'Acer', NULL, 'No disponible', 'AMD Athlon', 4, 250, NULL, 15),
(201, '551C', 'Polaroid', 'Flex Advance', 'Averiado', 'AMD Ryzen 3 5969', 32, 2000, 'NVMe', 19),
(202, '172T', 'Dell', 'ExpertBook NOR8', 'Averiado', 'Intel I7 Gen 7', 32, 250, 'NVMe', 22),
(203, '518M', 'Thomson', 'ThinkPad Q087', 'Disponible', 'Intel Pentium', 128, 150, 'HDD', 24),
(204, '081Y', 'Alurin', 'Ioxbook 2K3', 'No disponible', 'AMD Athlon', 32, 500, 'HDD', 15),
(205, '569H', 'Samsung', 'ExpertBook CSOR', 'Disponible', 'Intel I3 Gen 6', 32, 150, 'NVMe', 15),
(206, '835L', NULL, 'IdeaPad 3 FX618V', 'No disponible', 'AMD Athlon', 2, NULL, 'SSD', 7),
(207, '388W', 'Acer', 'Akoya O66398 MD37225', 'No disponible', 'AMD Ryzen 9 4854', 24, 250, 'NVMe', 10),
(208, '643M', 'MSI', 'ThinkPad E442', 'No disponible', 'Intel I9 Gen 5', 12, 2000, 'SSD', 6),
(209, '191K', 'OEM', 'EliteBookm840 G2', 'Disponible', 'Intel I7 Gen 7', NULL, 2000, 'SSD', 17),
(210, '521C', 'Huawei', 'EliteBookm840 G9', 'No disponible', 'Intel I7 Gen 9', 32, 250, 'NVMe', 1),
(211, '528G', 'Alurin', 'Netbook', 'Averiado', 'AMD Ryzen 9 3983', 2, 150, 'HDD', 22),
(212, '726B', 'Lenovo', 'Netbook', 'No disponible', 'AMD Ryzen 3 3258', 128, 250, 'NVMe', 18),
(213, '691B', 'Alurin', 'NBW-35273UMVMC', 'Disponible', 'AMD Athlon', 64, 100, 'NVMe', 9),
(214, '326R', 'Gigabyte', 'Aspire 3 A315-613P-363C', 'No disponible', 'Intel I7 Gen 8', 24, 500, 'SSD', 15),
(215, '640C', 'Medion', 'V17 G6 PKQ', 'Averiado', 'AMD Athlon', 128, 150, 'SSD', 12),
(216, '873F', 'HP', 'NBD-28111FOPYC', 'Averiado', 'Intel Celeron', NULL, 400, 'SSD', 2),
(217, '252Y', 'Vant', 'Satellite', 'No disponible', 'Intel Pentium', 64, 200, 'SSD', 15),
(218, '447J', 'MSI', 'Netbook', 'Averiado', 'Intel I9 Gen 7', 128, 250, 'HDD', 3),
(219, '569N', 'Lenovo', 'Vostro 3743', 'Averiado', 'Intel I3 Gen 5', 12, 1000, 'SSD', 23),
(220, '818N', 'LG', 'LT100E', 'No disponible', 'Intel Celeron', 12, 400, 'HDD', 10),
(221, '370C', 'MSI', 'TravelMate M5 X739', 'Disponible', 'AMD Ryzen 3 8163', 32, 400, 'NVMe', 15),
(222, '338E', 'Samsung', '15S-JB4454NS', 'Averiado', 'AMD Athlon', 8, 150, 'SSD', 17),
(223, '697M', 'Innjoo', 'IdeaPad 9 569T42', 'Averiado', 'Intel I5 Gen 10', 8, 500, 'NVMe', 12),
(224, '392M', 'Primux', 'EliteBookm840 G8', 'Averiado', NULL, 64, 1000, 'SSD', 4),
(225, '113I', 'Razer', 'TravelMate S5 F965', 'No disponible', NULL, 8, 200, 'HDD', 6),
(226, '969K', 'Lenovo', 'Aspire 3 A315-481P-783B', 'Disponible', NULL, 24, 400, 'HDD', 15),
(227, '797Q', 'Innjoo', 'Vivobook 3ZR9', 'Averiado', 'Intel Pentium', 16, 250, 'HDD', 15),
(228, '908J', 'Huawei', 'Satellite', 'Disponible', 'Intel I7 Gen 9', 24, 2000, 'SSD', 9),
(229, '146U', 'Thomson', 'Galaxy Book5', 'No disponible', 'Intel I9 Gen 8', 6, 1000, 'HDD', 6),
(230, '949L', 'Lenovo', 'Galaxy Book9', 'No disponible', 'Intel I5 Gen 12', 12, 100, 'NVMe', 12),
(231, '210P', 'Lenovo', 'Akoya X94997 MD56591', 'No disponible', 'Intel I5 Gen 16', 2, 100, 'HDD', 13),
(232, '051U', 'Asus', 'V41 G1 AUS', 'Disponible', 'AMD Athlon', 48, 500, 'HDD', 6),
(233, '510N', 'LG', 'Netbook', 'No disponible', 'Intel Pentium', 2, 2000, 'HDD', 10),
(234, '847C', 'Acer', 'Satellite', 'Disponible', 'AMD Athlon', 64, 2000, 'HDD', 21),
(235, '709L', 'Samsung', '15S-QH1917NS', 'Averiado', 'AMD Ryzen 3 3512', 32, 100, 'SSD', 22),
(236, '678I', 'Acer', 'TravelMate T3 E064', 'Averiado', 'Intel Celeron', 16, 500, 'SSD', 3),
(237, '347E', 'Gigabyte', 'Ioxbook 5ZS', 'No disponible', 'Intel Celeron', 24, 150, 'HDD', 5),
(238, '487F', 'Toshiba', 'IdeaPad 6 4IZ69W', 'No disponible', 'AMD Athlon', 6, 2000, 'SSD', 4),
(239, '346F', 'Huawei', 'ExpertBook EAT1', 'Averiado', 'Intel Celeron', 64, 100, 'NVMe', 23),
(240, '497E', 'OEM', '15S-MK3418NS', 'No disponible', 'Intel Celeron', 8, 400, 'NVMe', 4),
(241, '148D', 'Lenovo', 'Aspire 3 A315-710P-631W', 'Disponible', 'AMD Athlon', 48, 200, NULL, 7),
(242, '689A', 'Thomson', 'IdeaPad 8 4S03S6', 'Averiado', 'Intel I5 Gen 7', 12, 500, 'NVMe', 3),
(243, '980X', 'Primux', '15S-XE7868NS', 'Averiado', 'AMD Ryzen 9 5759', 8, 200, 'SSD', 15),
(244, '702R', 'HP', 'Ioxbook 65K', 'Averiado', 'AMD Ryzen 3 4886', 8, 500, 'HDD', 7),
(245, '743W', 'Medion', 'Voom Excellence', 'No disponible', 'AMD Ryzen 9 5777', 6, 150, 'SSD', 20),
(246, '963N', 'Prixton', 'Voom Excellence', 'Averiado', 'Intel Pentium', 32, 400, 'HDD', 18),
(247, '527G', 'Prixton', 'U2 OL-02ES062RX', 'No disponible', 'Intel I3 Gen 12', 16, 1000, 'HDD', 22),
(248, '663Z', 'Medion', 'Ioxbook 25R', 'No disponible', NULL, 64, 1000, 'SSD', 12),
(249, '732Q', 'OEM', 'Voom Excellence', 'Disponible', 'Intel Pentium', 32, 250, 'SSD', 11),
(250, '396U', 'Huawei', 'Aspire 3 A315-931P-695B', 'Disponible', 'Intel Celeron', 8, 500, 'NVMe', 12),
(251, '663L', 'OEM', 'EliteBookm840 G0', 'Averiado', 'AMD Athlon', 48, 200, 'HDD', 22),
(252, '354Q', 'Gigabyte', 'Satellite', 'Averiado', 'Intel Celeron', 4, 250, 'HDD', 16),
(253, '545M', 'Medion', 'Voom Excellence', 'Disponible', 'Intel Pentium', 48, 150, 'HDD', 17),
(254, '550J', 'Vant', 'Flex Advance', 'Averiado', NULL, 64, 100, 'HDD', 8),
(255, '132X', 'Microsoft', 'Neo', 'No disponible', 'Intel I9 Gen 15', 2, 500, 'NVMe', 1),
(256, '104S', NULL, 'Voom Excellence', 'Averiado', 'AMD Ryzen 5 3553', 16, NULL, 'SSD', 15),
(257, '607O', 'Prixton', 'Ioxbook 57P', 'No disponible', 'Intel I3 Gen 12', 8, 250, 'HDD', 10),
(258, '837R', 'Alurin', 'U3 RD-22ES898RZ', 'No disponible', 'Intel Celeron', 64, 2000, 'NVMe', 15),
(259, '682X', 'Innjoo', '15S-LZ6486NS', 'No disponible', 'Intel Pentium', 8, 2000, 'SSD', 4),
(260, '686N', 'Razer', 'Galaxy Book6', 'No disponible', 'Intel Celeron', 4, 100, 'SSD', 17),
(261, '815U', 'Toshiba', 'NBO-82776PHFLW', 'No disponible', 'Intel I5 Gen 5', 8, 250, 'NVMe', 11),
(262, '917H', 'MSI', 'ThinkPad C468', 'Disponible', 'Intel I7 Gen 8', 24, 250, 'NVMe', 6),
(263, '742X', 'Vant', 'Neo', 'No disponible', 'AMD Ryzen 3 4156', 2, 500, 'HDD', 9),
(264, '046P', 'Thomson', 'NBH-62586ARBDW', 'Disponible', 'AMD Athlon', 64, 2000, 'NVMe', 12),
(265, '346T', 'Innjoo', 'Ioxbook 2DD', 'Averiado', 'Intel I5 Gen 12', 128, 400, 'SSD', 2),
(266, '084S', 'Thomson', 'Ioxbook Q33', 'No disponible', 'Intel Pentium', 128, 1000, 'NVMe', 21),
(267, '687G', 'Toshiba', 'ExpertBook HPKL', 'Averiado', 'Intel I5 Gen 4', 8, 400, 'NVMe', 16),
(268, '596N', 'LG', 'TravelMate G2 F328', 'No disponible', 'Intel Celeron', 24, 150, 'HDD', 10),
(269, '886L', 'HP', 'ExpertBook SPS4', 'Disponible', 'AMD Athlon', 24, 400, 'NVMe', 4),
(270, '921C', 'Alurin', 'Satellite', 'Averiado', 'Intel I7 Gen 18', 6, 150, 'HDD', 14),
(271, '694V', 'Lenovo', 'Voom Excellence', 'Averiado', 'Intel I3 Gen 10', 8, 1000, 'SSD', 24),
(272, '635U', 'Acer', 'Extensa 15 EX215-36', 'No disponible', 'Intel I9 Gen 6', 4, 100, 'NVMe', 17),
(273, '623O', 'Prixton', 'EliteBookm840 G7', 'Averiado', 'AMD Athlon', 12, 2000, 'NVMe', 17),
(274, '509U', 'Razer', 'Satellite', 'Disponible', 'Intel I7 Gen 6', 8, 400, 'SSD', 16),
(275, '728Y', 'Huawei', 'Netbook', 'Disponible', 'AMD Ryzen 9 4426', 8, 200, 'NVMe', 3),
(276, '345J', 'Prixton', 'Go Start', 'Averiado', 'AMD Ryzen 9 4318', 16, 2000, 'NVMe', 16),
(277, '703W', 'Huawei', 'U8 CK-59ES741FI', 'Averiado', 'AMD Athlon', 24, 400, 'HDD', 19),
(278, '903K', 'Polaroid', 'Ioxbook 694', 'Averiado', 'AMD Ryzen 5 5729', 8, 500, 'HDD', 10),
(279, '285H', 'Microsoft', 'Ioxbook 28Y', 'No disponible', 'Intel Celeron', 2, 100, 'NVMe', 21),
(280, '594U', 'MSI', '15S-YD9951NS', 'Disponible', 'AMD Ryzen 9 3757', 8, 150, 'SSD', 23),
(281, '239V', 'Dell', 'Go Start', 'No disponible', 'AMD Ryzen 3 4776', 64, 250, 'SSD', 8),
(282, '305S', 'Microsoft', '15S-JG3587NS', 'No disponible', 'Intel I9 Gen 15', 128, 100, 'HDD', 11),
(283, '795U', 'Lenovo', 'Aspire 3 A315-242P-816Y', 'Disponible', 'AMD Athlon', 128, 150, 'NVMe', 18),
(284, '615K', NULL, 'Voom Excellence', 'Averiado', 'Intel Pentium', 32, NULL, 'HDD', 11),
(285, '099U', 'Denver', 'U1 EG-56ES768PX', 'Disponible', 'Intel Celeron', 32, 100, 'HDD', 8),
(286, '539B', 'Innjoo', 'Extensa 15 EX215-54', 'Disponible', 'AMD Ryzen 5 3296', 32, 250, 'HDD', 11),
(287, '310E', 'Prixton', 'IdeaPad 7 O0DH68', 'Disponible', 'AMD Ryzen 5 7916', 128, 250, 'NVMe', 16),
(288, '810D', 'Realme', 'Neo', 'No disponible', 'AMD Ryzen 5 8539', 6, 150, 'NVMe', 16),
(289, '450M', 'LG', 'Galaxy Book4', 'Averiado', 'Intel Celeron', 16, 250, 'SSD', 15),
(290, '676K', 'Medion', 'Akoya L63235 MD86856', 'No disponible', 'Intel Celeron', 4, 500, 'NVMe', 4),
(291, '022W', 'Primux', 'Modern 15 B94M-415PJBXES', 'No disponible', 'AMD Athlon', 4, 1000, 'SSD', 11),
(292, '879C', 'Denver', 'ExpertBook 81BT', 'Disponible', 'Intel I5 Gen 4', 2, 200, 'HDD', 1),
(293, '897X', 'Vant', 'ExpertBook 0V70', 'No disponible', 'AMD Ryzen 3 5349', 12, 100, 'NVMe', 1),
(294, '484C', 'Huawei', 'TravelMate Y9 C530', 'Averiado', 'AMD Athlon', 4, 150, 'HDD', 7),
(295, '073M', 'Lenovo', 'IdeaPad 2 9A609N', 'Disponible', 'AMD Athlon', 6, 1000, 'HDD', 14),
(296, '983E', 'Huawei', 'Netbook', 'No disponible', 'Intel I7 Gen 8', 12, 1000, 'HDD', 14),
(297, '567O', 'Denver', 'LT800E', 'Averiado', 'AMD Ryzen 9 7163', 24, 400, 'SSD', 22),
(298, '686G', 'Medion', 'Aspire 3 A315-606P-956W', 'No disponible', 'AMD Athlon', 64, 1000, 'NVMe', 20),
(299, '823P', 'HP', NULL, 'Disponible', 'Intel Celeron', 6, 1000, 'HDD', 21),
(300, '594X', 'Acer', 'Go Start', 'Disponible', 'AMD Ryzen 5 8932', 4, 1000, 'NVMe', 22),
(301, '231I', 'Lenovo', 'Vostro 4938', 'Averiado', 'AMD Athlon', NULL, 250, 'HDD', 20),
(302, '360L', 'MSI', 'ExpertBook X2X7', 'Disponible', 'Intel Celeron', 32, 100, 'HDD', 19),
(303, '515D', 'Vant', 'Vivobook TF53', 'No disponible', 'Intel I5 Gen 5', 6, 200, 'SSD', 9),
(304, '674V', 'Polaroid', 'Vostro 5178', 'Averiado', 'AMD Ryzen 7 5121', 32, 150, 'HDD', 20),
(305, '565L', 'Prixton', 'Vostro 2769', 'Averiado', 'AMD Ryzen 9 5334', 64, 500, 'SSD', 7),
(306, '788L', 'Thomson', 'ExpertBook 95M5', 'Averiado', 'Intel I3 Gen 4', 128, 500, 'NVMe', 9),
(307, '450R', 'Alurin', 'Flex Advance', 'No disponible', 'Intel I3 Gen 5', 64, 150, 'HDD', 23),
(308, '565B', 'Asus', '15S-AO9202NS', 'No disponible', 'Intel Pentium', 64, 200, 'SSD', 23),
(309, '522D', 'Microsoft', '15S-SK9298NS', 'No disponible', 'Intel Celeron', 24, 100, 'HDD', 6),
(310, '198I', 'Huawei', 'ExpertBook HBBI', 'Disponible', 'AMD Athlon', 16, 150, 'SSD', 18),
(311, '441T', 'MSI', 'Netbook', 'Averiado', 'AMD Athlon', 24, 400, 'NVMe', 13),
(312, '127S', 'MSI', 'Akoya Y72335 MD33585', 'Averiado', 'Intel I5 Gen 5', 2, 1000, 'NVMe', 21),
(313, '956L', 'Realme', 'LT400E', 'Averiado', 'AMD Athlon', 4, 150, 'SSD', 2),
(314, '537G', 'Prixton', 'Extensa 15 EX215-01', 'No disponible', 'Intel Celeron', 6, 400, 'HDD', 8),
(315, '087Q', 'Denver', 'EliteBookm840 G5', 'Disponible', 'Intel I9 Gen 8', 16, 1000, 'NVMe', 19),
(316, '877T', 'Medion', 'NBI-66925HWASH', 'No disponible', 'Intel Celeron', 128, 2000, 'NVMe', 21),
(317, '374S', 'Acer', 'ThinkPad G882', 'Averiado', 'Intel Celeron', 64, 250, 'HDD', 23),
(318, '191O', 'Prixton', 'Ioxbook Y33', 'No disponible', 'Intel I7 Gen 14', 128, 200, 'SSD', 10),
(319, '729L', 'HP', 'Galaxy Book3', 'No disponible', 'AMD Athlon', 48, 1000, 'NVMe', 22),
(320, '244W', 'MSI', 'Netbook', 'Disponible', 'Intel Pentium', 64, 150, 'HDD', 9),
(321, '251U', 'Toshiba', 'Ioxbook U09', 'No disponible', 'AMD Ryzen 3 4269', 24, 100, 'HDD', 19),
(322, '062Q', 'Polaroid', 'NBD-58852UNJYF', 'Disponible', 'AMD Athlon', 64, 400, 'HDD', 18),
(323, '317I', 'Thomson', 'NBN-12741KAKKL', 'No disponible', 'Intel Celeron', 2, 2000, 'NVMe', 18),
(324, '849T', 'Gigabyte', 'Aspire 3 A315-893P-548W', 'No disponible', 'AMD Athlon', 24, 150, 'HDD', 8),
(325, '079U', 'Gigabyte', 'EliteBookm840 G7', 'Averiado', 'Intel Pentium', 4, 150, 'SSD', 3),
(326, '730Z', 'HP', 'LT600E', 'Disponible', 'Intel Celeron', 2, 150, 'SSD', 1),
(327, '185D', 'Realme', 'TravelMate L8 C035', 'Disponible', 'Intel I7 Gen 17', 128, 2000, 'SSD', 21),
(328, '412L', 'Lenovo', 'Satellite', 'Averiado', 'Intel Pentium', 12, 100, 'HDD', 18),
(329, '064A', 'Toshiba', 'Vostro 5743', 'Disponible', 'Intel I9 Gen 5', 24, 100, NULL, 24),
(330, '635O', 'Toshiba', 'Modern 15 B62M-281DAUXES', 'Averiado', 'Intel Celeron', 16, 150, 'HDD', 13),
(331, '758U', 'MSI', 'Ioxbook KN0', 'Disponible', 'AMD Athlon', 12, 2000, 'HDD', 21),
(332, '782S', 'Huawei', 'U1 YU-05ES113EC', 'Disponible', 'AMD Athlon', 32, 1000, 'NVMe', 5),
(333, '026J', 'LG', 'Extensa 15 EX215-11', 'Averiado', 'AMD Athlon', 16, 1000, 'HDD', 4),
(334, '748Q', 'OEM', 'Akoya O22653 MD43387', 'Averiado', 'AMD Athlon', 4, 200, 'SSD', 6),
(335, '256D', 'Prixton', 'Extensa 15 EX215-87', 'Disponible', 'Intel Celeron', 48, 2000, 'HDD', 22),
(336, '195H', 'Asus', 'LT300E', 'Averiado', 'AMD Ryzen 5 5794', 128, 2000, 'HDD', 9),
(337, '335N', 'Prixton', 'Ioxbook FJO', 'Averiado', 'Intel Pentium', 128, 400, 'HDD', 9),
(338, '857D', 'MSI', 'Akoya I08201 MD54048', 'Averiado', 'Intel I5 Gen 5', 16, 100, 'HDD', 11),
(339, '522R', 'Samsung', 'ExpertBook MQ41', 'No disponible', 'Intel I9 Gen 17', 48, 100, 'SSD', 12),
(340, '208Y', 'MSI', NULL, 'Disponible', 'Intel I7 Gen 17', 64, 100, 'NVMe', 5),
(341, '643S', 'Samsung', 'Extensa 15 EX215-10', 'No disponible', 'Intel Pentium', 64, 100, 'NVMe', 17),
(342, '180I', 'Vant', 'Ioxbook 3VF', 'Averiado', 'Intel I5 Gen 6', 16, 200, 'HDD', 16),
(343, '348O', 'HP', 'NBZ-58683XWAJK', 'Disponible', 'Intel I7 Gen 12', 128, 1000, 'HDD', 11),
(344, '734H', 'Medion', 'ThinkPad X845', 'Disponible', 'AMD Ryzen 5 5224', 6, 200, 'SSD', 8),
(345, '476W', 'Acer', 'Modern 15 B74M-451WUYXES', 'No disponible', 'Intel Celeron', 128, 150, 'NVMe', 11),
(346, '301P', 'OEM', 'Vivobook 75L3', 'Disponible', 'AMD Ryzen 7 7358', 128, 1000, 'NVMe', 11),
(347, '552P', 'Denver', 'TravelMate S4 W327', 'Averiado', 'AMD Ryzen 9 7564', 6, 500, 'NVMe', 19),
(348, '746H', 'Huawei', 'LT800E', 'Averiado', 'Intel Celeron', 32, 150, 'SSD', 23),
(349, '595V', 'Acer', 'Galaxy Book1', 'Averiado', 'AMD Athlon', 24, 150, 'HDD', 4),
(350, '786K', 'Primux', 'Netbook', 'Averiado', 'Intel I3 Gen 18', 32, 150, 'SSD', 22),
(351, '797L', 'Dell', 'Neo', 'No disponible', 'Intel I3 Gen 5', 2, 400, 'SSD', 1),
(352, '419W', 'Razer', 'IdeaPad 5 TXRTCB', 'No disponible', 'AMD Ryzen 9 8279', 2, 2000, 'HDD', 9),
(353, '082R', 'HP', 'V22 G4 AVJ', 'Disponible', 'AMD Ryzen 3 8998', 2, 100, 'NVMe', 18),
(354, '037Z', 'LG', 'Latitude 5979', 'Disponible', 'Intel Pentium', 12, 400, 'HDD', 17),
(355, '842Y', 'Vant', 'Flex Advance', 'No disponible', 'Intel Celeron', 6, 400, 'NVMe', 10),
(356, '157B', 'Innjoo', 'Latitude 6132', 'Disponible', 'AMD Athlon', 32, 2000, 'NVMe', 11),
(357, '278U', 'Prixton', 'Aspire 3 A315-671P-840A', 'No disponible', 'Intel Pentium', 12, 2000, 'HDD', 22),
(358, '099G', NULL, 'Modern 15 B55M-897YRHXES', 'Disponible', 'Intel I5 Gen 8', 6, NULL, NULL, 3),
(359, '378R', 'Polaroid', NULL, 'Averiado', 'AMD Ryzen 3 3433', 6, 2000, NULL, 19),
(360, '169T', NULL, NULL, 'Disponible', 'AMD Athlon', 6, NULL, NULL, 24);

-- 
-- Dumping data for table cursos
--
INSERT INTO cursos VALUES
(1, 'Integración Social', 'IS', 'Segundo curso', 'Tarde', '868K', 'Aarón Giménez'),
(2, 'Servicios Administrativos', 'SA', 'Primer curso', 'Mañana', '802X', 'Cirilo Santos'),
(3, 'Gestión Administrativa', 'GA', 'Segundo curso', 'Mañana', '629Q', 'Siro Carmona'),
(4, 'Educación Infantil', 'EI', 'Primer curso', 'Mañana', '839T', 'Áurea Caballero'),
(5, 'Informática y Comunicaciones', 'IC', 'Primer curso', 'Mañana', '827Z', 'Concepción Ibáñez'),
(6, 'Sistemas Microinformáticos y Redes', 'SMR', 'Segundo curso', 'Tarde', '592O', 'Urbano Ibáñez'),
(7, 'Cuidados Auxiliares de Enfermería', 'CAE', 'Primer curso', 'Tarde', '352Q', 'Liduvina Garrido'),
(8, 'Administración y Finanzas', 'AF', 'Segundo curso', 'Mañana', '809E', 'Lucrecia Durán'),
(9, 'Administración de Sistemas Informáticos en Red', 'ASIR', 'Primer curso', 'Mañana', '196R', 'Melchor Montero'),
(10, 'Desarrollo de Aplicaciones Multiplataforma', 'DAM', 'Segundo curso', 'Mañana', '432Q', 'Humberto Moya'),
(11, 'Desarrollo de Aplicaciones Web', 'DAW', 'Primer curso', 'Mañana', '450Y', 'Nicolás Fernández'),
(12, 'Documentación y Administración Sanitarias', 'DAS', 'Primer curso', 'Mañana', '498W', 'Nicolás Márquez');

-- 
-- Dumping data for table alumnos
--
INSERT INTO alumnos VALUES
(1, '67410764C', 'Nieves', 'López', 'No matriculado', 277),
(2, '56532114O', 'Aurelia', 'Moreno', 'Matriculado', 98),
(3, '85800347W', 'Luis', 'Montoro', 'No matriculado', 327),
(4, '70736401Q', 'Noé', 'Peña', 'No matriculado', 205),
(5, '44326266C', 'Alejandra', 'Lorenzo', 'Matriculado', 151),
(6, '64699528S', 'Luisa', 'Moya', 'No matriculado', 238),
(7, '59952857D', 'Noelia', 'Vega', 'Matriculado', 141),
(8, '83122351U', 'Javier', 'Arias', 'Matriculado', 303),
(9, '69103382K', 'Aureliano', 'Mora', 'Matriculado', 342),
(10, '40592782C', 'Tadeo', 'Carmona', 'No matriculado', 81),
(11, '77147543R', 'Luz', 'Delgado', 'No matriculado', 14),
(12, '33822523K', 'Raquel', 'Benítez', 'No matriculado', 117),
(13, '02733963D', 'Tarsicio', 'Gallego', 'No matriculado', 188),
(14, '56718425I', 'Norberto', 'Lozano', 'Matriculado', 341),
(15, '02006553X', 'Alejandro', 'Santos', 'Matriculado', 102),
(16, '48133316G', 'Macario', 'Morales', 'Matriculado', 113),
(17, '74162366E', 'Facundo', 'Velasco', 'Matriculado', 85),
(18, '78509704H', 'Damián', 'Díaz', 'Matriculado', 24),
(19, '15999492S', 'Nuria', 'Marín', 'Matriculado', 143),
(20, '99009914F', 'Calixto', 'Pérez', 'Matriculado', 243),
(21, '98741259G', 'Daniel', 'Carrasco', 'No matriculado', 224),
(22, '92224271U', 'Camilo', 'Blanco', 'No matriculado', 342),
(23, '80631534L', 'Raúl', 'Castillo', 'Matriculado', 42),
(24, '66458484O', 'Magdalena', 'Muñoz', 'No matriculado', 43),
(25, '50676691H', 'Octavio', 'García', 'Matriculado', 97),
(26, '56814957K', 'Aurelio', 'Herrera', 'No matriculado', 283),
(27, '55786065X', 'Teodora', 'Márquez', 'No matriculado', 41),
(28, '62887283I', 'Manuel', 'Sanz', 'No matriculado', 280),
(29, '72769674Y', 'Odón', 'Prieto', 'Matriculado', 267),
(30, '38430042F', 'Manuela', 'Blesa', 'Matriculado', 267),
(31, '50069816C', 'Rebeca', 'Herrero', 'No matriculado', 243),
(32, '14729602X', 'Gema', 'Martín', 'No matriculado', 26),
(33, '37047952P', 'Olga', 'Hidalgo', 'No matriculado', 9),
(34, '34648078R', 'Alejo', 'Castro', 'Matriculado', 178),
(35, '43510302R', 'Teodosia', 'Navarro', 'No matriculado', 29),
(36, '35461138U', 'Aurora', 'Bravo', 'Matriculado', 349),
(37, '90577366O', 'Reinaldo', 'Ramírez', 'Matriculado', 64),
(38, '98944857M', 'Jeremías', 'Nieto', 'No matriculado', 80),
(39, '47191493E', 'Teófanes', 'Vicente', 'No matriculado', 53),
(40, '30321170Y', 'Remedios', 'Martínez', 'No matriculado', 161),
(41, '14891092C', 'Alfonso', 'Cortés', 'Matriculado', 180),
(42, '32550138U', 'Baldomero', 'Díez', 'No matriculado', 327),
(43, '14346140J', 'Teófila', 'Caballero', 'No matriculado', 32),
(44, '71846147W', 'Genoveva', 'Ramos', 'No matriculado', 225),
(45, '50285806X', 'Mar', 'Serrano', 'No matriculado', 314),
(46, '73275638I', 'Alfredo', 'Vidal', 'Matriculado', 97),
(47, '81925973Y', 'Dario', 'Núñez', 'No matriculado', 68),
(48, '66132758M', 'Onésimo', 'Garrido', 'Matriculado', 38),
(49, '99844714P', 'Renato', 'Domínguez', 'Matriculado', NULL),
(50, '80095150N', 'Marc', 'Soler', 'No matriculado', 217),
(51, '52172166T', 'Orestes', 'Gil', 'Matriculado', 3),
(52, '85022758O', 'Cándida', 'Crespo', 'No matriculado', 4),
(53, '86423499C', 'Marcelino', 'Ibáñez', 'Matriculado', 281),
(54, '91790472N', 'David', 'Medina', 'Matriculado', 38),
(55, '99251150H', 'Oriol', 'Iglesias', 'No matriculado', 195),
(56, '42316056F', 'Marcelo', 'Cabrera', 'No matriculado', 334),
(57, '76014256B', 'Jerónimo', 'Cruz', 'Matriculado', 143),
(58, '48137925U', 'Oscar', 'Méndez', 'No matriculado', 327),
(59, '05966647A', 'Gerardo', 'Jiménez', 'No matriculado', 37),
(60, '19109868B', 'Carina', 'Durán', 'No matriculado', 229),
(61, '42641355R', 'Marcial', 'Molina', 'Matriculado', 177),
(62, '49122211Z', 'Demócrito', 'León', 'No matriculado', 165),
(63, '57733635H', 'Jesús', 'Montero', 'Matriculado', 104),
(64, '89874434Q', 'Teresa', 'Rubio', 'No matriculado', 210),
(65, '52674104T', 'Ricardo', 'Giménez', 'Matriculado', 194),
(66, '36413104N', 'Óscar', 'Soto', 'Matriculado', 118),
(67, '99782376B', 'Timoteo', 'Rey', 'No matriculado', 180),
(68, '01386161Q', 'Carlos', 'Ruiz', 'No matriculado', 145),
(69, '82139591H', 'Diego', 'Ortega', 'Matriculado', 264),
(70, '02054079U', 'Marciano', 'Calvo', 'No matriculado', 48),
(71, '52611917J', 'Oseas', 'Reyes', 'Matriculado', 259),
(72, '13278032V', 'Balduino', 'Aguilar', 'No matriculado', 342),
(73, '34896534Y', 'Rigoberto', 'Cambil', 'No matriculado', 245),
(74, '74745433X', 'Carmelo', 'Alonso', 'Matriculado', 51),
(75, '71534827U', 'Dimas', 'Suárez', 'No matriculado', 68),
(76, '67069899H', 'Marcos', 'Esteban', 'Matriculado', 30),
(77, '41247717I', 'Oswaldo', 'Gómez', 'No matriculado', 273),
(78, '72768898N', 'Carmen', 'Ortiz', 'No matriculado', 42),
(79, '90725290U', 'Dolores', 'Sáez', 'Matriculado', 93),
(80, '66079040M', 'Tito', 'Fernández', 'Matriculado', 109),
(81, '13143166Y', 'Alicia', 'Campos', 'Matriculado', 178),
(82, '42490694R', 'Rita', 'Torres', 'Matriculado', 75),
(83, '95364683Y', 'Baltasar', 'González', 'No matriculado', 319),
(84, '85748251X', 'Germán', 'Álvarez', 'No matriculado', 26),
(85, '57005639Z', 'Carolina', 'Sánchez', 'Matriculado', 118),
(86, '90301682O', 'Domingo', 'Cano', 'No matriculado', 251),
(87, '07447676A', 'Tobías', 'Rodríguez', 'No matriculado', 105),
(88, '79023108J', 'Roberto', 'Parra', 'Matriculado', 295),
(89, '90271197O', 'Alipio', 'Román', 'Matriculado', 350),
(90, '60140330K', 'Casiano', 'Pascual', 'Matriculado', 1),
(91, '83157224Q', 'Bárbara', 'Romero', 'Matriculado', 304),
(92, '93720648P', 'Almudena', 'Pastor', 'Matriculado', 226),
(93, '13943636S', 'Margarita', 'Vargas', 'No matriculado', 353),
(94, '86515477V', 'Bartolomé', 'Santana', 'Matriculado', 161),
(95, '89956514O', 'Alonso', 'Vázquez', 'No matriculado', 269),
(96, '98360564U', 'Otilia', 'Ferrer', 'Matriculado', 81),
(97, '43425677N', 'Donato', 'Santiago', 'Matriculado', 174),
(98, '82695082S', 'Joan', 'Guerrero', 'Matriculado', 332),
(99, '69433393J', 'Tomas', 'Flores', 'No matriculado', 307),
(100, '70806172X', 'María', 'Gutiérrez', 'No matriculado', 282),
(101, '03129430T', 'Rocío', 'Fuentes', 'Matriculado', 117),
(102, '78021758H', 'Tomás', 'Hernández', 'No matriculado', 303),
(103, '83773027Y', 'Gertrudis', 'Gallardo', 'Matriculado', 239),
(104, '42647440C', 'Oto', 'Delgado', 'Matriculado', 44),
(105, '45246250E', 'Mariano', 'Vega', 'No matriculado', 206),
(106, '51739076B', 'Basileo', 'Moreno', 'No matriculado', 333),
(107, '75289796W', 'Rodrigo', 'Peña', 'No matriculado', 218),
(108, '35825226W', 'Toribio', 'Arias', 'Matriculado', 255),
(109, '18548613I', 'Álvaro', 'López', 'No matriculado', 203),
(110, '20795855W', 'Beatriz', 'Moya', 'No matriculado', 304),
(111, '67290076W', 'Casimiro', 'Gallego', 'No matriculado', 335),
(112, '02669124I', 'Dorotea', 'Santos', 'No matriculado', 148),
(113, '20004325C', 'Joaquím', 'Pérez', 'Matriculado', 335),
(114, '19747613O', 'Amadeo', 'Velasco', 'No matriculado', 360),
(115, '48409776O', 'Pablo', 'Muñoz', 'Matriculado', 345),
(116, '75453262Y', 'Casio', 'Díaz', 'Matriculado', 30),
(117, '73691678U', 'Begoña', 'Prieto', 'Matriculado', 29),
(118, '25473784I', 'Rogelio', 'Navarro', 'No matriculado', 68),
(119, '40408904K', 'Edgar', 'Ramírez', 'Matriculado', 102),
(120, '93645961J', 'Marina', 'Carmona', 'Matriculado', 121),
(121, '05410709K', 'Amaro', 'Montoro', 'Matriculado', 147),
(122, '33478941D', 'Gisela', 'Lorenzo', 'No matriculado', 311),
(123, '21693536W', 'Belén', 'García', 'No matriculado', 284),
(124, '03923243B', 'Ambrosio', 'Mora', 'No matriculado', 261),
(125, '61473519U', 'Catalina', 'Nieto', 'Matriculado', 275),
(126, '09157767O', 'Pancracio', 'Díez', 'No matriculado', 30),
(127, '23605170G', 'Beltrán', 'Benítez', 'No matriculado', 286),
(128, '21483609N', 'Amelia', 'Ramos', 'No matriculado', 87),
(129, '46183070P', 'Trinidad', 'Garrido', 'Matriculado', 283),
(130, '21962208V', 'Benedicto', 'Domínguez', 'No matriculado', 333),
(131, '87060767M', 'Edmundo', 'Sanz', 'No matriculado', 329),
(132, '79682292F', 'Amparo', 'Lozano', 'Matriculado', 67),
(133, '00232632E', 'Cayetano', 'Gil', 'Matriculado', NULL),
(134, '82181659F', 'Mario', 'Morales', 'Matriculado', 212),
(135, '26529940U', 'Román', 'Durán', 'Matriculado', 138),
(136, '42013658J', 'Joaquín', 'Vicente', 'No matriculado', 340),
(137, '99437478L', 'Ubaldo', 'Núñez', 'Matriculado', 118),
(138, '07207359C', 'Eduardo', 'Giménez', 'Matriculado', 136),
(139, '51934096O', 'Gloria', 'Serrano', 'No matriculado', 252),
(140, '76345745M', 'Joel', 'Marín', 'No matriculado', 248),
(141, '47624367W', 'Romualdo', 'Herrera', 'No matriculado', 2),
(142, '18865468V', 'Cayo', 'Esteban', 'Matriculado', 252),
(143, '33696242B', 'Pascual', 'Vidal', 'Matriculado', 294),
(144, '67290516J', 'Benigno', 'Soler', 'Matriculado', 24),
(145, '19738290A', 'Godofredo', 'Rubio', 'No matriculado', 301),
(146, '22232726T', 'Ana', 'Soto', 'No matriculado', 326),
(147, '08302735U', 'Eduvigis', 'Rey', 'No matriculado', 249),
(148, '75243364G', 'Marta', 'Gómez', 'Matriculado', 330),
(149, '95305569P', 'Jonás', 'Carrasco', 'No matriculado', 165),
(150, '76602545Y', 'Gonzalo', 'Márquez', 'No matriculado', 81),
(151, '09733665J', 'Benito', 'Herrero', 'No matriculado', 300),
(152, '64890647Q', 'Jonathan', 'Fernández', 'No matriculado', 241),
(153, '12383702X', 'Patricia', 'González', 'Matriculado', 339),
(154, '73254903B', 'Ananías', 'Ferrer', 'No matriculado', 240),
(155, '61583593D', 'Cecilia', 'Guerrero', 'No matriculado', 300),
(156, '67127072O', 'Benjamín', 'Martín', 'Matriculado', 276),
(157, '21503823D', 'Urbano', 'Ruiz', 'No matriculado', 249),
(158, '89876338F', 'Martín', 'Blanco', 'No matriculado', 341),
(159, '83945635Z', 'Roque', 'Ortega', 'No matriculado', 73),
(160, '15446362C', 'Gregorio', 'Suárez', 'No matriculado', 350),
(161, '40538532H', 'Patricio', 'Reyes', 'Matriculado', 247),
(162, '91923348P', 'Mateo', 'Flores', 'No matriculado', 278),
(163, '32566655T', 'Anastasia', 'Sáez', 'Matriculado', 159),
(164, '50964977B', 'Jordi', 'Castillo', 'No matriculado', 349),
(165, '61613676C', 'Bernabé', 'Hidalgo', 'Matriculado', 297),
(166, '81205588V', 'Anatolio', 'Ortiz', 'No matriculado', 237),
(167, '65562999J', 'Guadalupe', 'Gutiérrez', 'No matriculado', 47),
(168, '14067707M', 'Paula', 'Martínez', 'No matriculado', 298),
(169, '59162900K', 'Efrén', 'Torres', 'No matriculado', 58),
(170, '21570806Y', 'Jorge', 'Fuentes', 'Matriculado', 159),
(171, '30867848V', 'Úrsula', 'Ibáñez', 'No matriculado', 5),
(172, '10123514I', 'Matías', 'Blesa', 'Matriculado', 123),
(173, '25653247M', 'Pedro', 'Rodríguez', 'No matriculado', 74),
(174, '75605251V', 'Matilde', 'Sánchez', 'No matriculado', 348),
(175, '144703257F', 'Ceferino', 'Parra', 'Matriculado', 18),
(176, '72229259I', 'Elena', 'Castro', 'No matriculado', 299),
(177, '79342138M', 'Rosa', 'Medina', 'Matriculado', 43),
(178, '93546835A', 'Guido', 'Vargas', 'No matriculado', 269),
(179, '65905648R', 'Bernarda', 'Bravo', 'Matriculado', 225),
(180, '19528601Q', 'Petronila', 'Román', 'Matriculado', 338),
(181, '70745275H', 'Andrea', 'Iglesias', 'Matriculado', 41),
(182, '16891078V', 'Bernardo', 'Méndez', 'Matriculado', 15),
(183, '64113459S', 'Josafat', 'Santana', 'Matriculado', 324),
(184, '88924469V', 'Mauricio', 'Hernández', 'No matriculado', 3),
(185, '34593129V', 'Andrés', 'Cortés', 'Matriculado', NULL),
(186, '88641747N', 'Guillermo', 'Caballero', 'Matriculado', 253),
(187, '68925096T', 'José', 'Crespo', 'No matriculado', 11),
(188, '82848715E', 'Celia', 'Jiménez', 'Matriculado', 327),
(189, '35305654B', 'Gustavo', 'Vázquez', 'No matriculado', 317),
(190, '05675034U', 'Elías', 'Molina', 'No matriculado', 243),
(191, '86826703K', 'Josefa', 'Cabrera', 'No matriculado', 226),
(192, '04782312Z', 'Guzmán', 'Santiago', 'Matriculado', 345),
(193, '91093966X', 'Celina', 'León', 'No matriculado', 292),
(194, '84058494K', 'Pilar', 'Montero', 'No matriculado', 345),
(195, '61882814Y', 'Valentín', 'Pascual', 'No matriculado', 87),
(196, '56428897T', 'Maximiliano', 'Cruz', 'No matriculado', 254),
(197, '63331425Y', 'Rosalia', 'Gallardo', 'Matriculado', 100),
(198, '77386654I', 'Elisa', 'Calvo', 'Matriculado', 54),
(199, '48170637V', 'Valeriano', 'Aguilar', 'No matriculado', 87),
(200, '64301114A', 'Blanca', 'Romero', 'Matriculado', 27),
(201, '08459413T', 'Ángel', 'Cambil', 'No matriculado', NULL),
(202, '65283837B', 'Pío', 'Alonso', 'No matriculado', 154),
(203, '19197904R', 'Blas', 'Campos', 'No matriculado', 238),
(204, '66498644C', 'Rosario', 'Pastor', 'No matriculado', 96),
(205, '93052812W', 'Melchor', 'Álvarez', 'No matriculado', 87),
(206, '52020950N', 'Vanesa', 'Cano', 'No matriculado', 324),
(207, '09046488X', 'Ángela', 'Moreno', 'Matriculado', 69),
(208, '58052576Z', 'Poncio', 'Delgado', 'No matriculado', 319),
(209, '98003032Z', 'Josefina', 'Arias', 'Matriculado', 165),
(210, '17160127A', 'Celso', 'Carmona', 'No matriculado', 183),
(211, '33280827F', 'Mercedes', 'López', 'No matriculado', 264),
(212, '63710961C', 'Eliseo', 'Benítez', 'Matriculado', 61),
(213, '64630195F', 'Rosendo', 'Carrasco', 'Matriculado', 135),
(214, '44570589I', 'Bonifacio', 'Peña', 'Matriculado', 276),
(215, '49330560S', 'César', 'Montoro', 'Matriculado', 247),
(216, '34230060R', 'Héctor', 'Gallego', 'No matriculado', 146),
(217, '52900889H', 'Josep', 'Lorenzo', 'Matriculado', 243),
(218, '63450682J', 'Porfirio', 'Mora', 'Matriculado', 286),
(219, '10770030G', 'Ángeles', 'Lozano', 'No matriculado', 293),
(220, '78850118A', 'Borja', 'Díaz', 'Matriculado', 215),
(221, '32050059Z', 'Heliodoro', 'García', 'Matriculado', 288),
(222, '23020180A', 'Aniano', 'Vega', 'No matriculado', 306),
(223, '44940379H', 'Elvira', 'Santos', 'No matriculado', 300),
(224, '28130594E', 'Bruno', 'Velasco', 'No matriculado', 101),
(225, '61850076M', 'Anna', 'Morales', 'Matriculado', NULL),
(226, '50800374M', 'Miguel', 'Marín', 'Matriculado', 215),
(227, '36920140S', 'Velerio', 'Sanz', 'No matriculado', 145),
(228, '33770435L', 'Josué', 'Blanco', 'No matriculado', 79),
(229, '66980030O', 'Rubén', 'Castillo', 'Matriculado', 139),
(230, '57220463W', 'Heraclio', 'Herrera', 'No matriculado', 62),
(231, '66370080L', 'Leocadia', 'Vicente', 'No matriculado', 306),
(232, '87610633H', 'Juan', 'Serrano', 'Matriculado', 116),
(233, '36330400C', 'Cesáreo', 'Márquez', 'Matriculado', 211),
(234, '81340946X', 'Milagros', 'Moya', 'Matriculado', 283),
(235, '59080296I', 'Heriberto', 'Blesa', 'Matriculado', 40),
(236, '99500118Y', 'León', 'Castro', 'No matriculado', 337),
(237, '16120436K', 'Juana', 'Pérez', 'Matriculado', 277),
(238, '32780001G', 'Miqueas', 'Bravo', 'Matriculado', 334),
(239, '86910724Z', 'Venancio', 'Cortés', 'Matriculado', 168),
(240, '90550891J', 'Emilia', 'Caballero', 'Matriculado', 60),
(241, '18780387K', 'Hilarión', 'Crespo', 'Matriculado', 91),
(242, '24780531Z', 'Julia', 'Herrero', 'No matriculado', 157),
(243, '01020073Z', 'Leonardo', 'Díez', 'No matriculado', 171),
(244, '01700146P', 'Hildegarda', 'Vidal', 'No matriculado', 15),
(245, '09280983B', 'Julián', 'Soler', 'No matriculado', 343),
(246, '37320301I', 'Cipriano', 'Garrido', 'No matriculado', 307),
(247, '35190143N', 'Homero', 'Domínguez', 'Matriculado', 17),
(248, '92450465Y', 'Rufo', 'Gil', 'Matriculado', 150),
(249, '03310105C', 'Míriam', 'Muñoz', 'Matriculado', 65),
(250, '74760138D', 'Julio', 'Durán', 'Matriculado', 124),
(251, '71890712I', 'Emiliano', 'Giménez', 'Matriculado', 12),
(252, '26640991W', 'Honorato', 'Rubio', 'Matriculado', 331),
(253, '62550936B', 'Leoncio', 'Cabrera', 'Matriculado', 346),
(254, '14050617B', 'Mohamed', 'Martín', 'No matriculado', NULL),
(255, '80480732I', 'Cirilo', 'Cruz', 'No matriculado', 92),
(256, '19370342N', 'Emilio', 'Prieto', 'No matriculado', 283),
(257, '63590331N', 'Justino', 'Calvo', 'No matriculado', 32),
(258, '00820241I', 'Leonor', 'Esteban', 'Matriculado', 203),
(259, '06520999A', 'Aarón', 'Soto', 'Matriculado', 186),
(260, '50530287S', 'Cirino', 'Ruiz', 'No matriculado', 248),
(261, '49970787G', 'Honorio', 'Gómez', 'No matriculado', 310),
(262, '43350345L', 'Juvenal', 'Navarro', 'No matriculado', 275),
(263, '06870239F', 'Verónica', 'Ramírez', 'Matriculado', 24),
(264, '39530870L', 'Moisés', 'Nieto', 'No matriculado', 91),
(265, '27360042K', 'Anselmo', 'Aguilar', 'No matriculado', 262),
(266, '57880078Y', 'Encarnación', 'Ramos', 'No matriculado', 108),
(267, '78220911Y', 'Ruperto', 'Cambil', 'Matriculado', 309),
(268, '06680017D', 'Hugo', 'Alonso', 'No matriculado', 315),
(269, '68840382B', 'Abdón', 'Hidalgo', 'Matriculado', 21),
(270, '51760469P', 'Leopoldo', 'Campos', 'Matriculado', 229),
(271, '75500582A', 'Vicenta', 'Fernández', 'No matriculado', 269),
(272, '28100460K', 'Ladislao', 'Suárez', 'No matriculado', 294),
(273, '60100422F', 'Antero', 'Sáez', 'Matriculado', 180),
(274, '71869844P', 'Salomé', 'Torres', 'No matriculado', 322),
(275, '03699510G', 'Mónica', 'González', 'No matriculado', 81),
(276, '16109004A', 'Abel', 'Álvarez', 'Matriculado', 68),
(277, '71279927R', 'Ciro', 'Martínez', 'No matriculado', 83),
(278, '05849190T', 'Antonia', 'Sánchez', 'Matriculado', 326),
(279, '11949563J', 'Lidia', 'Ferrer', 'Matriculado', 283),
(280, '50969243T', 'Enrique', 'Guerrero', 'Matriculado', 44),
(281, '58379720U', 'Vicente', 'Núñez', 'No matriculado', 80),
(282, '99729610P', 'Montserrat', 'Rey', 'Matriculado', 156),
(283, '76889511T', 'Liduvina', 'Flores', 'No matriculado', 121),
(284, '03949448K', 'Narciso', 'Vargas', 'Matriculado', 161),
(285, '82089494S', 'Humberto', 'Santana', 'Matriculado', 5),
(286, '53839726Z', 'Abelardo', 'Gutiérrez', 'Matriculado', 19),
(287, '68009385J', 'Antonio', 'Fuentes', 'Matriculado', 274),
(288, '66349215H', 'Abrahán', 'Ortega', 'No matriculado', 106),
(289, '34359518R', 'Lino', 'Vázquez', 'No matriculado', 158),
(290, '13899884W', 'Natalia', 'Hernández', 'No matriculado', NULL),
(291, '39209737I', 'Aquiles', 'Gallardo', 'Matriculado', 18),
(292, '28909029R', 'Laura', 'Reyes', 'Matriculado', 285),
(293, '96279448K', 'Salomón', 'Cano', 'No matriculado', 68),
(294, '32969617Y', 'Absalón', 'Ibáñez', 'No matriculado', 147),
(295, '06239308Z', 'Ifigenia', 'Medina', 'No matriculado', 38),
(296, '44689345S', 'Víctor', 'Santiago', 'No matriculado', 239),
(297, '68039144T', 'Araceli', 'Ortiz', 'No matriculado', 138),
(298, '27550970C', 'Clara', 'Rodríguez', 'Matriculado', 302),
(299, '74619986X', 'Salvador', 'Parra', 'No matriculado', 293),
(300, '28776988B', 'Victoria', 'Iglesias', 'Matriculado', 177),
(301, '63257782S', 'Laureano', 'Méndez', 'Matriculado', NULL),
(302, '65628788X', 'Acacio', 'Román', 'No matriculado', 104),
(303, '67875779Z', 'Aránzazu', 'Pascual', 'Matriculado', 116),
(304, '13971205H', 'Adalberto', 'Romero', 'Matriculado', 333),
(305, '28175181L', 'Epifanía', 'Pastor', 'Matriculado', 299),
(306, '72774111K', 'Claudia', 'Jiménez', 'Matriculado', 76),
(307, '81274426Y', 'Ignacio', 'Molina', 'Matriculado', 28),
(308, '54377877W', 'Lorena', 'León', 'Matriculado', 257),
(309, '11378327C', 'Lázaro', 'Montero', 'No matriculado', 38),
(310, '13574453R', 'Ildefonso', 'Delgado', 'No matriculado', 65),
(311, '65679688G', 'Natividad', 'Moreno', 'No matriculado', 158),
(312, '66277890R', 'Leandro', 'López', 'No matriculado', 11),
(313, '27775463S', 'Erico', 'Arias', 'No matriculado', 318),
(314, '24072604Y', 'Arcadio', 'Peña', 'Matriculado', 288),
(315, '42871106G', 'Salvio', 'Montoro', 'No matriculado', 192),
(316, '03976176T', 'Claudio', 'Carmona', 'Matriculado', 145),
(317, '29675004X', 'Ernesto', 'Moya', 'Matriculado', 148),
(318, '49977535I', 'Lorenzo', 'Gallego', 'Matriculado', NULL),
(319, '28175532P', 'Victorino', 'Lorenzo', 'No matriculado', 317),
(320, '97270876X', 'Samuel', 'Benítez', 'Matriculado', 199),
(321, '44570476G', 'Victorio', 'Díaz', 'No matriculado', 43),
(322, '43973184Y', 'Sandra', 'Mora', 'No matriculado', 202),
(323, '92272236U', 'Adán', 'Carrasco', 'No matriculado', 261),
(324, '06770682S', 'Aresio', 'Pérez', 'Matriculado', 13),
(325, '88177345H', 'Cleofás', 'Lozano', 'No matriculado', 250),
(326, '96377524G', 'Nazario', 'García', 'Matriculado', 12),
(327, '10875269K', 'Esdras', 'Díez', 'No matriculado', 124),
(328, '81275157A', 'Vidal', 'Morales', 'Matriculado', 360),
(329, '47677920O', 'Lourdes', 'Vega', 'No matriculado', 255),
(330, '55170625H', 'Clotilde', 'Santos', 'No matriculado', 177),
(331, '56871054V', 'Esiquio', 'Blanco', 'Matriculado', 288),
(332, '71071508S', 'Sansón', 'Marín', 'No matriculado', 149),
(333, '64870290C', 'Nemesio', 'Castillo', 'No matriculado', 72),
(334, '89476686J', 'Colombo', 'Herrera', 'Matriculado', 121),
(335, '60474546F', 'Lucano', 'Márquez', 'No matriculado', 246),
(336, '07376701T', 'Adela', 'Garrido', 'No matriculado', 85),
(337, '39273649B', 'Ariadna', 'Muñoz', 'Matriculado', 25),
(338, '78678749F', 'Esperanza', 'Velasco', 'Matriculado', 85),
(339, '05271467W', 'Columba', 'Herrero', 'Matriculado', 162),
(340, '46874786W', 'Inés', 'Prieto', 'No matriculado', 149),
(341, '30277180W', 'Virgilio', 'Martín', 'Matriculado', 208),
(342, '09472891P', 'Santiago', 'Hidalgo', 'No matriculado', 195),
(343, '67478611M', 'Esteban', 'Blesa', 'No matriculado', 36),
(344, '47579884B', 'Virginia', 'Sanz', 'No matriculado', 68),
(345, '53475718V', 'Fátima', 'Vicente', 'No matriculado', 160),
(346, '26975299A', 'Nicanor', 'Martínez', 'Matriculado', 113),
(347, '66477468P', 'Columbano', 'Navarro', 'Matriculado', 297),
(348, '73370549P', 'Sara', 'Ramírez', 'No matriculado', 154),
(349, '16871901U', 'Inmaculada', 'Castro', 'Matriculado', 66),
(350, '50774143N', 'Lucas', 'Ibáñez', 'No matriculado', 184),
(351, '05372770T', 'Ester', 'Domínguez', 'No matriculado', 196),
(352, '97478872M', 'Nicodemo', 'Medina', 'Matriculado', 161),
(353, '34372316P', 'Faustino', 'Gil', 'No matriculado', 171),
(354, '84570305D', 'Adelaida', 'Serrano', 'Matriculado', 97),
(355, '37272456X', 'Vladimiro', 'Bravo', 'Matriculado', NULL),
(356, '02270126F', 'Aristides', 'Iglesias', 'Matriculado', 50),
(357, '64079780Z', 'Concepción', 'Durán', 'Matriculado', 185),
(358, '48271234P', 'Sebastián', 'Vidal', 'No matriculado', 338),
(359, '92272181M', 'Adolfo', 'Cortés', 'Matriculado', 37),
(360, '59072506B', 'Arnaldo', 'Soler', 'No matriculado', 84),
(361, '35772964F', 'Inocencio', 'Caballero', 'No matriculado', 306),
(362, '28870024L', 'Fausto', 'Crespo', 'Matriculado', 95),
(363, '54871806Q', 'Wilfredo', 'Méndez', 'No matriculado', 316),
(364, '88071166Q', 'Lucía', 'Rubio', 'No matriculado', 360),
(365, '35071423M', 'Esther', 'Soto', 'No matriculado', 193),
(366, '24273360I', 'Nicolás', 'Nieto', 'No matriculado', 19),
(367, '67377381K', 'Conrado', 'Ramos', 'Matriculado', 234),
(368, '19372833K', 'Segismundo', 'Jiménez', 'Matriculado', 168),
(369, '30073296M', 'Xavier', 'Núñez', 'No matriculado', 338),
(370, '12175093A', 'Irene', 'Giménez', 'Matriculado', 94),
(371, '06375939O', 'Federico', 'Esteban', 'No matriculado', 93),
(372, '74376534W', 'Ireneo', 'Gómez', 'No matriculado', 319),
(373, '76173078B', 'Eugenia', 'Cabrera', 'Matriculado', 124),
(374, '35276710O', 'Constancio', 'Rey', 'Matriculado', 288),
(375, '91773117V', 'Feliciano', 'Fernández', 'Matriculado', 112),
(376, '57073959H', 'Luciano', 'Ortega', 'No matriculado', 286),
(377, '72174156W', 'Sergio', 'Molina', 'No matriculado', 324),
(378, '15273536F', 'Yolanda', 'Reyes', 'Matriculado', 58),
(379, '98274732L', 'Nicomedes', 'González', 'Matriculado', 68),
(380, '03076244P', 'Eugenio', 'Ferrer', 'Matriculado', 210),
(381, '34078324A', 'Adón', 'Ruiz', 'Matriculado', 72),
(382, '21970672L', 'Artemio', 'Guerrero', 'Matriculado', 68),
(383, '85770847G', 'Constantino', 'Ortiz', 'No matriculado', 116),
(384, '62580926A', 'Isaac', 'Cruz', 'Matriculado', 318),
(385, '33730770Y', 'Lucrecia', 'Calvo', 'Matriculado', 321),
(386, '57744932H', 'Severino', 'Rodríguez', 'Matriculado', 29),
(387, '57586905R', 'Eulalia', 'Parra', 'No matriculado', 278),
(388, '35676589B', 'Consuelo', 'Aguilar', 'No matriculado', 34),
(389, '28476454B', 'Eusebio', 'Flores', 'Matriculado', 315),
(390, '04076550F', 'Felipe', 'Román', 'No matriculado', 213),
(391, '81446975O', 'Zacarías', 'Suárez', 'Matriculado', 338),
(392, '74686377O', 'Adrián', 'Cambil', 'No matriculado', 189),
(393, '19386991U', 'Isabel', 'Alonso', 'No matriculado', 66),
(394, '42426615Y', 'Arturo', 'Pascual', 'Matriculado', 223),
(395, '73386413L', 'Silvia', 'León', 'Matriculado', 137),
(396, '58176693P', 'Cosme', 'Gutiérrez', 'Matriculado', 84),
(397, '99796109B', 'Zaqueo', 'Montero', 'Matriculado', 219),
(398, '17656299D', 'Agustín', 'Campos', 'No matriculado', 270),
(399, '92616106F', 'Eva', 'Álvarez', 'No matriculado', 67),
(400, '37516303K', 'Cristian', 'Romero', 'Matriculado', 223),
(401, '86836174E', 'Evaristo', 'Cano', 'No matriculado', 87),
(402, '97966612D', 'Simeón', 'Sáez', 'No matriculado', 288),
(403, '77846827L', 'Primo', 'Pastor', 'No matriculado', 333),
(404, '64856198T', 'Cristina', 'Torres', 'Matriculado', 304),
(405, '69836559M', 'Ascensión', 'Sánchez', 'Matriculado', 230),
(406, '46946682A', 'Simón', 'Vargas', 'No matriculado', 206),
(407, '09846755I', 'Priscila', 'Fuentes', 'No matriculado', 74),
(408, '85046379Q', 'Ezequiel', 'Hernández', 'No matriculado', 245),
(409, '58506838D', 'Aitor', 'Santana', 'No matriculado', 50),
(410, '52686318H', 'Asunción', 'Vázquez', 'No matriculado', 146),
(411, '50306277Y', 'Félix', 'Gallardo', 'Matriculado', 193),
(412, '34404531N', 'Cristóbal', 'Santiago', 'No matriculado', 196),
(413, '90542599Y', 'Siro', 'López', 'Matriculado', 238),
(414, '67693589M', 'Probo', 'Moreno', 'Matriculado', 30),
(415, '57387567M', 'Fabián', 'Arias', 'Matriculado', 242),
(416, '99122565D', 'Alba', 'Montoro', 'No matriculado', 360),
(417, '55980530T', 'Sixto', 'Carmona', 'Matriculado', 122),
(418, '87378519G', 'Atanasio', 'Lorenzo', 'No matriculado', 228),
(419, '29399599L', 'Daciano', 'Delgado', 'Matriculado', 264),
(420, '89735580I', 'Fabio', 'Peña', 'No matriculado', 187),
(421, '02461549Y', 'Albert', 'Benítez', 'No matriculado', 148),
(422, '54474651C', 'Augusto', 'Moya', 'No matriculado', 241),
(423, '47796951O', 'Isaías', 'Gallego', 'No matriculado', 41),
(424, '19720482J', 'Dacio', 'Vega', 'Matriculado', 97),
(425, '71472460E', 'Alberto', 'Carrasco', 'Matriculado', 117),
(426, '52697420H', 'Fabiola', 'Pérez', 'Matriculado', 267),
(427, '46909478G', 'Purificación', 'Muñoz', 'No matriculado', 50),
(428, '79036408M', 'Sofía', 'Mora', 'No matriculado', 9),
(429, '81127473Z', 'Fermín', 'Lozano', 'No matriculado', 279),
(430, '59677472E', 'Áurea', 'Blanco', 'No matriculado', 209),
(431, '00436725J', 'Albina', 'Díaz', 'Matriculado', 186),
(432, '38404706K', 'Dámaso', 'García', 'Matriculado', 139),
(433, '70488436R', 'Rafael', 'Morales', 'Matriculado', 173),
(434, '13431996J', 'Isidro', 'Castillo', 'No matriculado', 28),
(435, '13405415A', 'Soledad', 'Prieto', 'No matriculado', 116),
(436, '97425802H', 'Fernando', 'Marín', 'Matriculado', 291),
(437, '46415610K', 'Raimundo', 'Díez', 'Matriculado', 130),
(438, '60471275D', 'Sonia', 'Navarro', 'No matriculado', 111),
(439, '38426716N', 'Ismael', 'Blesa', 'No matriculado', 314),
(440, '54454994X', 'Fidel', 'Castro', 'Matriculado', 9),
(441, '36445598Q', 'Iván', 'Herrera', 'No matriculado', 254),
(442, '09468408W', 'Ramiro', 'Bravo', 'No matriculado', 8),
(443, '05429625T', 'Fortunato', 'Ramírez', 'Matriculado', 202),
(444, '51433475T', 'Jacinto', 'Garrido', 'Matriculado', 63),
(445, '77475488W', 'Susana', 'Nieto', 'Matriculado', 148),
(446, '44433713F', 'Francesc', 'Márquez', 'No matriculado', 129),
(447, '93400708S', 'Jacob', 'Ramos', 'Matriculado', 23),
(448, '89499947T', 'Ramón', 'Domínguez', 'No matriculado', 347),
(449, '30495363Q', 'Francisca', 'Herrero', 'Matriculado', 227),
(450, '98415967M', 'Jacobo', 'Gil', 'Matriculado', 79),
(451, '65438018H', 'Francisco', 'Martín', 'No matriculado', 128),
(452, '08489781Y', 'Jaime', 'Cortés', 'Matriculado', 59),
(453, '25447224R', 'Fulgencio', 'Caballero', 'Matriculado', 286),
(454, '49372122N', 'Jaume', 'Crespo', 'No matriculado', 225),
(455, '65394756T', 'Gabriel', 'Núñez', 'Matriculado', 210),
(456, '45396026N', 'Javier', 'Hidalgo', 'No matriculado', 107),
(457, '83319872R', 'Gema', 'Durán', 'Matriculado', 188),
(458, '40383395K', 'Jeremías', 'Rey', 'No matriculado', 146),
(459, '00308119B', 'Genoveva', 'Giménez', 'Matriculado', 123),
(460, '29362631J', 'Nieves', 'Cabrera', 'Matriculado', 324),
(461, '99338563Y', 'Tadeo', 'Esteban', 'Matriculado', 76),
(462, '48316239H', 'Luis', 'Martínez', 'No matriculado', 275),
(463, '06380484I', 'Noé', 'Cruz', 'No matriculado', 19),
(464, '94387190M', 'Jerónimo', 'Santos', 'Matriculado', 327),
(465, '41300299F', 'Gerardo', 'Ibáñez', 'No matriculado', 99),
(466, '97385217A', 'Aurelia', 'Gómez', 'No matriculado', 18),
(467, '92358554K', 'Luisa', 'Ortega', 'Matriculado', 25),
(468, '48337915A', 'Facundo', 'Reyes', 'Matriculado', 185),
(469, '19384102G', 'Raquel', 'Medina', 'Matriculado', 127),
(470, '60355449J', 'Alejandra', 'Velasco', 'No matriculado', 220),
(471, '15386710E', 'Jesús', 'Calvo', 'Matriculado', 52),
(472, '87311510J', 'Noelia', 'Ortiz', 'Matriculado', 108),
(473, '55325697N', 'Germán', 'Sanz', 'Matriculado', 85),
(474, '78331450F', 'Joan', 'Aguilar', 'No matriculado', 212),
(475, '26366482B', 'Damián', 'Iglesias', 'Matriculado', 273),
(476, '37384575K', 'Aureliano', 'Fernández', 'Matriculado', 54),
(477, '61371570W', 'Calixto', 'Méndez', 'Matriculado', 139),
(478, '839383975F', 'Luz', 'González', 'Matriculado', 221),
(479, '36832366L', 'Daniel', 'Rodríguez', 'Matriculado', 232),
(480, '67733354O', 'Norberto', 'Ferrer', 'No matriculado', 249),
(481, '32729352Y', 'Gertrudis', 'Parra', 'No matriculado', 94),
(482, '16227362S', 'Camilo', 'Román', 'No matriculado', 195),
(483, '65009316S', 'Dario', 'Guerrero', 'No matriculado', 307),
(484, '67283309L', 'Joaquím', 'Vicente', 'No matriculado', 175),
(485, '47585332Y', 'Macario', 'Serrano', 'No matriculado', 30),
(486, '12983387L', 'Nuria', 'Pascual', 'No matriculado', 46),
(487, '39166307K', 'Alejandro', 'Cambil', 'No matriculado', 108),
(488, '49806347M', 'Cándida', 'Romero', 'No matriculado', 43),
(489, '15454341E', 'Magdalena', 'Alonso', 'Matriculado', 189),
(490, '37224322T', 'Gisela', 'Pastor', 'No matriculado', 314),
(491, '46964311N', 'Tarsicio', 'Jiménez', 'Matriculado', 159),
(492, '05584322Y', 'Raúl', 'Molina', 'No matriculado', 232),
(493, '97945366L', 'Aurelio', 'León', 'Matriculado', 69),
(494, '29398364H', 'Teodora', 'Montero', 'No matriculado', 199),
(495, '01768325Y', 'Alejo', 'Flores', 'No matriculado', 121),
(496, '22700340R', 'Aurora', 'Vidal', 'Matriculado', 167),
(497, '12852323T', 'Alfonso', 'Campos', 'Matriculado', 84),
(498, '68474336W', 'David', 'Gutiérrez', 'No matriculado', 54),
(499, '82172309U', 'Rebeca', 'Álvarez', 'No matriculado', 267),
(500, '14483316Q', 'Baldomero', 'Cano', 'Matriculado', 321),
(501, '81567302S', 'Octavio', 'Fuentes', 'Matriculado', 174),
(502, '27656739G', 'Manuel', 'Soler', 'No matriculado', 219),
(503, '59371736M', 'Odón', 'Rubio', 'No matriculado', 216),
(504, '00419436G', 'Teodosia', 'Hernández', 'Matriculado', 210),
(505, '34438538G', 'Manuela', 'Gallardo', 'No matriculado', 98),
(506, '01261933G', 'Reinaldo', 'Soto', 'No matriculado', 113),
(507, '34116783S', 'Joaquín', 'Ruiz', 'No matriculado', 245),
(508, '91251295E', 'Teófanes', 'Suárez', 'No matriculado', 274),
(509, '41447310A', 'Carina', 'Sáez', 'No matriculado', 201),
(510, '71883834P', 'Gloria', 'Torres', 'Matriculado', 145),
(511, '51576140B', 'Joel', 'Sánchez', 'Matriculado', 219),
(512, '61008913X', 'Godofredo', 'Vargas', 'No matriculado', 137),
(513, '51148625E', 'Alfredo', 'Santana', 'No matriculado', 55),
(514, '85194387X', 'Remedios', 'Vázquez', 'No matriculado', 45),
(515, '38127365R', 'Teófila', 'Santiago', 'Matriculado', 32),
(516, '58160489H', 'Balduino', 'Vega', 'Matriculado', 214),
(517, '29139378J', 'Olga', 'Santos', 'No matriculado', 1),
(518, '85218094P', 'Jonás', 'Delgado', 'Matriculado', 66),
(519, '01107267R', 'Gonzalo', 'Velasco', 'No matriculado', 166),
(520, '23309105H', 'Jonathan', 'Moreno', 'No matriculado', 74),
(521, '98402076D', 'Mar', 'Peña', 'No matriculado', 166),
(522, '85208826P', 'Onésimo', 'Gallego', 'Matriculado', 39),
(523, '62660128Z', 'Gregorio', 'López', 'Matriculado', 93),
(524, '13570949K', 'Renato', 'Montoro', 'No matriculado', 14),
(525, '11750855G', 'Jordi', 'Sanz', 'Matriculado', 253),
(526, '42560790M', 'Guadalupe', 'Díaz', 'Matriculado', 100),
(527, '14210732T', 'Demócrito', 'Arias', 'No matriculado', 309),
(528, '34100593Z', 'Carlos', 'Moya', 'Matriculado', 235),
(529, '07330788O', 'Marc', 'Pérez', 'Matriculado', 28),
(530, '85720229Z', 'Jorge', 'García', 'No matriculado', 201),
(531, '34100986Y', 'Diego', 'Muñoz', 'Matriculado', 358),
(532, '19810397Q', 'Teresa', 'Prieto', 'Matriculado', 329),
(533, '18110472U', 'Ricardo', 'Carmona', 'No matriculado', 47),
(534, '03430665T', 'Timoteo', 'Navarro', 'Matriculado', 155),
(535, '60070902O', 'Alicia', 'Díez', 'No matriculado', 355),
(536, '16400121G', 'Guido', 'Vicente', 'No matriculado', 236),
(537, '48020093Y', 'Carmelo', 'Ramírez', 'Matriculado', 74),
(538, '30750891U', 'Josafat', 'Serrano', 'No matriculado', 152),
(539, '89370998H', 'Baltasar', 'Lorenzo', 'Matriculado', 307),
(540, '05490583T', 'Dimas', 'Vidal', 'No matriculado', 303),
(541, '92530387D', 'Orestes', 'Garrido', 'Matriculado', 332),
(542, '67670483L', 'Guillermo', 'Mora', 'No matriculado', 27),
(543, '24350017Q', 'Rigoberto', 'Domínguez', 'No matriculado', 348),
(544, '16950874Z', 'Carmen', 'Nieto', 'No matriculado', 207),
(545, '77400367S', 'Dolores', 'Ramos', 'No matriculado', 339),
(546, '93650551I', 'Alipio', 'Lozano', 'Matriculado', 66),
(547, '61330379M', 'Tito', 'Gil', 'No matriculado', 213),
(548, '17760808X', 'Marcelino', 'Núñez', 'Matriculado', 58),
(549, '01350664N', 'Oriol', 'Benítez', 'Matriculado', 117),
(550, '43530632D', 'José', 'Morales', 'Matriculado', 4),
(551, '50510494Y', 'Bárbara', 'Rey', 'Matriculado', 310),
(552, '25790702R', 'Almudena', 'Ortega', 'No matriculado', 313),
(553, '73370132D', 'Marcelo', 'Soler', 'Matriculado', 338),
(554, '54400287L', 'Gustavo', 'Rubio', 'Matriculado', 147),
(555, '54320947S', 'Carolina', 'Marín', 'No matriculado', 204),
(556, '81340178C', 'Rita', 'Soto', 'No matriculado', 287),
(557, '48430008F', 'Tobías', 'Ruiz', 'No matriculado', 146),
(558, '78530291N', 'Oscar', 'Durán', 'No matriculado', 273),
(559, '63700781O', 'Domingo', 'Herrera', 'No matriculado', 38),
(560, '99780313Z', 'Roberto', 'Giménez', 'No matriculado', 62),
(561, '17870669C', 'Casiano', 'Márquez', 'No matriculado', 24),
(562, '45430352Y', 'Marcial', 'Esteban', 'No matriculado', 165),
(563, '76220638J', 'Josefa', 'Herrero', 'No matriculado', 353),
(564, '04550653O', 'Bartolomé', 'Martín', 'Matriculado', 154),
(565, '92960744G', 'Donato', 'Suárez', 'No matriculado', 218),
(566, '09670241C', 'Alonso', 'Sáez', 'No matriculado', 11),
(567, '86780386M', 'Tomas', 'Hidalgo', 'No matriculado', 156),
(568, '74420789V', 'Casimiro', 'Carrasco', 'Matriculado', 320),
(569, '83020718K', 'Guzmán', 'Gómez', 'No matriculado', 72),
(570, '23960967R', 'Óscar', 'Martínez', 'No matriculado', 356),
(571, '73509022P', 'Josefina', 'Reyes', 'No matriculado', 101),
(572, '77937020P', 'Rocío', 'Ibáñez', 'Matriculado', 267),
(573, '24112024Y', 'Basileo', 'Torres', 'Matriculado', 66),
(574, '75399146P', 'Héctor', 'Sánchez', 'No matriculado', 101),
(575, '10959087H', 'Dorotea', 'Vargas', 'No matriculado', 132),
(576, '47992937R', 'Marciano', 'Blanco', 'No matriculado', 1),
(577, '33528972F', 'Tomás', 'Santana', 'No matriculado', 66),
(578, '63899943V', 'Álvaro', 'Medina', 'Matriculado', 170),
(579, '57094938W', 'Rodrigo', 'Ortiz', 'Matriculado', 263),
(580, '83560978M', 'Josep', 'Castillo', 'Matriculado', 104),
(581, '23791967W', 'Heliodoro', 'Iglesias', 'No matriculado', 61),
(582, '99227954B', 'Casio', 'Méndez', 'No matriculado', 303),
(583, '76415983H', 'Beatriz', 'Fernández', 'No matriculado', 105),
(584, '92849930B', 'Toribio', 'González', 'Matriculado', 23),
(585, '02304943I', 'Rogelio', 'Ferrer', 'Matriculado', 292),
(586, '93512990Z', 'Oseas', 'Jiménez', 'Matriculado', 11),
(587, '73372996L', 'Amadeo', 'Blesa', 'No matriculado', 196),
(588, '59068925L', 'Trinidad', 'Rodríguez', 'Matriculado', 108),
(589, '51488952X', 'Román', 'Guerrero', 'Matriculado', 240),
(590, '65094978N', 'Edgar', 'Molina', 'No matriculado', 81),
(591, '69043968A', 'Josué', 'Vázquez', 'No matriculado', 69),
(592, '85467987O', 'Marcos', 'Parra', 'No matriculado', 4),
(593, '41115943H', 'Ubaldo', 'León', 'No matriculado', 97),
(594, '85334921X', 'Heraclio', 'Román', 'No matriculado', 172),
(595, '26503987P', 'Catalina', 'Santiago', 'No matriculado', 324),
(596, '16724993V', 'Juan', 'Flores', 'Matriculado', 95),
(597, '32052962J', 'Begoña', 'Gutiérrez', 'Matriculado', 149),
(598, '39126964B', 'Oswaldo', 'Castro', 'No matriculado', 97),
(599, '47045931W', 'Margarita', 'Montero', 'No matriculado', 206),
(600, '45789903H', 'Heriberto', 'Fuentes', 'Matriculado', 325),
(601, '27577890J', 'Edmundo', 'Hernández', 'No matriculado', 26),
(602, '34109596W', 'Cayetano', 'Bravo', 'Matriculado', 346),
(603, '64566699U', 'Eduardo', 'Pascual', 'No matriculado', 243),
(604, '89526695L', 'Otilia', 'Cortés', 'No matriculado', 154),
(605, '90195197N', 'Romualdo', 'Caballero', 'No matriculado', 299),
(606, '78572299J', 'Amaro', 'Crespo', 'Matriculado', 337),
(607, '03980997X', 'Belén', 'Romero', 'No matriculado', 189),
(608, '23373293Y', 'Cayo', 'Cabrera', 'Matriculado', 225),
(609, '89129192S', 'María', 'Pastor', 'No matriculado', 215),
(610, '39993495B', 'Oto', 'Gallardo', 'Matriculado', 347),
(611, '88216996Y', 'Urbano', 'Cruz', 'Matriculado', 313),
(612, '30494594A', 'Eduvigis', 'Calvo', 'No matriculado', 342),
(613, '09717095C', 'Juana', 'Aguilar', 'Matriculado', 337),
(614, '89136599Q', 'Roque', 'Cambil', 'No matriculado', 31),
(615, '69707691M', 'Cecilia', 'Alonso', 'Matriculado', 299),
(616, '72753996W', 'Efrén', 'Campos', 'Matriculado', 31),
(617, '37640193W', 'Úrsula', 'Álvarez', 'No matriculado', 289),
(618, '68926690N', 'Rosa', 'Cano', 'Matriculado', 41),
(619, '32333598I', 'Hilarión', 'Delgado', 'Matriculado', 354),
(620, '32178198W', 'Ceferino', 'Gallego', 'No matriculado', 330),
(621, '86712639I', 'Julia', 'López', 'Matriculado', 201),
(622, '30438639R', 'Valentín', 'Díaz', 'No matriculado', 215),
(623, '76983387W', 'Hildegarda', 'Moreno', 'Matriculado', 37),
(624, '83252988C', 'Rosalia', 'Arias', 'Matriculado', 269),
(625, '74187681M', 'Julián', 'Vega', 'Matriculado', 127),
(626, '49077787C', 'Valeriano', 'Montoro', 'Matriculado', 311),
(627, '49947985T', 'Mariano', 'Carmona', 'Matriculado', 334),
(628, '89588983A', 'Homero', 'García', 'Matriculado', 10),
(629, '06613284Y', 'Elena', 'Santos', 'No matriculado', 289),
(630, '81760885H', 'Celia', 'Benítez', 'Matriculado', 274),
(631, '71214187Q', 'Julio', 'Lorenzo', 'No matriculado', 122),
(632, '80595583C', 'Honorato', 'Díez', 'No matriculado', 149),
(633, '46234186E', 'Ambrosio', 'Carrasco', 'No matriculado', 96),
(634, '46385483N', 'Elías', 'Velasco', 'No matriculado', 92),
(635, '83566189K', 'Pablo', 'Peña', 'Matriculado', 304),
(636, '63899682F', 'Marina', 'Moya', 'No matriculado', 2),
(637, '47580381O', 'Rosario', 'Blanco', 'No matriculado', 219),
(638, '02606983L', 'Vanesa', 'Pérez', 'No matriculado', 275),
(639, '68798683U', 'Celina', 'Mora', 'No matriculado', 78),
(640, '04675781Q', 'Beltrán', 'Lozano', 'Matriculado', 91),
(641, '27108189Y', 'Pancracio', 'Garrido', 'No matriculado', 180),
(642, '46129185V', 'Mario', 'Domínguez', 'No matriculado', 210),
(643, '68780681W', 'Elisa', 'Gil', 'Matriculado', 322),
(644, '23664388E', 'Celso', 'Morales', 'Matriculado', 149),
(645, '90957789N', 'Eliseo', 'Muñoz', 'Matriculado', 103),
(646, '45611480J', 'Rosendo', 'Castillo', 'Matriculado', 46),
(647, '66018285H', 'Pascual', 'Durán', 'No matriculado', 317),
(648, '60796381S', 'Marta', 'Blesa', 'No matriculado', 67),
(649, '43112488V', 'Justino', 'Giménez', 'Matriculado', 48),
(650, '73747887K', 'Honorio', 'Prieto', 'No matriculado', 344),
(651, '41240789B', 'Velerio', 'Marín', 'No matriculado', 160),
(652, '20667381T', 'Patricia', 'Herrera', 'Matriculado', 76),
(653, '41489386W', 'Martín', 'Navarro', 'No matriculado', 39),
(654, '44783687U', 'Rubén', 'Castro', 'No matriculado', 248),
(655, '40492682I', 'Venancio', 'Esteban', 'No matriculado', 309),
(656, '92451785F', 'Juvenal', 'Gómez', 'Matriculado', 27),
(657, '88190689B', 'Amelia', 'Sanz', 'No matriculado', 280),
(658, '84954885K', 'Patricio', 'Bravo', 'No matriculado', 78),
(659, '15778584F', 'Mateo', 'Cortés', 'No matriculado', 287),
(660, '05970180P', 'César', 'Vicente', 'No matriculado', 260),
(661, '38480479B', 'Paula', 'Caballero', 'No matriculado', 103),
(662, '54827687T', 'Rufo', 'Ramírez', 'Matriculado', 20),
(663, '88851371W', 'Hugo', 'Nieto', 'No matriculado', 294),
(664, '70647877Z', 'Verónica', 'Crespo', 'No matriculado', 277),
(665, '61658276Z', 'Ladislao', 'Fernández', 'Matriculado', 63),
(666, '25025775P', 'Humberto', 'Cabrera', 'No matriculado', 328),
(667, '68014078C', 'Laura', 'Cruz', 'Matriculado', 334),
(668, '35852670U', 'Ifigenia', 'Calvo', 'No matriculado', 84),
(669, '37750171D', 'Elvira', 'Serrano', 'Matriculado', 105),
(670, '68605172Y', 'Laureano', 'González', 'Matriculado', 54),
(671, '67012376A', 'Ruperto', 'Vidal', 'No matriculado', 248),
(672, '40910979Z', 'Matías', 'Ramos', 'No matriculado', 141),
(673, '99820171C', 'Vicenta', 'Aguilar', 'Matriculado', 282),
(674, '22410770K', 'Pedro', 'Núñez', 'Matriculado', 156),
(675, '28303177Z', 'Cesáreo', 'Ferrer', 'Matriculado', 302),
(676, '20578575I', 'Benedicto', 'Soler', 'Matriculado', 56),
(677, '41034876V', 'Emilia', 'Márquez', 'Matriculado', 52),
(678, '78561972A', 'Cipriano', 'Guerrero', 'Matriculado', 42),
(679, '60140674B', 'Ignacio', 'Cambil', 'No matriculado', 172),
(680, '15670678W', 'Salomé', 'Flores', 'Matriculado', 183),
(681, '22447278Q', 'Lázaro', 'Rey', 'No matriculado', 41),
(682, '48333878G', 'Amparo', 'Ortega', 'Matriculado', 1),
(683, '22499274B', 'Vicente', 'Reyes', 'No matriculado', 141),
(684, '35684577R', 'Ildefonso', 'Herrero', 'No matriculado', 230),
(685, '57248777S', 'Leandro', 'Martín', 'Matriculado', 255),
(686, '92734279P', 'Salomón', 'Gutiérrez', 'No matriculado', 40),
(687, '93749770G', 'Benigno', 'Hidalgo', 'No matriculado', 219),
(688, '67461576A', 'Ana', 'Fuentes', 'Matriculado', 295),
(689, '15790675W', 'Inés', 'Martínez', 'No matriculado', 265),
(690, '99772978Y', 'Benito', 'Ortiz', 'Matriculado', 228),
(691, '13603070O', 'Ananías', 'Rodríguez', 'No matriculado', 175),
(692, '08710879V', 'Fátima', 'Alonso', 'Matriculado', 194),
(693, '54799471P', 'Matilde', 'Parra', 'Matriculado', 334),
(694, '63997174L', 'Emiliano', 'Campos', 'No matriculado', 305),
(695, '90512173D', 'Inmaculada', 'Ibáñez', 'Matriculado', 286),
(696, '85352073R', 'Petronila', 'Román', 'No matriculado', 348),
(697, '99665670F', 'Cirilo', 'Rubio', 'Matriculado', 197),
(698, '72398673E', 'Mauricio', 'Álvarez', 'No matriculado', 109),
(699, '63146772B', 'Pilar', 'Medina', 'No matriculado', 188),
(700, '06883870U', 'Víctor', 'Pascual', 'Matriculado', 352),
(701, '58993578D', 'Emilio', 'Hernández', 'No matriculado', 74),
(702, '60713075O', 'Salvador', 'Iglesias', 'No matriculado', 92),
(703, '41413678L', 'Maximiliano', 'Soto', 'Matriculado', 273),
(704, '58002672C', 'Victoria', 'Gallardo', 'No matriculado', 115),
(705, '89777375L', 'Cirino', 'Romero', 'Matriculado', 147),
(706, '16835470Q', 'Encarnación', 'Cano', 'No matriculado', 309),
(707, '00441576X', 'Benjamín', 'Ruiz', 'Matriculado', 210),
(708, '58325578E', 'Salvio', 'Pastor', 'No matriculado', 110),
(709, '63177471R', 'Faustino', 'Suárez', 'No matriculado', 44),
(710, '62470774B', 'Anastasia', 'Sáez', 'Matriculado', 22),
(711, '95498477D', 'Victorino', 'Torres', 'Matriculado', 133),
(712, '06536072E', 'Samuel', 'Méndez', 'No matriculado', 346),
(713, '38937577J', 'Bernabé', 'Sánchez', 'Matriculado', 111),
(714, '34438976G', 'Ciro', 'Jiménez', 'Matriculado', 272),
(715, '31956973M', 'Anatolio', 'Molina', 'No matriculado', 181),
(716, '30470279C', 'Inocencio', 'León', 'No matriculado', 304),
(717, '33208375W', 'Fausto', 'Montero', 'No matriculado', 18),
(718, '75971974A', 'Bernarda', 'Vargas', 'No matriculado', 123),
(719, '01429371M', 'Irene', 'Santana', 'No matriculado', 359),
(720, '23723678L', 'Andrea', 'Vázquez', 'No matriculado', 268);

-- 
-- Dumping data for table cargadores
--
INSERT INTO cargadores VALUES
(1, '437T', 115, 'Averiado', 3),
(2, '195K', 81, 'Disponible', 7),
(3, '892Z', 50, 'Averiado', 21),
(4, '196N', 47, 'Averiado', 9),
(5, '074L', 100, 'No disponible', 8),
(6, '901X', 134, 'No disponible', 13),
(7, '888C', 77, 'No disponible', 2),
(8, '109B', 3, 'No disponible', 19),
(9, '366M', 28, 'Averiado', 2),
(10, '580K', 117, 'Averiado', 19),
(11, '659D', 79, 'No disponible', 19),
(12, '966Y', 10, 'Averiado', 17),
(13, '240R', 65, 'No disponible', 16),
(14, '615L', 50, 'Averiado', 15),
(15, '226Y', 8, 'Disponible', 20),
(16, '904N', 137, 'Disponible', 1),
(17, '062U', 32, 'Averiado', 5),
(18, '928D', NULL, 'No disponible', 16),
(19, '021C', 95, 'Disponible', 17),
(20, '517K', 44, 'No disponible', 21),
(21, '771J', 37, 'Averiado', 1),
(22, '935U', 40, 'Disponible', 7),
(23, '500F', 100, 'Disponible', 4),
(24, '245E', 18, 'Averiado', 15),
(25, '053G', 150, 'No disponible', 19),
(26, '900W', 9, 'Averiado', 10),
(27, '811G', 35, 'No disponible', 21),
(28, '239L', 51, 'Disponible', 11),
(29, '551X', 129, 'Averiado', 8),
(30, '879W', 102, 'Averiado', 21),
(31, '096F', 135, 'Averiado', 12),
(32, '330D', 45, 'No disponible', 11),
(33, '908O', 20, 'Disponible', 6),
(34, '067R', 6, 'Disponible', 5),
(35, '654O', 35, 'No disponible', 3),
(36, '960X', 113, 'Disponible', 16),
(37, '546H', 50, 'No disponible', 22),
(38, '063B', 83, 'Disponible', 17),
(39, '840N', 11, 'Disponible', 16),
(40, '600I', 109, 'Averiado', 15),
(41, '148L', 57, 'Averiado', 8),
(42, '114S', 71, 'No disponible', 4),
(43, '157P', 149, 'Averiado', 21),
(44, '554D', 2, 'Disponible', 6),
(45, '658Y', 64, 'No disponible', 20),
(46, '929E', 128, 'No disponible', 24),
(47, '829W', 146, 'Averiado', 10),
(48, '590L', 77, 'Averiado', 11),
(49, '511I', 25, 'Disponible', 23),
(50, '787A', NULL, 'Averiado', 18),
(51, '304D', 129, 'Averiado', 16),
(52, '940L', 147, 'No disponible', 7),
(53, '576R', 133, 'No disponible', 17),
(54, '461A', 34, 'Averiado', 9),
(55, '570M', 68, 'Averiado', 22),
(56, '338Z', 53, 'Averiado', 8),
(57, '078F', 65, 'Disponible', 23),
(58, '488X', 119, 'No disponible', 3),
(59, '858A', 87, 'Averiado', 8),
(60, '903Y', 104, 'No disponible', 24),
(61, '142F', 106, 'No disponible', 10),
(62, '982J', 111, 'Averiado', 18),
(63, '287N', 5, 'No disponible', 23),
(64, '615I', 141, 'Averiado', 10),
(65, '467S', 76, 'No disponible', 11),
(66, '887J', NULL, 'Disponible', 5),
(67, '049M', 20, 'Disponible', 8),
(68, '001I', 115, 'Disponible', 5),
(69, '449G', 6, 'Disponible', 18),
(70, '868K', 77, 'Disponible', 12),
(71, '546T', 37, 'No disponible', 1),
(72, '365X', 92, 'Averiado', 23),
(73, '360L', 0, 'No disponible', 24),
(74, '378S', 65, 'Disponible', 19),
(75, '081V', 136, 'Averiado', 18),
(76, '201M', 134, 'No disponible', 22),
(77, '818E', 13, 'No disponible', 14),
(78, '811P', 140, 'Averiado', 6),
(79, '548V', 28, 'No disponible', 22),
(80, '988K', 147, 'Disponible', 2),
(81, '315D', 50, 'Averiado', 1),
(82, '523K', 123, 'Disponible', 13),
(83, '434U', 113, 'Disponible', 8),
(84, '431B', 6, 'Disponible', 6),
(85, '313A', 116, 'Averiado', 16),
(86, '036V', NULL, 'Averiado', 13),
(87, '325C', 17, 'No disponible', 9),
(88, '414V', 0, 'Disponible', 10),
(89, '605P', 28, 'Averiado', 23),
(90, '930J', 46, 'No disponible', 13),
(91, '660U', 111, 'No disponible', 21),
(92, '718F', 51, 'Disponible', 12),
(93, '373U', 46, 'Disponible', 23),
(94, '785L', 1, 'Disponible', 24),
(95, '061F', 95, 'Averiado', 4),
(96, '376E', 138, 'Disponible', 19),
(97, '615Q', 128, 'No disponible', 16),
(98, '145J', 149, 'Averiado', 22),
(99, '343P', 95, 'Disponible', 19),
(100, '284M', 94, 'Disponible', 18),
(101, '969H', 57, 'No disponible', 13),
(102, '227D', 105, 'Disponible', 10),
(103, '474F', 9, 'No disponible', 8),
(104, '142Z', 0, 'Disponible', 21),
(105, '552Y', 112, 'Averiado', 20),
(106, '276D', 8, 'Averiado', 21),
(107, '894I', 79, 'Averiado', 17),
(108, '875R', 4, 'Averiado', 24),
(109, '553V', 128, 'Averiado', 21),
(110, '537D', 1, 'No disponible', 21),
(111, '068R', 9, 'Averiado', 13),
(112, '021V', 69, 'No disponible', 1),
(113, '793B', 103, 'Disponible', 19),
(114, '236O', 94, 'No disponible', 1),
(115, '658R', 89, 'No disponible', 3),
(116, '246V', 4, 'Disponible', 11),
(117, '012A', 16, 'Disponible', 6),
(118, '418E', 83, 'No disponible', 5),
(119, '553D', 5, 'Disponible', 20),
(120, '062A', 3, 'Averiado', 24),
(121, '760E', 87, 'Disponible', 2),
(122, '715Z', 63, 'No disponible', 19),
(123, '689N', 18, 'Averiado', 12),
(124, '559O', 94, 'Averiado', 2),
(125, '078K', 105, 'Averiado', 24),
(126, '916J', 32, 'Disponible', 9),
(127, '649G', 48, 'Disponible', 15),
(128, '473B', 117, 'No disponible', 14),
(129, '258W', NULL, 'Disponible', 16),
(130, '426B', 47, 'Averiado', 10),
(131, '364A', 35, 'Disponible', 5),
(132, '010U', 84, 'Averiado', 12),
(133, '704L', 4, 'Averiado', 3),
(134, '026G', 139, 'Disponible', 12),
(135, '338B', 75, 'No disponible', 17),
(136, '702L', 75, 'Disponible', 6),
(137, '515V', 115, 'Disponible', 8),
(138, '987E', 105, 'No disponible', 11),
(139, '676U', 29, 'No disponible', 17),
(140, '072C', 0, 'No disponible', 2),
(141, '987O', 8, 'Disponible', 14),
(142, '602G', 39, 'No disponible', 5),
(143, '376D', 2, 'Averiado', 12),
(144, '967H', 1, 'Disponible', 4),
(145, '103Q', 65, 'Disponible', 17),
(146, '832L', 7, 'Averiado', 18),
(147, '465B', 94, 'Averiado', 5),
(148, '111A', 148, 'No disponible', 1),
(149, '836D', 131, 'No disponible', 13),
(150, '579C', 122, 'Disponible', 23),
(151, '145M', 93, 'No disponible', 9),
(152, '832M', 82, 'Disponible', 16),
(153, '064Y', 126, 'No disponible', 9),
(154, '311T', 45, 'Disponible', 7),
(155, '160W', 113, 'No disponible', 19),
(156, '962Y', NULL, 'No disponible', 7),
(157, '532H', NULL, 'Averiado', 17),
(158, '125N', 38, 'Averiado', 18),
(159, '416R', 0, 'Disponible', 12),
(160, '211O', 6, 'Disponible', 7),
(161, '119M', 7, 'No disponible', 9),
(162, '763G', 96, 'No disponible', 3),
(163, '643T', 63, 'Disponible', 15),
(164, '791M', 74, 'Averiado', 4),
(165, '662Y', 106, 'Disponible', 13),
(166, '173P', 78, 'No disponible', 15),
(167, '440T', 6, 'No disponible', 16),
(168, '379L', 46, 'Disponible', 5),
(169, '397O', 102, 'No disponible', 19),
(170, '298B', 35, 'No disponible', 2),
(171, '039Z', 18, 'No disponible', 9),
(172, '631S', 30, 'Averiado', 7),
(173, '488I', 42, 'Disponible', 1),
(174, '870K', 5, 'Disponible', 10),
(175, '605F', 55, 'Averiado', 1),
(176, '995X', 5, 'Averiado', 2),
(177, '842L', 103, 'No disponible', 6),
(178, '634Y', 40, 'No disponible', 6),
(179, '225L', 50, 'Averiado', 22),
(180, '756A', 1, 'Disponible', 19),
(181, '248C', 75, 'No disponible', 16),
(182, '271D', 39, 'Disponible', 1),
(183, '929A', 0, 'Disponible', 24),
(184, '137W', 25, 'Disponible', 15),
(185, '633Y', 90, 'No disponible', 1),
(186, '659I', 97, 'Disponible', 2),
(187, '542R', 43, 'Disponible', 20),
(188, '338D', 66, 'Disponible', 12),
(189, '922N', 126, 'No disponible', 15),
(190, '356D', 140, 'No disponible', 17),
(191, '350X', 2, 'Averiado', 12),
(192, '337V', 8, 'Averiado', 5),
(193, '816Q', 17, 'Averiado', 24),
(194, '639C', 56, 'Disponible', 18),
(195, '366P', 110, 'Averiado', 21),
(196, '822U', 24, 'Disponible', 5),
(197, '998H', 20, 'Averiado', 9),
(198, '810V', 27, 'No disponible', 23),
(199, '507X', 40, 'Averiado', 9),
(200, '151O', 2, 'No disponible', 24),
(201, '283K', 150, 'Disponible', 3),
(202, '472M', 38, 'Disponible', 5),
(203, '377Q', 80, 'No disponible', 10),
(204, '514J', 130, 'No disponible', 12),
(205, '272J', 19, 'Disponible', 19),
(206, '567Z', 31, 'Averiado', 23),
(207, '531F', 70, 'Disponible', 3),
(208, '779S', 15, 'No disponible', 17),
(209, '262C', 74, 'No disponible', 6),
(210, '542X', 112, 'Averiado', 7),
(211, '710C', 54, 'Disponible', 16),
(212, '303D', 50, 'No disponible', 2),
(213, '879D', 4, 'Disponible', 4),
(214, '134L', 100, 'Disponible', 19),
(215, '621H', 116, 'No disponible', 14),
(216, '194Q', 79, 'No disponible', 14),
(217, '818X', 124, 'No disponible', 14),
(218, '120P', 21, 'Disponible', 17),
(219, '165E', 139, 'Disponible', 22),
(220, '416G', 113, 'Averiado', 20),
(221, '578B', 121, 'No disponible', 22),
(222, '033Z', 3, 'No disponible', 10),
(223, '130S', 7, 'Averiado', 10),
(224, '055B', 112, 'Averiado', 23),
(225, '494S', 107, 'Averiado', 22),
(226, '489W', 59, 'Averiado', 7),
(227, '551O', 101, 'No disponible', 9),
(228, '806F', 98, 'No disponible', 23),
(229, '586D', 21, 'Disponible', 24),
(230, '562W', 24, 'Disponible', 24),
(231, '373A', 115, 'Averiado', 18),
(232, '227V', 84, 'Averiado', 13),
(233, '132P', 130, 'Disponible', 1),
(234, '285W', 42, 'Averiado', 16),
(235, '918N', 77, 'Disponible', 11),
(236, '507W', NULL, 'Disponible', 14),
(237, '596I', 139, 'No disponible', 3),
(238, '683M', 67, 'No disponible', 14),
(239, '544V', 4, 'Disponible', 20),
(240, '730D', 31, 'Disponible', 10),
(241, '611J', 40, 'Averiado', 18),
(242, '357Q', 50, 'Averiado', 19),
(243, '176N', 86, 'No disponible', 18),
(244, '808Q', 41, 'Disponible', 5),
(245, '005A', 6, 'No disponible', 5),
(246, '822K', 124, 'Averiado', 9),
(247, '833S', 8, 'No disponible', 2),
(248, '489H', 101, 'Averiado', 9),
(249, '609Z', 66, 'No disponible', 20),
(250, '018P', 77, 'No disponible', 14),
(251, '949O', 54, 'Disponible', 3),
(252, '373V', 61, 'Averiado', 6),
(253, '904D', 150, 'Averiado', 14),
(254, '537Q', 42, 'No disponible', 23),
(255, '803R', 4, 'Averiado', 9),
(256, '290V', 149, 'No disponible', 10),
(257, '619V', 5, 'Disponible', 17),
(258, '874C', 98, 'Averiado', 2),
(259, '238L', 0, 'No disponible', 12),
(260, '978M', 15, 'No disponible', 14),
(261, '263F', 119, 'No disponible', 1),
(262, '223W', 138, 'No disponible', 16),
(263, '558G', 18, 'Averiado', 8),
(264, '774A', 0, 'Averiado', 11),
(265, '018E', 1, 'No disponible', 23),
(266, '043T', 121, 'Disponible', 20),
(267, '825S', 9, 'Disponible', 18),
(268, '574V', 46, 'Disponible', 23),
(269, '532S', 136, 'Averiado', 3),
(270, '343G', 43, 'Averiado', 5),
(271, '511J', 117, 'Averiado', 12),
(272, '142S', 78, 'Averiado', 15),
(273, '864Q', 9, 'Averiado', 5),
(274, '700A', 122, 'Disponible', 21),
(275, '913S', 123, 'Disponible', 20),
(276, '201B', 67, 'Disponible', 3),
(277, '642T', 56, 'Averiado', 21),
(278, '380K', 0, 'No disponible', 3),
(279, '538N', 146, 'No disponible', 20),
(280, '650M', 57, 'Averiado', 21),
(281, '010M', 7, 'Averiado', 18),
(282, '527F', 109, 'No disponible', 8),
(283, '369L', 49, 'No disponible', 20),
(284, '778B', 75, 'Averiado', 22),
(285, '050G', 121, 'Averiado', 14),
(286, '753C', 7, 'Disponible', 11),
(287, '069J', 61, 'No disponible', 11),
(288, '595E', 121, 'No disponible', 11),
(289, '655Q', 120, 'No disponible', 24),
(290, '833X', 34, 'Disponible', 23),
(291, '576T', 1, 'Disponible', 22),
(292, '716G', 121, 'Averiado', 12),
(293, '105R', 4, 'Disponible', 13),
(294, '448T', 87, 'Disponible', 24),
(295, '598O', 3, 'Averiado', 4),
(296, '094Q', 37, 'No disponible', 5),
(297, '474E', 2, 'Averiado', 23),
(298, '151Q', 19, 'Disponible', 1),
(299, '810E', 119, 'Disponible', 21),
(300, '233S', 49, 'Averiado', 3),
(301, '493S', 44, 'Averiado', 4),
(302, '034M', 4, 'No disponible', 1),
(303, '622U', 27, 'Disponible', 21),
(304, '332V', 30, 'Averiado', 6),
(305, '215F', 35, 'No disponible', 16),
(306, '192H', 13, 'Disponible', 10),
(307, '917W', 92, 'Averiado', 7),
(308, '367Y', 7, 'No disponible', 9),
(309, '908I', 8, 'Averiado', 24),
(310, '713L', 40, 'Disponible', 3),
(311, '059N', 26, 'Disponible', 12),
(312, '505W', 63, 'No disponible', 17),
(313, '946J', 54, 'Disponible', 17),
(314, '567O', 15, 'No disponible', 16),
(315, '968F', 143, 'No disponible', 16),
(316, '196Y', 148, 'Averiado', 4),
(317, '514P', 130, 'Averiado', 5),
(318, '142G', 100, 'Disponible', 7),
(319, '307H', 70, 'Disponible', 3),
(320, '382G', 114, 'Averiado', 18),
(321, '301V', 2, 'No disponible', 9),
(322, '781O', 103, 'No disponible', 12),
(323, '571S', 74, 'No disponible', 2),
(324, '194Y', 31, 'Averiado', 1),
(325, '437F', 150, 'Averiado', 8),
(326, '415B', 2, 'No disponible', 15),
(327, '280B', 85, 'No disponible', 20),
(328, '569Y', 60, 'No disponible', 22),
(329, '833K', 110, 'Averiado', 19),
(330, '559P', NULL, 'No disponible', 6),
(331, '556D', 13, 'Disponible', 3),
(332, '574K', 143, 'Disponible', 1),
(333, '778M', 4, 'Disponible', 13),
(334, '960J', 112, 'No disponible', 22),
(335, '301S', 4, 'No disponible', 12),
(336, '848U', 23, 'No disponible', 24),
(337, '575B', 42, 'No disponible', 1),
(338, '744I', 147, 'Disponible', 3),
(339, '600R', 5, 'Disponible', 7),
(340, '092L', 2, 'No disponible', 15),
(341, '538P', 144, 'Averiado', 9),
(342, '433R', 44, 'Averiado', 2),
(343, '465X', 16, 'Averiado', 12),
(344, '948S', 0, 'Disponible', 17),
(345, '496V', 96, 'Averiado', 11),
(346, '991X', 5, 'Averiado', 15),
(347, '773O', 90, 'Averiado', 3),
(348, '479F', 92, 'No disponible', 2),
(349, '949Z', 92, 'Disponible', 6),
(350, '136J', 50, 'Disponible', 16),
(351, '210A', 100, 'Disponible', 15),
(352, '464H', 91, 'No disponible', 17),
(353, '117A', 149, 'Disponible', 7),
(354, '711Q', 65, 'No disponible', 9),
(355, '768J', 122, 'Averiado', 22),
(356, '251E', 145, 'Averiado', 2),
(357, '989M', 31, 'Disponible', 4),
(358, '437P', 20, 'Disponible', 23),
(359, '281B', 96, 'Averiado', 1),
(360, '267S', NULL, 'Averiado', 1);

-- 
-- Dumping data for table cursan
--
INSERT INTO cursan VALUES
(1, '2022/23', 62, 7),
(2, '2022/23', 7, 1),
(3, '2021/22', 16, 1),
(4, '2023/24', 22, 10),
(5, '2020/21', 35, 2),
(6, '2020/21', 74, 8),
(7, '2022/23', 63, 1),
(8, '2023/24', 63, 8),
(9, '2020/21', 64, 2),
(10, '2023/24', 50, 11),
(11, '2023/24', 31, 10),
(12, '2022/23', 17, 2),
(13, '2022/23', 59, 6),
(14, '2020/21', 32, 11),
(15, '2021/22', 18, 3),
(16, '2022/23', 64, 9),
(17, '2021/22', 33, 12),
(18, '2022/23', 56, 10),
(19, '2020/21', 60, 7),
(20, '2023/24', 65, 3),
(21, '2021/22', 36, 3),
(22, '2021/22', 51, 12),
(23, '2022/23', 65, 10),
(24, '2022/23', 8, 2),
(25, '2021/22', 37, 4),
(26, '2022/23', 19, 4),
(27, '2023/24', 23, 1),
(28, '2022/23', 41, 1),
(29, '2021/22', 57, 11),
(30, '2020/21', 61, 8),
(31, '2022/23', 20, 5),
(32, '2021/22', 66, 4),
(33, '2021/22', 23, 11),
(34, '2021/22', 58, 12),
(35, '2022/23', 44, 4),
(36, '2023/24', 38, 5),
(37, '2023/24', 48, 1),
(38, '2023/24', 24, 2),
(39, '2023/24', 21, 6),
(40, '2021/22', 9, 3),
(41, '2021/22', 66, 11),
(42, '2021/22', 67, 5),
(43, '2022/23', 45, 5),
(44, '2023/24', 49, 2),
(45, '2020/21', 24, 12),
(46, '2023/24', 42, 2),
(47, '2022/23', 67, 12),
(48, '2020/21', 68, 6),
(49, '2021/22', 57, 1),
(50, '2023/24', 46, 6),
(51, '2022/23', 69, 7),
(52, '2020/21', 39, 6),
(53, '2021/22', 43, 3),
(54, '2020/21', 10, 4),
(55, '2022/23', 25, 3),
(56, '2022/23', 50, 3),
(57, '2020/21', 22, 7),
(58, '2022/23', 14, 1),
(59, '2020/21', 58, 2),
(60, '2020/21', 47, 7),
(61, '2022/23', 40, 7),
(62, '2022/23', 11, 5),
(63, '2020/21', 70, 8),
(64, '2020/21', 37, 11),
(65, '2021/22', 59, 3),
(66, '2020/21', 15, 2),
(67, '2020/21', 12, 6),
(68, '2022/23', 16, 3),
(69, '2022/23', 51, 4),
(70, '2023/24', 71, 9),
(71, '2021/22', 26, 4),
(72, '2020/21', 13, 7),
(73, '2023/24', 23, 8),
(74, '2021/22', 41, 8),
(75, '2020/21', 60, 4),
(76, '2022/23', 38, 12),
(77, '2020/21', 72, 10),
(78, '2023/24', 27, 5),
(79, '2021/22', 61, 5),
(80, '2020/21', 73, 11),
(81, '2021/22', 24, 9),
(82, '2020/21', 28, 6),
(83, '2023/24', 48, 8),
(84, '2020/21', 17, 4),
(85, '2021/22', 52, 5),
(86, '2020/21', 49, 9),
(87, '2023/24', 25, 10),
(88, '2023/24', 62, 6),
(89, '2020/21', 42, 9),
(90, '2023/24', 14, 8),
(91, '2023/24', 29, 7),
(92, '2020/21', 53, 6),
(93, '2020/21', 26, 11),
(94, '2023/24', 50, 10),
(95, '2023/24', 28, 1),
(96, '2020/21', 74, 12),
(97, '2020/21', 63, 7),
(98, '2023/24', 18, 5),
(99, '2023/24', 54, 7),
(100, '2023/24', 15, 9),
(101, '2023/24', 30, 8),
(102, '2020/21', 64, 1),
(103, '2021/22', 27, 12),
(104, '2023/24', 1, 1),
(105, '2022/23', 43, 10),
(106, '2021/22', 64, 8),
(107, '2023/24', 31, 9),
(108, '2021/22', 65, 2),
(109, '2023/24', 17, 1),
(110, '2021/22', 51, 11),
(111, '2023/24', 55, 8),
(112, '2023/24', 65, 9),
(113, '2023/24', 16, 10),
(114, '2022/23', 66, 3),
(115, '2022/23', 29, 2),
(116, '2022/23', 32, 10),
(117, '2020/21', 44, 11),
(118, '2022/23', 66, 10),
(119, '2022/23', 67, 4),
(120, '2020/21', 18, 2),
(121, '2020/21', 52, 12),
(122, '2020/21', 33, 11),
(123, '2023/24', 56, 9),
(124, '2022/23', 30, 3),
(125, '2021/22', 45, 12),
(126, '2023/24', 31, 4),
(127, '2021/22', 42, 1),
(128, '2022/23', 35, 1),
(129, '2022/23', 2, 2),
(130, '2020/21', 17, 11),
(131, '2021/22', 57, 10),
(132, '2020/21', 67, 11),
(133, '2023/24', 32, 5),
(134, '2022/23', 68, 5),
(135, '2022/23', 43, 2),
(136, '2020/21', 19, 3),
(137, '2020/21', 68, 12),
(138, '2021/22', 36, 2),
(139, '2020/21', 58, 11),
(140, '2021/22', 69, 6),
(141, '2020/21', 33, 6),
(142, '2021/22', 37, 3),
(143, '2021/22', 34, 7),
(144, '2022/23', 44, 3),
(145, '2022/23', 34, 12),
(146, '2023/24', 20, 4),
(147, '2023/24', 38, 4),
(148, '2021/22', 35, 8),
(149, '2023/24', 24, 1),
(150, '2020/21', 21, 5),
(151, '2020/21', 25, 2),
(152, '2020/21', 3, 3),
(153, '2021/22', 22, 6),
(154, '2023/24', 39, 5),
(155, '2022/23', 26, 3),
(156, '2023/24', 58, 1),
(157, '2020/21', 23, 7),
(158, '2023/24', 70, 7),
(159, '2023/24', 36, 9),
(160, '2020/21', 59, 2),
(161, '2021/22', 27, 4),
(162, '2020/21', 59, 12),
(163, '2023/24', 71, 8),
(164, '2023/24', 24, 8),
(165, '2021/22', 18, 12),
(166, '2022/23', 60, 3),
(167, '2021/22', 40, 6),
(168, '2022/23', 28, 5),
(169, '2020/21', 4, 4),
(170, '2023/24', 8, 1),
(171, '2022/23', 37, 10),
(172, '2023/24', 72, 9),
(173, '2023/24', 25, 9),
(174, '2023/24', 61, 4),
(175, '2022/23', 45, 4),
(176, '2020/21', 29, 6),
(177, '2023/24', 49, 1),
(178, '2022/23', 73, 10),
(179, '2021/22', 5, 5),
(180, '2022/23', 26, 10),
(181, '2022/23', 9, 2),
(182, '2020/21', 30, 7),
(183, '2020/21', 27, 11),
(184, '2021/22', 62, 5),
(185, '2023/24', 46, 5),
(186, '2021/22', 50, 2),
(187, '2020/21', 47, 6),
(188, '2021/22', 6, 6),
(189, '2023/24', 41, 7),
(190, '2020/21', 74, 11),
(191, '2023/24', 63, 6),
(192, '2021/22', 75, 12),
(193, '2023/24', 10, 3),
(194, '2020/21', 64, 7),
(195, '2020/21', 51, 3),
(196, '2021/22', 65, 1),
(197, '2023/24', 48, 7),
(198, '2022/23', 31, 8),
(199, '2022/23', 52, 4),
(200, '2021/22', 28, 12),
(201, '2020/21', 49, 8),
(202, '2021/22', 32, 9),
(203, '2022/23', 18, 1),
(204, '2021/22', 7, 7),
(205, '2022/23', 65, 8),
(206, '2022/23', 33, 10),
(207, '2022/23', 53, 5),
(208, '2023/24', 19, 2),
(209, '2020/21', 50, 9),
(210, '2023/24', 11, 4),
(211, '2021/22', 8, 8),
(212, '2022/23', 34, 11),
(213, '2021/22', 54, 6),
(214, '2021/22', 12, 5),
(215, '2021/22', 51, 10),
(216, '2023/24', 66, 2),
(217, '2020/21', 20, 3),
(218, '2021/22', 66, 9),
(219, '2020/21', 55, 7),
(220, '2021/22', 35, 12),
(221, '2020/21', 21, 4),
(222, '2020/21', 25, 1),
(223, '2020/21', 52, 11),
(224, '2022/23', 22, 5),
(225, '2022/23', 9, 9),
(226, '2021/22', 38, 11),
(227, '2021/22', 67, 3),
(228, '2021/22', 42, 8),
(229, '2023/24', 26, 2),
(230, '2023/24', 67, 10),
(231, '2022/23', 56, 8),
(232, '2021/22', 39, 12),
(233, '2020/21', 23, 6),
(234, '2021/22', 53, 12),
(235, '2022/23', 43, 9),
(236, '2020/21', 57, 9),
(237, '2021/22', 13, 6),
(238, '2020/21', 10, 10),
(239, '2022/23', 14, 7),
(240, '2022/23', 27, 3),
(241, '2022/23', 68, 4),
(242, '2021/22', 24, 7),
(243, '2023/24', 28, 4),
(244, '2023/24', 29, 1),
(245, '2022/23', 43, 1),
(246, '2021/22', 44, 10),
(247, '2022/23', 25, 8),
(248, '2020/21', 68, 11),
(249, '2020/21', 11, 11),
(250, '2023/24', 58, 10),
(251, '2020/21', 30, 2),
(252, '2021/22', 44, 2),
(253, '2022/23', 59, 11),
(254, '2021/22', 29, 5),
(255, '2020/21', 15, 8),
(256, '2022/23', 45, 11),
(257, '2022/23', 31, 3),
(258, '2020/21', 69, 5),
(259, '2021/22', 12, 12),
(260, '2020/21', 26, 9),
(261, '2020/21', 46, 12),
(262, '2021/22', 30, 6),
(263, '2021/22', 16, 9),
(264, '2020/21', 45, 3),
(265, '2022/23', 32, 4),
(266, '2022/23', 60, 12),
(267, '2021/22', 2, 1),
(268, '2020/21', 69, 12),
(269, '2020/21', 36, 1),
(270, '2020/21', 70, 6),
(271, '2023/24', 59, 1),
(272, '2022/23', 27, 10),
(273, '2020/21', 71, 7),
(274, '2023/24', 31, 7),
(275, '2022/23', 33, 5),
(276, '2023/24', 60, 2),
(277, '2021/22', 17, 10),
(278, '2022/23', 28, 11),
(279, '2022/23', 46, 4),
(280, '2022/23', 50, 1),
(281, '2020/21', 3, 2),
(282, '2023/24', 18, 11),
(283, '2021/22', 32, 8),
(284, '2020/21', 37, 2),
(285, '2023/24', 34, 6),
(286, '2021/22', 72, 8),
(287, '2022/23', 61, 3),
(288, '2022/23', 4, 3),
(289, '2020/21', 47, 5),
(290, '2021/22', 19, 12),
(291, '2021/22', 29, 12),
(292, '2021/22', 33, 9),
(293, '2021/22', 5, 4),
(294, '2022/23', 51, 2),
(295, '2022/23', 73, 9),
(296, '2021/22', 38, 3),
(297, '2021/22', 19, 1),
(298, '2020/21', 48, 6),
(299, '2023/24', 9, 1),
(300, '2023/24', 62, 4),
(301, '2020/21', 35, 7),
(302, '2020/21', 34, 10),
(303, '2022/23', 20, 2),
(304, '2020/21', 6, 5),
(305, '2021/22', 74, 10),
(306, '2021/22', 10, 2),
(307, '2022/23', 63, 5),
(308, '2020/21', 35, 11),
(309, '2023/24', 52, 3),
(310, '2020/21', 7, 6),
(311, '2020/21', 39, 4),
(312, '2020/21', 21, 3),
(313, '2023/24', 11, 3),
(314, '2020/21', 36, 12),
(315, '2021/22', 22, 4),
(316, '2023/24', 36, 8),
(317, '2020/21', 75, 11),
(318, '2021/22', 40, 5),
(319, '2022/23', 8, 7),
(320, '2020/21', 37, 9),
(321, '2020/21', 64, 6),
(322, '2022/23', 76, 12),
(323, '2022/23', 26, 1),
(324, '2023/24', 41, 6),
(325, '2021/22', 49, 7),
(326, '2023/24', 53, 4),
(327, '2023/24', 12, 4),
(328, '2020/21', 23, 5),
(329, '2022/23', 38, 10),
(330, '2023/24', 65, 7),
(331, '2021/22', 50, 8),
(332, '2021/22', 27, 2),
(333, '2020/21', 24, 6),
(334, '2023/24', 66, 1),
(335, '2021/22', 9, 8),
(336, '2021/22', 66, 8),
(337, '2021/22', 54, 5),
(338, '2021/22', 28, 3),
(339, '2023/24', 42, 7),
(340, '2020/21', 25, 7),
(341, '2020/21', 13, 5),
(342, '2023/24', 39, 11),
(343, '2020/21', 29, 4),
(344, '2023/24', 51, 9),
(345, '2020/21', 55, 6),
(346, '2022/23', 67, 2),
(347, '2023/24', 10, 9),
(348, '2022/23', 52, 10),
(349, '2023/24', 43, 8),
(350, '2023/24', 40, 12),
(351, '2022/23', 56, 7),
(352, '2022/23', 53, 11),
(353, '2021/22', 44, 9),
(354, '2022/23', 30, 1),
(355, '2023/24', 14, 6),
(356, '2021/22', 45, 10),
(357, '2022/23', 11, 10),
(358, '2021/22', 67, 9),
(359, '2021/22', 26, 8),
(360, '2021/22', 30, 5),
(361, '2022/23', 68, 3),
(362, '2020/21', 57, 8),
(363, '2023/24', 68, 10),
(364, '2021/22', 69, 4),
(365, '2021/22', 27, 9),
(366, '2020/21', 15, 7),
(367, '2022/23', 12, 11),
(368, '2023/24', 31, 6),
(369, '2020/21', 28, 10),
(370, '2020/21', 31, 2),
(371, '2021/22', 54, 12),
(372, '2021/22', 58, 9),
(373, '2020/21', 16, 8),
(374, '2021/22', 69, 11),
(375, '2022/23', 46, 11),
(376, '2020/21', 32, 7),
(377, '2023/24', 44, 1),
(378, '2020/21', 59, 10),
(379, '2021/22', 45, 2),
(380, '2021/22', 60, 11),
(381, '2020/21', 32, 3),
(382, '2023/24', 47, 12),
(383, '2023/24', 46, 3),
(384, '2022/23', 70, 5),
(385, '2020/21', 29, 11),
(386, '2023/24', 70, 12),
(387, '2022/23', 71, 6),
(388, '2023/24', 61, 12),
(389, '2022/23', 47, 4),
(390, '2021/22', 51, 1),
(391, '2022/23', 48, 5),
(392, '2021/22', 60, 1),
(393, '2023/24', 72, 7),
(394, '2021/22', 33, 8),
(395, '2023/24', 33, 4),
(396, '2023/24', 37, 1),
(397, '2023/24', 34, 5),
(398, '2020/21', 38, 2),
(399, '2023/24', 30, 12),
(400, '2020/21', 52, 2),
(401, '2023/24', 61, 2),
(402, '2022/23', 73, 8),
(403, '2023/24', 35, 6),
(404, '2020/21', 13, 12),
(405, '2020/21', 49, 6),
(406, '2020/21', 17, 9),
(407, '2021/22', 53, 3),
(408, '2021/22', 50, 7),
(409, '2020/21', 3, 1),
(410, '2022/23', 54, 4),
(411, '2021/22', 62, 3),
(412, '2022/23', 39, 3),
(413, '2021/22', 18, 10),
(414, '2022/23', 36, 7),
(415, '2020/21', 74, 9),
(416, '2022/23', 40, 4),
(417, '2021/22', 63, 4),
(418, '2022/23', 75, 10),
(419, '2020/21', 51, 8),
(420, '2021/22', 37, 8),
(421, '2020/21', 4, 2),
(422, '2020/21', 34, 9),
(423, '2023/24', 41, 5),
(424, '2020/21', 55, 5),
(425, '2022/23', 52, 9),
(426, '2021/22', 64, 5),
(427, '2020/21', 56, 6),
(428, '2021/22', 53, 10),
(429, '2021/22', 20, 1),
(430, '2023/24', 76, 11),
(431, '2023/24', 65, 6),
(432, '2022/23', 19, 11),
(433, '2023/24', 35, 10),
(434, '2021/22', 5, 3),
(435, '2021/22', 77, 12),
(436, '2021/22', 57, 7),
(437, '2022/23', 20, 12),
(438, '2022/23', 54, 11),
(439, '2023/24', 21, 2),
(440, '2023/24', 6, 4),
(441, '2021/22', 36, 11),
(442, '2021/22', 22, 3),
(443, '2022/23', 58, 8),
(444, '2023/24', 10, 1),
(445, '2020/21', 55, 12),
(446, '2023/24', 37, 12),
(447, '2022/23', 59, 9),
(448, '2022/23', 23, 4),
(449, '2021/22', 38, 9),
(450, '2020/21', 66, 7),
(451, '2020/21', 45, 1),
(452, '2023/24', 60, 10),
(453, '2020/21', 67, 1),
(454, '2023/24', 67, 8),
(455, '2023/24', 42, 6),
(456, '2022/23', 39, 10),
(457, '2021/22', 27, 1),
(458, '2022/23', 68, 2),
(459, '2023/24', 43, 7),
(460, '2022/23', 68, 9),
(461, '2023/24', 40, 11),
(462, '2020/21', 69, 3),
(463, '2022/23', 24, 5),
(464, '2022/23', 7, 5),
(465, '2021/22', 69, 10),
(466, '2021/22', 46, 2),
(467, '2022/23', 11, 2),
(468, '2021/22', 8, 6),
(469, '2023/24', 61, 11),
(470, '2023/24', 12, 3),
(471, '2023/24', 44, 8),
(472, '2021/22', 9, 7),
(473, '2023/24', 47, 3),
(474, '2023/24', 41, 12),
(475, '2023/24', 28, 2),
(476, '2023/24', 62, 12),
(477, '2021/22', 48, 4),
(478, '2022/23', 45, 9),
(479, '2022/23', 70, 4),
(480, '2023/24', 25, 6),
(481, '2020/21', 13, 4),
(482, '2023/24', 29, 3),
(483, '2021/22', 26, 7),
(484, '2023/24', 31, 1),
(485, '2021/22', 30, 4),
(486, '2021/22', 27, 8),
(487, '2022/23', 31, 5),
(488, '2023/24', 46, 10),
(489, '2022/23', 32, 2),
(490, '2023/24', 28, 9),
(491, '2022/23', 32, 6),
(492, '2020/21', 10, 8),
(493, '2023/24', 29, 10),
(494, '2021/22', 33, 7),
(495, '2023/24', 52, 1),
(496, '2020/21', 30, 11),
(497, '2023/24', 14, 5),
(498, '2023/24', 47, 11),
(499, '2021/22', 34, 8),
(500, '2020/21', 70, 11),
(501, '2023/24', 31, 12),
(502, '2022/23', 49, 5),
(503, '2022/23', 53, 2),
(504, '2020/21', 35, 9),
(505, '2022/23', 33, 3),
(506, '2020/21', 48, 12),
(507, '2020/21', 71, 5),
(508, '2023/24', 21, 1),
(509, '2022/23', 34, 4),
(510, '2022/23', 71, 12),
(511, '2023/24', 72, 6),
(512, '2022/23', 61, 1),
(513, '2020/21', 73, 7),
(514, '2023/24', 11, 9),
(515, '2021/22', 62, 2),
(516, '2021/22', 15, 6),
(517, '2021/22', 50, 6),
(518, '2023/24', 62, 9),
(519, '2023/24', 54, 3),
(520, '2021/22', 38, 1),
(521, '2023/24', 35, 5),
(522, '2021/22', 39, 2),
(523, '2022/23', 51, 7),
(524, '2020/21', 36, 10),
(525, '2021/22', 55, 4),
(526, '2020/21', 22, 2),
(527, '2022/23', 63, 3),
(528, '2021/22', 36, 6),
(529, '2021/22', 63, 10),
(530, '2020/21', 12, 10),
(531, '2020/21', 52, 8),
(532, '2020/21', 16, 7),
(533, '2021/22', 13, 11),
(534, '2023/24', 64, 4),
(535, '2020/21', 64, 11),
(536, '2021/22', 40, 3),
(537, '2023/24', 37, 7),
(538, '2023/24', 17, 8),
(539, '2022/23', 65, 5),
(540, '2022/23', 65, 12),
(541, '2021/22', 19, 6),
(542, '2022/23', 14, 12),
(543, '2021/22', 66, 6),
(544, '2021/22', 56, 5),
(545, '2022/23', 23, 3),
(546, '2020/21', 41, 4),
(547, '2021/22', 20, 7),
(548, '2023/24', 18, 9),
(549, '2021/22', 38, 8),
(550, '2023/24', 42, 5),
(551, '2023/24', 53, 9),
(552, '2021/22', 24, 4),
(553, '2022/23', 55, 1),
(554, '2020/21', 57, 6),
(555, '2021/22', 39, 9),
(556, '2023/24', 67, 7),
(557, '2022/23', 4, 1),
(558, '2021/22', 21, 8),
(559, '2022/23', 43, 6),
(560, '2023/24', 19, 10),
(561, '2022/23', 54, 10),
(562, '2021/22', 40, 10),
(563, '2020/21', 44, 7),
(564, '2022/23', 41, 11),
(565, '2021/22', 25, 5),
(566, '2021/22', 56, 2),
(567, '2022/23', 58, 7),
(568, '2023/24', 68, 8),
(569, '2023/24', 22, 9),
(570, '2022/23', 26, 6),
(571, '2022/23', 55, 11),
(572, '2020/21', 45, 8),
(573, '2023/24', 57, 3),
(574, '2021/22', 69, 9),
(575, '2023/24', 23, 10),
(576, '2022/23', 27, 7),
(577, '2020/21', 42, 12),
(578, '2020/21', 58, 4),
(579, '2023/24', 5, 2),
(580, '2023/24', 24, 11),
(581, '2023/24', 20, 11),
(582, '2020/21', 59, 8),
(583, '2022/23', 70, 10),
(584, '2022/23', 28, 8),
(585, '2020/21', 25, 12),
(586, '2021/22', 29, 9),
(587, '2021/22', 15, 1),
(588, '2022/23', 46, 9),
(589, '2022/23', 32, 1),
(590, '2023/24', 59, 5),
(591, '2023/24', 47, 10),
(592, '2023/24', 6, 3),
(593, '2021/22', 56, 12),
(594, '2022/23', 71, 11),
(595, '2020/21', 21, 12),
(596, '2023/24', 60, 6),
(597, '2020/21', 33, 2),
(598, '2022/23', 48, 11),
(599, '2021/22', 30, 10),
(600, '2021/22', 16, 2),
(601, '2022/23', 72, 12),
(602, '2023/24', 31, 11),
(603, '2021/22', 61, 7),
(604, '2023/24', 7, 4),
(605, '2021/22', 62, 1),
(606, '2022/23', 11, 1),
(607, '2020/21', 34, 3),
(608, '2023/24', 62, 8),
(609, '2020/21', 17, 3),
(610, '2023/24', 8, 5),
(611, '2022/23', 49, 12),
(612, '2022/23', 12, 2),
(613, '2022/23', 32, 12),
(614, '2021/22', 18, 4),
(615, '2020/21', 9, 6),
(616, '2023/24', 13, 3),
(617, '2023/24', 35, 4),
(618, '2021/22', 22, 1),
(619, '2021/22', 10, 7),
(620, '2020/21', 63, 2),
(621, '2022/23', 60, 9),
(622, '2022/23', 19, 5),
(623, '2022/23', 39, 1),
(624, '2023/24', 23, 2),
(625, '2021/22', 46, 1),
(626, '2022/23', 36, 5),
(627, '2022/23', 63, 9),
(628, '2020/21', 64, 3),
(629, '2023/24', 61, 10),
(630, '2022/23', 40, 2),
(631, '2021/22', 64, 10),
(632, '2022/23', 14, 4),
(633, '2020/21', 37, 6),
(634, '2023/24', 47, 2),
(635, '2021/22', 41, 3),
(636, '2023/24', 62, 11),
(637, '2023/24', 65, 4),
(638, '2022/23', 65, 11),
(639, '2022/23', 20, 6),
(640, '2022/23', 24, 3),
(641, '2020/21', 66, 5),
(642, '2021/22', 21, 7),
(643, '2023/24', 11, 8),
(644, '2023/24', 25, 4),
(645, '2023/24', 38, 7),
(646, '2023/24', 42, 4),
(647, '2023/24', 66, 12),
(648, '2021/22', 22, 8),
(649, '2020/21', 48, 3),
(650, '2021/22', 15, 5),
(651, '2021/22', 26, 5),
(652, '2021/22', 23, 9),
(653, '2021/22', 27, 6),
(654, '2022/23', 39, 8),
(655, '2020/21', 63, 12),
(656, '2023/24', 43, 5),
(657, '2021/22', 49, 4),
(658, '2021/22', 40, 9),
(659, '2021/22', 24, 10),
(660, '2022/23', 44, 6),
(661, '2022/23', 12, 9),
(662, '2023/24', 41, 10),
(663, '2021/22', 16, 6),
(664, '2023/24', 67, 6),
(665, '2021/22', 28, 7),
(666, '2022/23', 45, 7),
(667, '2021/22', 42, 11),
(668, '2023/24', 53, 1),
(669, '2020/21', 50, 5),
(670, '2021/22', 25, 11),
(671, '2021/22', 29, 8),
(672, '2023/24', 54, 2),
(673, '2023/24', 56, 1),
(674, '2021/22', 68, 7),
(675, '2020/21', 13, 10),
(676, '2022/23', 46, 8),
(677, '2022/23', 17, 7),
(678, '2020/21', 26, 12),
(679, '2020/21', 57, 2),
(680, '2023/24', 30, 9),
(681, '2022/23', 51, 6),
(682, '2022/23', 43, 12),
(683, '2021/22', 14, 11),
(684, '2023/24', 55, 3),
(685, '2021/22', 18, 8),
(686, '2023/24', 47, 9),
(687, '2021/22', 69, 8),
(688, '2023/24', 15, 12),
(689, '2020/21', 19, 9),
(690, '2021/22', 58, 3),
(691, '2023/24', 5, 1),
(692, '2021/22', 52, 7),
(693, '2020/21', 56, 4),
(694, '2020/21', 20, 10),
(695, '2023/24', 33, 1),
(696, '2023/24', 48, 10),
(697, '2021/22', 6, 2),
(698, '2021/22', 70, 9),
(699, '2022/23', 21, 11),
(700, '2023/24', 7, 3),
(701, '2023/24', 22, 12),
(702, '2021/22', 53, 8),
(703, '2020/21', 57, 5),
(704, '2021/22', 59, 4),
(705, '2023/24', 54, 9),
(706, '2023/24', 34, 2),
(707, '2021/22', 49, 11),
(708, '2022/23', 35, 3),
(709, '2021/22', 8, 4),
(710, '2022/23', 50, 12),
(711, '2023/24', 58, 6),
(712, '2020/21', 55, 10),
(713, '2023/24', 12, 1),
(714, '2021/22', 71, 10),
(715, '2023/24', 59, 7),
(716, '2021/22', 36, 4),
(717, '2023/24', 40, 1),
(718, '2023/24', 56, 11),
(719, '2022/23', 60, 5),
(720, '2022/23', 60, 8),
(721, '2020/21', 37, 5),
(722, '2023/24', 57, 12),
(723, '2023/24', 72, 11),
(724, '2020/21', 9, 5),
(725, '2022/23', 61, 6),
(726, '2020/21', 13, 2),
(727, '2021/22', 10, 6),
(728, '2022/23', 73, 12),
(729, '2022/23', 14, 3),
(730, '2023/24', 11, 7),
(731, '2021/22', 15, 4),
(732, '2020/21', 61, 9),
(733, '2021/22', 12, 8),
(734, '2020/21', 41, 2),
(735, '2022/23', 47, 1),
(736, '2021/22', 62, 10),
(737, '2020/21', 48, 2),
(738, '2021/22', 38, 6),
(739, '2023/24', 16, 5),
(740, '2021/22', 42, 3),
(741, '2023/24', 63, 11),
(742, '2023/24', 49, 3),
(743, '2023/24', 39, 7),
(744, '2022/23', 43, 4),
(745, '2020/21', 64, 12),
(746, '2021/22', 40, 8),
(747, '2020/21', 50, 4),
(748, '2021/22', 44, 5),
(749, '2022/23', 54, 1),
(750, '2021/22', 51, 5),
(751, '2020/21', 41, 9),
(752, '2021/22', 13, 9),
(753, '2020/21', 45, 6),
(754, '2021/22', 55, 2),
(755, '2021/22', 42, 10),
(756, '2023/24', 52, 6),
(757, '2023/24', 17, 6),
(758, '2022/23', 56, 3),
(759, '2023/24', 46, 7),
(760, '2020/21', 14, 10),
(761, '2020/21', 43, 11),
(762, '2021/22', 47, 8),
(763, '2020/21', 18, 7),
(764, '2022/23', 44, 12),
(765, '2022/23', 15, 11),
(766, '2023/24', 48, 9),
(767, '2023/24', 53, 7),
(768, '2022/23', 34, 1),
(769, '2020/21', 57, 4),
(770, '2023/24', 54, 8),
(771, '2020/21', 49, 10),
(772, '2021/22', 19, 8),
(773, '2022/23', 58, 5),
(774, '2023/24', 16, 12),
(775, '2021/22', 55, 9),
(776, '2023/24', 20, 9),
(777, '2020/21', 6, 1),
(778, '2021/22', 21, 10),
(779, '2021/22', 7, 2),
(780, '2021/22', 22, 11),
(781, '2022/23', 8, 3),
(782, '2020/21', 23, 12),
(783, '2020/21', 9, 4),
(784, '2021/22', 13, 1),
(785, '2021/22', 10, 5),
(786, '2021/22', 14, 2),
(787, '2022/23', 11, 6),
(788, '2022/23', 15, 3),
(789, '2020/21', 12, 7),
(790, '2022/23', 16, 4),
(791, '2023/24', 13, 8),
(792, '2023/24', 17, 5),
(793, '2020/21', 14, 9),
(794, '2021/22', 18, 6),
(795, '2023/24', 15, 10),
(796, '2020/21', 19, 7),
(797, '2023/24', 16, 11),
(798, '2021/22', 20, 8),
(799, '2022/23', 17, 12),
(800, '2023/24', 21, 9);

-- 
-- Dumping data for table cargan
--
INSERT INTO cargan VALUES
(67, 1, 1),
(72, 2, 2),
(90, 3, 3),
(100, 4, 4),
(113, 5, 5),
(130, 6, 6),
(165, 7, 7),
(170, 8, 8),
(181, 9, 9),
(193, 10, 10),
(210, 11, 11),
(214, 12, 12),
(237, 13, 13),
(239, 14, 14),
(255, 15, 15),
(263, 16, 16),
(277, 17, 17),
(282, 18, 18),
(290, 19, 19),
(299, 20, 20),
(304, 21, 21),
(310, 22, 22),
(313, 23, 23),
(321, 24, 24),
(326, 25, 25),
(333, 26, 26),
(339, 27, 27),
(350, 28, 28),
(352, 29, 29),
(356, 30, 30),
(358, 31, 31),
(360, 32, 32),
(4, 33, 33),
(33, 34, 34),
(45, 35, 35),
(58, 36, 36),
(66, 37, 37),
(68, 38, 38),
(84, 39, 39),
(98, 40, 40),
(104, 41, 41),
(129, 42, 42),
(152, 43, 43),
(169, 44, 44),
(179, 45, 45),
(188, 46, 46),
(204, 47, 47),
(211, 48, 48),
(225, 49, 49),
(238, 50, 50),
(249, 51, 51),
(259, 52, 52),
(267, 53, 53),
(281, 54, 54),
(288, 55, 55),
(293, 56, 56),
(303, 57, 57),
(308, 58, 58),
(311, 59, 59),
(317, 60, 60),
(325, 61, 61),
(331, 62, 62),
(336, 63, 63),
(345, 64, 64),
(351, 65, 65),
(354, 66, 66),
(357, 67, 67),
(359, 68, 68),
(2, 69, 69),
(24, 70, 70),
(40, 71, 71),
(54, 72, 72),
(62, 73, 73),
(81, 74, 74),
(87, 75, 75),
(93, 76, 76),
(103, 77, 77),
(109, 78, 78),
(120, 79, 79),
(136, 80, 80),
(146, 81, 81),
(150, 82, 82),
(153, 83, 83),
(157, 84, 84),
(164, 85, 85),
(173, 86, 86),
(180, 87, 87),
(183, 88, 88),
(200, 89, 89),
(203, 90, 90),
(208, 91, 91),
(217, 92, 92),
(221, 93, 93),
(224, 94, 94),
(233, 95, 95),
(242, 96, 96),
(247, 97, 97),
(260, 98, 98),
(272, 99, 99),
(278, 100, 100),
(291, 101, 101),
(297, 102, 102),
(11, 103, 103),
(14, 104, 104),
(17, 105, 105),
(27, 106, 106),
(38, 107, 107),
(55, 108, 108),
(71, 109, 109),
(78, 110, 110),
(82, 111, 111),
(91, 112, 112),
(101, 113, 113),
(107, 114, 114),
(116, 115, 115),
(122, 116, 116),
(145, 117, 117),
(149, 118, 118),
(151, 119, 119),
(155, 120, 120),
(161, 121, 121),
(168, 122, 122),
(176, 123, 123),
(182, 124, 124),
(198, 125, 125),
(202, 126, 126),
(206, 127, 127),
(212, 128, 128),
(220, 129, 129),
(222, 130, 130),
(229, 131, 131),
(240, 132, 132),
(243, 133, 133),
(254, 134, 134),
(262, 135, 135),
(274, 136, 136),
(283, 137, 137),
(292, 138, 138),
(3, 139, 139),
(12, 140, 140),
(15, 141, 141),
(26, 142, 142),
(31, 143, 143),
(39, 144, 144),
(57, 145, 145),
(73, 146, 146),
(324, 147, 147),
(330, 148, 148),
(338, 149, 149),
(341, 150, 150),
(347, 151, 151),
(349, 152, 152),
(355, 153, 153),
(10, 154, 154),
(22, 155, 155),
(28, 156, 156),
(46, 157, 157),
(53, 158, 158),
(64, 159, 159),
(76, 160, 160),
(95, 161, 161),
(115, 162, 162),
(124, 163, 163),
(126, 164, 164),
(133, 165, 165),
(141, 166, 166),
(143, 167, 167),
(148, 168, 168),
(159, 169, 169),
(171, 170, 170),
(226, 171, 171),
(232, 172, 172),
(244, 173, 173),
(251, 174, 174),
(257, 175, 175),
(265, 176, 176),
(275, 177, 177),
(285, 178, 178),
(301, 179, 179),
(306, 180, 180),
(312, 181, 181),
(316, 182, 182),
(322, 183, 183),
(327, 184, 184),
(337, 185, 185),
(340, 186, 186),
(342, 187, 187),
(348, 188, 188),
(353, 189, 189),
(5, 190, 190),
(21, 191, 191),
(25, 192, 192),
(36, 193, 193),
(52, 194, 194),
(61, 195, 195),
(74, 196, 196),
(89, 197, 197),
(105, 198, 198),
(117, 199, 199),
(125, 200, 200),
(128, 201, 201),
(138, 202, 202),
(142, 203, 203),
(147, 204, 204),
(154, 205, 205),
(167, 206, 206),
(189, 207, 207),
(228, 208, 208),
(235, 209, 209),
(246, 210, 210),
(256, 211, 211),
(261, 212, 212),
(269, 213, 213),
(284, 214, 214),
(296, 215, 215),
(302, 216, 216),
(309, 217, 217),
(314, 218, 218),
(318, 219, 219),
(344, 220, 220),
(13, 221, 221),
(19, 222, 222),
(30, 223, 223),
(35, 224, 224),
(43, 225, 225),
(50, 226, 226),
(60, 227, 227),
(83, 228, 228),
(86, 229, 229),
(94, 230, 230),
(110, 231, 231),
(121, 232, 232),
(127, 233, 233),
(135, 234, 234),
(144, 235, 235),
(175, 236, 236),
(185, 237, 237),
(187, 238, 238),
(197, 239, 239),
(201, 240, 240),
(209, 241, 241),
(215, 242, 242),
(223, 243, 243),
(234, 244, 244),
(245, 245, 245),
(252, 246, 246),
(264, 247, 247),
(279, 248, 248),
(289, 249, 249),
(298, 250, 250),
(307, 251, 251),
(319, 252, 252),
(323, 253, 253),
(329, 254, 254),
(334, 255, 255),
(343, 256, 256),
(346, 257, 257),
(18, 258, 258),
(29, 259, 259),
(34, 260, 260),
(37, 261, 261),
(44, 262, 262),
(56, 263, 263),
(69, 264, 264),
(85, 265, 265),
(92, 266, 266),
(99, 267, 267),
(111, 268, 268),
(123, 269, 269),
(131, 270, 270),
(139, 271, 271),
(162, 272, 272),
(177, 273, 273),
(186, 274, 274),
(195, 275, 275),
(199, 276, 276),
(207, 277, 277),
(213, 278, 278),
(219, 279, 279),
(231, 280, 280),
(236, 281, 281),
(250, 282, 282),
(253, 283, 283),
(266, 284, 284),
(280, 285, 285),
(294, 286, 286),
(305, 287, 287),
(315, 288, 288),
(320, 289, 289),
(328, 290, 290),
(332, 291, 291),
(335, 292, 292),
(112, 293, 293),
(118, 294, 294),
(132, 295, 295),
(137, 296, 296),
(156, 297, 297),
(160, 298, 298),
(166, 299, 299),
(174, 300, 300),
(184, 301, 301),
(191, 302, 302),
(194, 303, 303),
(205, 304, 304),
(218, 305, 305),
(230, 306, 306),
(248, 307, 307),
(268, 308, 308),
(271, 309, 309),
(276, 310, 310),
(287, 311, 311),
(300, 312, 312),
(7, 313, 313),
(9, 314, 314),
(20, 315, 315),
(32, 316, 316),
(42, 317, 317),
(48, 318, 318),
(51, 319, 319),
(63, 320, 320),
(70, 321, 321),
(77, 322, 322),
(80, 323, 323),
(96, 324, 324),
(102, 325, 325),
(108, 326, 326),
(114, 327, 327),
(119, 328, 328),
(134, 329, 329),
(140, 330, 330),
(158, 331, 331),
(163, 332, 332),
(172, 333, 333),
(178, 334, 334),
(190, 335, 335),
(192, 336, 336),
(196, 337, 337),
(216, 338, 338),
(227, 339, 339),
(241, 340, 340),
(258, 341, 341),
(270, 342, 342),
(273, 343, 343),
(286, 344, 344),
(295, 345, 345),
(1, 346, 346),
(8, 347, 347),
(16, 348, 348),
(23, 349, 349),
(41, 350, 350),
(47, 351, 351),
(49, 352, 352),
(59, 353, 353),
(65, 354, 354),
(75, 355, 355),
(79, 356, 356),
(88, 357, 357),
(97, 358, 358),
(106, 359, 359),
(6, 360, 360);

-- 
-- Dumping data for table aplicaciones
--
INSERT INTO aplicaciones VALUES
(467, 'Acrobat reader', 10),
(731, 'Acrobat reader', 11),
(1016, 'Acrobat reader', 12),
(1253, 'Acrobat reader', 13),
(1418, 'Acrobat reader', 14),
(179, 'Acrobat reader', 15),
(464, 'Acrobat reader', 16),
(727, 'Acrobat reader', 17),
(1013, 'Acrobat reader', 18),
(1240, 'Acrobat reader', 19),
(1417, 'Acrobat reader', 20),
(170, 'Acrobat reader', 21),
(1227, 'Acrobat reader', 22),
(155, 'Acrobat reader', 23),
(338, 'Acrobat reader', 24),
(575, 'Acrobat reader', 25),
(783, 'Acrobat reader', 26),
(964, 'Acrobat reader', 27),
(1221, 'Acrobat reader', 28),
(153, 'Acrobat reader', 29),
(333, 'Acrobat reader', 30),
(570, 'Acrobat reader', 31),
(774, 'Acrobat reader', 32),
(957, 'Acrobat reader', 33),
(1391, 'Acrobat reader', 34),
(251, 'Acrobat reader', 35),
(489, 'Acrobat reader', 36),
(704, 'Acrobat reader', 37),
(967, 'Acrobat reader', 38),
(1199, 'Acrobat reader', 39),
(1389, 'Acrobat reader', 40),
(246, 'Acrobat reader', 41),
(488, 'Acrobat reader', 42),
(703, 'Acrobat reader', 43),
(959, 'Acrobat reader', 44),
(1192, 'Acrobat reader', 45),
(775, 'Acrobat reader', 46),
(1005, 'Acrobat reader', 47),
(1249, 'Acrobat reader', 48),
(13, 'Acrobat reader', 49),
(245, 'Acrobat reader', 50),
(451, 'Acrobat reader', 51),
(772, 'Acrobat reader', 52),
(998, 'Acrobat reader', 53),
(1248, 'Acrobat reader', 54),
(1396, 'Acrobat reader', 55),
(236, 'Acrobat reader', 56),
(447, 'Acrobat reader', 57),
(1327, 'Acrobat reader', 58),
(163, 'Acrobat reader', 59),
(402, 'Acrobat reader', 60),
(627, 'Acrobat reader', 61),
(848, 'Acrobat reader', 62),
(1074, 'Acrobat reader', 63),
(1347, 'Acrobat reader', 64),
(184, 'Acrobat reader', 65),
(426, 'Acrobat reader', 66),
(641, 'Acrobat reader', 67),
(863, 'Acrobat reader', 68),
(1093, 'Acrobat reader', 69),
(606, 'Audacity', 21),
(869, 'Audacity', 22),
(1131, 'Audacity', 23),
(1361, 'Audacity', 24),
(1440, 'Audacity', 25),
(293, 'Audacity', 26),
(604, 'Audacity', 27),
(866, 'Audacity', 28),
(1129, 'Audacity', 29),
(1358, 'Audacity', 30),
(1439, 'Audacity', 31),
(290, 'Audacity', 32),
(38, 'Audacity', 33),
(229, 'Audacity', 34),
(475, 'Audacity', 35),
(652, 'Audacity', 36),
(844, 'Audacity', 37),
(1087, 'Audacity', 38),
(31, 'Audacity', 39),
(224, 'Audacity', 40),
(463, 'Audacity', 41),
(651, 'Audacity', 42),
(842, 'Audacity', 43),
(1086, 'Audacity', 44),
(95, 'Audacity', 45),
(354, 'Audacity', 46),
(589, 'Audacity', 47),
(790, 'Audacity', 48),
(1084, 'Audacity', 49),
(1288, 'Audacity', 50),
(89, 'Audacity', 51),
(353, 'Audacity', 52),
(588, 'Audacity', 53),
(789, 'Audacity', 54),
(1081, 'Audacity', 55),
(1287, 'Audacity', 56),
(911, 'Audacity', 57),
(1117, 'Audacity', 58),
(1318, 'Audacity', 59),
(121, 'Audacity', 60),
(371, 'Audacity', 61),
(593, 'Audacity', 62),
(903, 'Audacity', 63),
(1111, 'Audacity', 64),
(1317, 'Audacity', 65),
(111, 'Audacity', 66),
(362, 'Audacity', 67),
(582, 'Audacity', 68),
(51, 'Audacity', 69),
(273, 'Audacity', 70),
(513, 'Audacity', 71),
(739, 'Audacity', 72),
(943, 'Audacity', 73),
(1201, 'Audacity', 74),
(75, 'Audacity', 75),
(300, 'Audacity', 76),
(534, 'Audacity', 77),
(751, 'Audacity', 78),
(965, 'Audacity', 79),
(1257, 'Audacity', 80),
(373, 'Contasol', 4),
(685, 'Contasol', 5),
(958, 'Contasol', 6),
(1190, 'Contasol', 7),
(1406, 'Contasol', 8),
(84, 'Contasol', 9),
(367, 'Contasol', 10),
(683, 'Contasol', 11),
(944, 'Contasol', 12),
(1188, 'Contasol', 13),
(1405, 'Contasol', 14),
(72, 'Contasol', 15),
(1168, 'Contasol', 16),
(107, 'Contasol', 17),
(292, 'Contasol', 18),
(504, 'Contasol', 19),
(711, 'Contasol', 20),
(906, 'Contasol', 21),
(1158, 'Contasol', 22),
(103, 'Contasol', 23),
(291, 'Contasol', 24),
(501, 'Contasol', 25),
(709, 'Contasol', 26),
(896, 'Contasol', 27),
(1354, 'Contasol', 28),
(148, 'Contasol', 29),
(420, 'Contasol', 30),
(654, 'Contasol', 31),
(914, 'Contasol', 32),
(1147, 'Contasol', 33),
(1353, 'Contasol', 34),
(147, 'Contasol', 35),
(416, 'Contasol', 36),
(646, 'Contasol', 37),
(901, 'Contasol', 38),
(1146, 'Contasol', 39),
(706, 'Contasol', 40),
(966, 'Contasol', 41),
(1197, 'Contasol', 42),
(1362, 'Contasol', 43),
(197, 'Contasol', 44),
(408, 'Contasol', 45),
(694, 'Contasol', 46),
(962, 'Contasol', 47),
(1185, 'Contasol', 48),
(1360, 'Contasol', 49),
(195, 'Contasol', 50),
(407, 'Contasol', 51),
(684, 'Contasol', 52),
(108, 'Contasol', 53),
(346, 'Contasol', 54),
(573, 'Contasol', 55),
(797, 'Contasol', 56),
(1019, 'Contasol', 57),
(1293, 'Contasol', 58),
(132, 'Contasol', 59),
(374, 'Contasol', 60),
(594, 'Contasol', 61),
(821, 'Contasol', 62),
(1036, 'Contasol', 63),
(355, 'dbForge', 2),
(663, 'dbForge', 3),
(909, 'dbForge', 4),
(1174, 'dbForge', 5),
(1402, 'dbForge', 6),
(66, 'dbForge', 7),
(347, 'dbForge', 8),
(661, 'dbForge', 9),
(907, 'dbForge', 10),
(1170, 'dbForge', 11),
(1401, 'dbForge', 12),
(62, 'dbForge', 13),
(1143, 'dbForge', 14),
(91, 'dbForge', 15),
(274, 'dbForge', 16),
(494, 'dbForge', 17),
(697, 'dbForge', 18),
(887, 'dbForge', 19),
(1138, 'dbForge', 20),
(87, 'dbForge', 21),
(272, 'dbForge', 22),
(493, 'dbForge', 23),
(696, 'dbForge', 24),
(884, 'dbForge', 25),
(1125, 'dbForge', 26),
(141, 'dbForge', 27),
(403, 'dbForge', 28),
(633, 'dbForge', 29),
(890, 'dbForge', 30),
(1128, 'dbForge', 31),
(1332, 'dbForge', 32),
(138, 'dbForge', 33),
(398, 'dbForge', 34),
(630, 'dbForge', 35),
(886, 'dbForge', 36),
(1127, 'dbForge', 37),
(1323, 'dbForge', 38),
(948, 'dbForge', 39),
(1178, 'dbForge', 40),
(1351, 'dbForge', 41),
(185, 'dbForge', 42),
(391, 'dbForge', 43),
(669, 'dbForge', 44),
(945, 'dbForge', 45),
(1173, 'dbForge', 46),
(1350, 'dbForge', 47),
(177, 'dbForge', 48),
(390, 'dbForge', 49),
(668, 'dbForge', 50),
(96, 'dbForge', 51),
(322, 'dbForge', 52),
(553, 'dbForge', 53),
(791, 'dbForge', 54),
(1000, 'dbForge', 55),
(1276, 'dbForge', 56),
(112, 'dbForge', 57),
(358, 'dbForge', 58),
(574, 'dbForge', 59),
(815, 'dbForge', 60),
(1023, 'dbForge', 61),
(406, 'Dia', 5),
(689, 'Dia', 6),
(975, 'Dia', 7),
(1195, 'Dia', 8),
(1408, 'Dia', 9),
(98, 'Dia', 10),
(404, 'Dia', 11),
(688, 'Dia', 12),
(972, 'Dia', 13),
(1193, 'Dia', 14),
(1407, 'Dia', 15),
(90, 'Dia', 16),
(1175, 'Dia', 17),
(116, 'Dia', 18),
(302, 'Dia', 19),
(524, 'Dia', 20),
(718, 'Dia', 21),
(913, 'Dia', 22),
(1171, 'Dia', 23),
(109, 'Dia', 24),
(297, 'Dia', 25),
(508, 'Dia', 26),
(717, 'Dia', 27),
(912, 'Dia', 28),
(1364, 'Dia', 29),
(159, 'Dia', 30),
(449, 'Dia', 31),
(658, 'Dia', 32),
(919, 'Dia', 33),
(1160, 'Dia', 34),
(1356, 'Dia', 35),
(154, 'Dia', 36),
(423, 'Dia', 37),
(656, 'Dia', 38),
(916, 'Dia', 39),
(1150, 'Dia', 40),
(719, 'Dia', 41),
(971, 'Dia', 42),
(1206, 'Dia', 43),
(1370, 'Dia', 44),
(201, 'Dia', 45),
(419, 'Dia', 46),
(716, 'Dia', 47),
(969, 'Dia', 48),
(1198, 'Dia', 49),
(1369, 'Dia', 50),
(199, 'Dia', 51),
(410, 'Dia', 52),
(1279, 'Dia', 53),
(114, 'Dia', 54),
(361, 'Dia', 55),
(578, 'Dia', 56),
(816, 'Dia', 57),
(1026, 'Dia', 58),
(1301, 'Dia', 59),
(137, 'Dia', 60),
(386, 'Dia', 61),
(601, 'Dia', 62),
(833, 'Dia', 63),
(1054, 'Dia', 64),
(444, 'Eclipse', 9),
(714, 'Eclipse', 10),
(1010, 'Eclipse', 11),
(1236, 'Eclipse', 12),
(1416, 'Eclipse', 13),
(169, 'Eclipse', 14),
(440, 'Eclipse', 15),
(710, 'Eclipse', 16),
(1004, 'Eclipse', 17),
(1233, 'Eclipse', 18),
(1415, 'Eclipse', 19),
(165, 'Eclipse', 20),
(1215, 'Eclipse', 21),
(151, 'Eclipse', 22),
(332, 'Eclipse', 23),
(569, 'Eclipse', 24),
(767, 'Eclipse', 25),
(951, 'Eclipse', 26),
(1208, 'Eclipse', 27),
(150, 'Eclipse', 28),
(328, 'Eclipse', 29),
(565, 'Eclipse', 30),
(766, 'Eclipse', 31),
(950, 'Eclipse', 32),
(1383, 'Eclipse', 33),
(244, 'Eclipse', 34),
(484, 'Eclipse', 35),
(693, 'Eclipse', 36),
(955, 'Eclipse', 37),
(1191, 'Eclipse', 38),
(1382, 'Eclipse', 39),
(235, 'Eclipse', 40),
(478, 'Eclipse', 41),
(686, 'Eclipse', 42),
(954, 'Eclipse', 43),
(1187, 'Eclipse', 44),
(771, 'Eclipse', 45),
(996, 'Eclipse', 46),
(1235, 'Eclipse', 47),
(1394, 'Eclipse', 48),
(234, 'Eclipse', 49),
(445, 'Eclipse', 50),
(768, 'Eclipse', 51),
(995, 'Eclipse', 52),
(1228, 'Eclipse', 53),
(1393, 'Eclipse', 54),
(231, 'Eclipse', 55),
(443, 'Eclipse', 56),
(1320, 'Eclipse', 57),
(158, 'Eclipse', 58),
(393, 'Eclipse', 59),
(608, 'Eclipse', 60),
(841, 'Eclipse', 61),
(1069, 'Eclipse', 62),
(1335, 'Eclipse', 63),
(174, 'Eclipse', 64),
(417, 'Eclipse', 65),
(637, 'Eclipse', 66),
(859, 'Eclipse', 67),
(1091, 'Eclipse', 68),
(532, 'Edge', 15),
(822, 'Edge', 16),
(1045, 'Edge', 17),
(1309, 'Edge', 18),
(1428, 'Edge', 19),
(238, 'Edge', 20),
(530, 'Edge', 21),
(800, 'Edge', 22),
(1043, 'Edge', 23),
(1302, 'Edge', 24),
(1427, 'Edge', 25),
(237, 'Edge', 26),
(1263, 'Edge', 27),
(198, 'Edge', 28),
(394, 'Edge', 29),
(609, 'Edge', 30),
(807, 'Edge', 31),
(1007, 'Edge', 32),
(1261, 'Edge', 33),
(183, 'Edge', 34),
(385, 'Edge', 35),
(602, 'Edge', 36),
(806, 'Edge', 37),
(1006, 'Edge', 38),
(22, 'Edge', 39),
(301, 'Edge', 40),
(537, 'Edge', 41),
(753, 'Edge', 42),
(1047, 'Edge', 43),
(1243, 'Edge', 44),
(21, 'Edge', 45),
(296, 'Edge', 46),
(536, 'Edge', 47),
(750, 'Edge', 48),
(1037, 'Edge', 49),
(1234, 'Edge', 50),
(840, 'Edge', 51),
(1059, 'Edge', 52),
(1283, 'Edge', 53),
(50, 'Edge', 54),
(298, 'Edge', 55),
(517, 'Edge', 56),
(839, 'Edge', 57),
(1058, 'Edge', 58),
(1281, 'Edge', 59),
(44, 'Edge', 60),
(294, 'Edge', 61),
(503, 'Edge', 62),
(7, 'Edge', 63),
(196, 'Edge', 64),
(453, 'Edge', 65),
(679, 'Edge', 66),
(878, 'Edge', 67),
(1130, 'Edge', 68),
(23, 'Edge', 69),
(230, 'Edge', 70),
(465, 'Edge', 71),
(715, 'Edge', 72),
(915, 'Edge', 73),
(1144, 'Edge', 74),
(497, 'Excel', 13),
(776, 'Excel', 14),
(1039, 'Excel', 15),
(1297, 'Excel', 16),
(1424, 'Excel', 17),
(211, 'Excel', 18),
(492, 'Excel', 19),
(765, 'Excel', 20),
(1032, 'Excel', 21),
(1296, 'Excel', 22),
(1423, 'Excel', 23),
(210, 'Excel', 24),
(1241, 'Excel', 25),
(176, 'Excel', 26),
(368, 'Excel', 27),
(587, 'Excel', 28),
(801, 'Excel', 29),
(993, 'Excel', 30),
(1239, 'Excel', 31),
(173, 'Excel', 32),
(365, 'Excel', 33),
(586, 'Excel', 34),
(798, 'Excel', 35),
(988, 'Excel', 36),
(1400, 'Excel', 37),
(275, 'Excel', 38),
(521, 'Excel', 39),
(745, 'Excel', 40),
(1020, 'Excel', 41),
(1224, 'Excel', 42),
(1399, 'Excel', 43),
(269, 'Excel', 44),
(520, 'Excel', 45),
(742, 'Excel', 46),
(1012, 'Excel', 47),
(1222, 'Excel', 48),
(805, 'Excel', 49),
(1046, 'Excel', 50),
(1272, 'Excel', 51),
(35, 'Excel', 52),
(279, 'Excel', 53),
(477, 'Excel', 54),
(803, 'Excel', 55),
(1038, 'Excel', 56),
(1270, 'Excel', 57),
(34, 'Excel', 58),
(266, 'Excel', 59),
(476, 'Excel', 60),
(1359, 'Excel', 61),
(190, 'Excel', 62),
(430, 'Excel', 63),
(647, 'Excel', 64),
(868, 'Excel', 65),
(1099, 'Excel', 66),
(8, 'Excel', 67),
(205, 'Excel', 68),
(454, 'Excel', 69),
(687, 'Excel', 70),
(885, 'Excel', 71),
(1132, 'Excel', 72),
(516, 'Figma', 14),
(788, 'Figma', 15),
(1042, 'Figma', 16),
(1299, 'Figma', 17),
(1426, 'Figma', 18),
(225, 'Figma', 19),
(514, 'Figma', 20),
(781, 'Figma', 21),
(1040, 'Figma', 22),
(1298, 'Figma', 23),
(1425, 'Figma', 24),
(214, 'Figma', 25),
(1250, 'Figma', 26),
(182, 'Figma', 27),
(376, 'Figma', 28),
(600, 'Figma', 29),
(804, 'Figma', 30),
(999, 'Figma', 31),
(1242, 'Figma', 32),
(180, 'Figma', 33),
(369, 'Figma', 34),
(599, 'Figma', 35),
(802, 'Figma', 36),
(994, 'Figma', 37),
(10, 'Figma', 38),
(285, 'Figma', 39),
(528, 'Figma', 40),
(748, 'Figma', 41),
(1030, 'Figma', 42),
(1232, 'Figma', 43),
(5, 'Figma', 44),
(284, 'Figma', 45),
(522, 'Figma', 46),
(746, 'Figma', 47),
(1024, 'Figma', 48),
(1225, 'Figma', 49),
(828, 'Figma', 50),
(1053, 'Figma', 51),
(1277, 'Figma', 52),
(43, 'Figma', 53),
(289, 'Figma', 54),
(502, 'Figma', 55),
(812, 'Figma', 56),
(1050, 'Figma', 57),
(1273, 'Figma', 58),
(37, 'Figma', 59),
(280, 'Figma', 60),
(495, 'Figma', 61),
(1366, 'Figma', 62),
(192, 'Figma', 63),
(435, 'Figma', 64),
(673, 'Figma', 65),
(874, 'Figma', 66),
(1114, 'Figma', 67),
(16, 'Figma', 68),
(218, 'Figma', 69),
(460, 'Figma', 70),
(699, 'Figma', 71),
(908, 'Figma', 72),
(1137, 'Figma', 73),
(432, 'Gimp', 7),
(700, 'Gimp', 8),
(1001, 'Gimp', 9),
(1212, 'Gimp', 10),
(1412, 'Gimp', 11),
(129, 'Gimp', 12),
(421, 'Gimp', 13),
(698, 'Gimp', 14),
(991, 'Gimp', 15),
(1204, 'Gimp', 16),
(1411, 'Gimp', 17),
(113, 'Gimp', 18),
(1200, 'Gimp', 19),
(145, 'Gimp', 20),
(314, 'Gimp', 21),
(547, 'Gimp', 22),
(733, 'Gimp', 23),
(936, 'Gimp', 24),
(1189, 'Gimp', 25),
(136, 'Gimp', 26),
(312, 'Gimp', 27),
(545, 'Gimp', 28),
(728, 'Gimp', 29),
(928, 'Gimp', 30),
(1375, 'Gimp', 31),
(226, 'Gimp', 32),
(461, 'Gimp', 33),
(667, 'Gimp', 34),
(942, 'Gimp', 35),
(1167, 'Gimp', 36),
(1371, 'Gimp', 37),
(189, 'Gimp', 38),
(459, 'Gimp', 39),
(666, 'Gimp', 40),
(941, 'Gimp', 41),
(1165, 'Gimp', 42),
(738, 'Gimp', 43),
(983, 'Gimp', 44),
(1219, 'Gimp', 45),
(1381, 'Gimp', 46),
(215, 'Gimp', 47),
(428, 'Gimp', 48),
(729, 'Gimp', 49),
(982, 'Gimp', 50),
(1211, 'Gimp', 51),
(1380, 'Gimp', 52),
(213, 'Gimp', 53),
(427, 'Gimp', 54),
(1294, 'Gimp', 55),
(134, 'Gimp', 56),
(384, 'Gimp', 57),
(596, 'Gimp', 58),
(830, 'Gimp', 59),
(1041, 'Gimp', 60),
(1325, 'Gimp', 61),
(160, 'Gimp', 62),
(401, 'Gimp', 63),
(620, 'Gimp', 64),
(843, 'Gimp', 65),
(1073, 'Gimp', 66),
(481, 'Git', 12),
(762, 'Git', 13),
(1028, 'Git', 14),
(1290, 'Git', 15),
(1422, 'Git', 16),
(204, 'Git', 17),
(472, 'Git', 18),
(754, 'Git', 19),
(1022, 'Git', 20),
(1282, 'Git', 21),
(1421, 'Git', 22),
(193, 'Git', 23),
(1238, 'Git', 24),
(168, 'Git', 25),
(360, 'Git', 26),
(585, 'Git', 27),
(793, 'Git', 28),
(986, 'Git', 29),
(1237, 'Git', 30),
(164, 'Git', 31),
(359, 'Git', 32),
(584, 'Git', 33),
(792, 'Git', 34),
(985, 'Git', 35),
(1398, 'Git', 36),
(265, 'Git', 37),
(509, 'Git', 38),
(740, 'Git', 39),
(997, 'Git', 40),
(1217, 'Git', 41),
(1397, 'Git', 42),
(261, 'Git', 43),
(506, 'Git', 44),
(736, 'Git', 45),
(989, 'Git', 46),
(1214, 'Git', 47),
(799, 'Git', 48),
(1035, 'Git', 49),
(1269, 'Git', 50),
(30, 'Git', 51),
(264, 'Git', 52),
(473, 'Git', 53),
(782, 'Git', 54),
(1031, 'Git', 55),
(1259, 'Git', 56),
(29, 'Git', 57),
(253, 'Git', 58),
(469, 'Git', 59),
(1337, 'Git', 60),
(178, 'Git', 61),
(418, 'Git', 62),
(638, 'Git', 63),
(861, 'Git', 64),
(1092, 'Git', 65),
(1, 'Git', 66),
(194, 'Git', 67),
(450, 'Git', 68),
(674, 'Git', 69),
(875, 'Git', 70),
(1119, 'Git', 71),
(470, 'Google Chrome', 11),
(741, 'Google Chrome', 12),
(1018, 'Google Chrome', 13),
(1278, 'Google Chrome', 14),
(1420, 'Google Chrome', 15),
(188, 'Google Chrome', 16),
(468, 'Google Chrome', 17),
(732, 'Google Chrome', 18),
(1017, 'Google Chrome', 19),
(1255, 'Google Chrome', 20),
(1419, 'Google Chrome', 21),
(181, 'Google Chrome', 22),
(1231, 'Google Chrome', 23),
(161, 'Google Chrome', 24),
(343, 'Google Chrome', 25),
(580, 'Google Chrome', 26),
(786, 'Google Chrome', 27),
(976, 'Google Chrome', 28),
(1230, 'Google Chrome', 29),
(157, 'Google Chrome', 30),
(340, 'Google Chrome', 31),
(576, 'Google Chrome', 32),
(784, 'Google Chrome', 33),
(968, 'Google Chrome', 34),
(1395, 'Google Chrome', 35),
(257, 'Google Chrome', 36),
(505, 'Google Chrome', 37),
(713, 'Google Chrome', 38),
(973, 'Google Chrome', 39),
(1213, 'Google Chrome', 40),
(1392, 'Google Chrome', 41),
(256, 'Google Chrome', 42),
(498, 'Google Chrome', 43),
(712, 'Google Chrome', 44),
(970, 'Google Chrome', 45),
(1209, 'Google Chrome', 46),
(780, 'Google Chrome', 47),
(1021, 'Google Chrome', 48),
(1258, 'Google Chrome', 49),
(19, 'Google Chrome', 50),
(252, 'Google Chrome', 51),
(466, 'Google Chrome', 52),
(778, 'Google Chrome', 53),
(1014, 'Google Chrome', 54),
(1252, 'Google Chrome', 55),
(18, 'Google Chrome', 56),
(250, 'Google Chrome', 57),
(452, 'Google Chrome', 58),
(1330, 'Google Chrome', 59),
(172, 'Google Chrome', 60),
(415, 'Google Chrome', 61),
(631, 'Google Chrome', 62),
(854, 'Google Chrome', 63),
(1090, 'Google Chrome', 64),
(1365, 'Google Chrome', 65),
(191, 'Google Chrome', 66),
(431, 'Google Chrome', 67),
(664, 'Google Chrome', 68),
(871, 'Google Chrome', 69),
(1108, 'Google Chrome', 70),
(632, 'Illustrator', 24),
(900, 'Illustrator', 25),
(1151, 'Illustrator', 26),
(1385, 'Illustrator', 27),
(45, 'Illustrator', 28),
(319, 'Illustrator', 29),
(619, 'Illustrator', 30),
(899, 'Illustrator', 31),
(1149, 'Illustrator', 32),
(1384, 'Illustrator', 33),
(40, 'Illustrator', 34),
(313, 'Illustrator', 35),
(78, 'Illustrator', 36),
(254, 'Illustrator', 37),
(487, 'Illustrator', 38),
(678, 'Illustrator', 39),
(864, 'Illustrator', 40),
(1112, 'Illustrator', 41),
(73, 'Illustrator', 42),
(247, 'Illustrator', 43),
(486, 'Illustrator', 44),
(671, 'Illustrator', 45),
(860, 'Illustrator', 46),
(1109, 'Illustrator', 47),
(126, 'Illustrator', 48),
(395, 'Illustrator', 49),
(617, 'Illustrator', 50),
(876, 'Illustrator', 51),
(1107, 'Illustrator', 52),
(1308, 'Illustrator', 53),
(125, 'Illustrator', 54),
(382, 'Illustrator', 55),
(611, 'Illustrator', 56),
(835, 'Illustrator', 57),
(1103, 'Illustrator', 58),
(1307, 'Illustrator', 59),
(930, 'Illustrator', 60),
(1157, 'Illustrator', 61),
(1340, 'Illustrator', 62),
(144, 'Illustrator', 63),
(383, 'Illustrator', 64),
(649, 'Illustrator', 65),
(924, 'Illustrator', 66),
(1155, 'Illustrator', 67),
(1336, 'Illustrator', 68),
(139, 'Illustrator', 69),
(380, 'Illustrator', 70),
(636, 'Illustrator', 71),
(77, 'Illustrator', 72),
(305, 'Illustrator', 73),
(535, 'Illustrator', 74),
(752, 'Illustrator', 75),
(974, 'Illustrator', 76),
(1262, 'Illustrator', 77),
(97, 'Illustrator', 78),
(330, 'Illustrator', 79),
(556, 'Illustrator', 80),
(794, 'Illustrator', 81),
(1008, 'Illustrator', 82),
(6, 'Illustrator', 83),
(581, 'Notepad++', 19),
(856, 'Notepad++', 20),
(1118, 'Notepad++', 21),
(1348, 'Notepad++', 22),
(1436, 'Notepad++', 23),
(281, 'Notepad++', 24),
(579, 'Notepad++', 25),
(851, 'Notepad++', 26),
(1116, 'Notepad++', 27),
(1343, 'Notepad++', 28),
(1435, 'Notepad++', 29),
(277, 'Notepad++', 30),
(17, 'Notepad++', 31),
(220, 'Notepad++', 32),
(446, 'Notepad++', 33),
(642, 'Notepad++', 34),
(827, 'Notepad++', 35),
(1068, 'Notepad++', 36),
(15, 'Notepad++', 37),
(217, 'Notepad++', 38),
(442, 'Notepad++', 39),
(640, 'Notepad++', 40),
(824, 'Notepad++', 41),
(1062, 'Notepad++', 42),
(64, 'Notepad++', 43),
(342, 'Notepad++', 44),
(564, 'Notepad++', 45),
(777, 'Notepad++', 46),
(1072, 'Notepad++', 47),
(1271, 'Notepad++', 48),
(61, 'Notepad++', 49),
(339, 'Notepad++', 50),
(563, 'Notepad++', 51),
(773, 'Notepad++', 52),
(1071, 'Notepad++', 53),
(1265, 'Notepad++', 54),
(891, 'Notepad++', 55),
(1095, 'Notepad++', 56),
(1314, 'Notepad++', 57),
(94, 'Notepad++', 58),
(348, 'Notepad++', 59),
(561, 'Notepad++', 60),
(883, 'Notepad++', 61),
(1089, 'Notepad++', 62),
(1313, 'Notepad++', 63),
(92, 'Notepad++', 64),
(345, 'Notepad++', 65),
(554, 'Notepad++', 66),
(42, 'Notepad++', 67),
(258, 'Notepad++', 68),
(507, 'Notepad++', 69),
(726, 'Notepad++', 70),
(932, 'Notepad++', 71),
(1166, 'Notepad++', 72),
(59, 'Notepad++', 73),
(276, 'Notepad++', 74),
(515, 'Notepad++', 75),
(743, 'Notepad++', 76),
(953, 'Notepad++', 77),
(1216, 'Notepad++', 78),
(560, 'Photoshop', 18),
(850, 'Photoshop', 19),
(1106, 'Photoshop', 20),
(1342, 'Photoshop', 21),
(1434, 'Photoshop', 22),
(267, 'Photoshop', 23),
(557, 'Photoshop', 24),
(847, 'Photoshop', 25),
(1105, 'Photoshop', 26),
(1341, 'Photoshop', 27),
(1433, 'Photoshop', 28),
(263, 'Photoshop', 29),
(14, 'Photoshop', 30),
(212, 'Photoshop', 31),
(441, 'Photoshop', 32),
(639, 'Photoshop', 33),
(818, 'Photoshop', 34),
(1055, 'Photoshop', 35),
(12, 'Photoshop', 36),
(208, 'Photoshop', 37),
(439, 'Photoshop', 38),
(624, 'Photoshop', 39),
(813, 'Photoshop', 40),
(1044, 'Photoshop', 41),
(53, 'Photoshop', 42),
(329, 'Photoshop', 43),
(562, 'Photoshop', 44),
(770, 'Photoshop', 45),
(1065, 'Photoshop', 46),
(1260, 'Photoshop', 47),
(52, 'Photoshop', 48),
(324, 'Photoshop', 49),
(559, 'Photoshop', 50),
(764, 'Photoshop', 51),
(1061, 'Photoshop', 52),
(1256, 'Photoshop', 53),
(873, 'Photoshop', 54),
(1083, 'Photoshop', 55),
(1310, 'Photoshop', 56),
(86, 'Photoshop', 57),
(344, 'Photoshop', 58),
(551, 'Photoshop', 59),
(872, 'Photoshop', 60),
(1080, 'Photoshop', 61),
(1304, 'Photoshop', 62),
(85, 'Photoshop', 63),
(337, 'Photoshop', 64),
(544, 'Photoshop', 65),
(32, 'Photoshop', 66),
(241, 'Photoshop', 67),
(479, 'Photoshop', 68),
(720, 'Photoshop', 69),
(917, 'Photoshop', 70),
(1148, 'Photoshop', 71),
(49, 'Photoshop', 72),
(271, 'Photoshop', 73),
(512, 'Photoshop', 74),
(737, 'Photoshop', 75),
(938, 'Photoshop', 76),
(1194, 'Photoshop', 77),
(366, 'PowerPoint', 3),
(677, 'PowerPoint', 4),
(931, 'PowerPoint', 5),
(1181, 'PowerPoint', 6),
(1404, 'PowerPoint', 7),
(68, 'PowerPoint', 8),
(357, 'PowerPoint', 9),
(675, 'PowerPoint', 10),
(929, 'PowerPoint', 11),
(1176, 'PowerPoint', 12),
(1403, 'PowerPoint', 13),
(67, 'PowerPoint', 14),
(1153, 'PowerPoint', 15),
(101, 'PowerPoint', 16),
(283, 'PowerPoint', 17),
(499, 'PowerPoint', 18),
(708, 'PowerPoint', 19),
(894, 'PowerPoint', 20),
(1152, 'PowerPoint', 21),
(93, 'PowerPoint', 22),
(278, 'PowerPoint', 23),
(496, 'PowerPoint', 24),
(707, 'PowerPoint', 25),
(893, 'PowerPoint', 26),
(1346, 'PowerPoint', 27),
(143, 'PowerPoint', 28),
(414, 'PowerPoint', 29),
(645, 'PowerPoint', 30),
(898, 'PowerPoint', 31),
(1142, 'PowerPoint', 32),
(1339, 'PowerPoint', 33),
(142, 'PowerPoint', 34),
(412, 'PowerPoint', 35),
(635, 'PowerPoint', 36),
(897, 'PowerPoint', 37),
(1139, 'PowerPoint', 38),
(1334, 'PowerPoint', 39),
(956, 'PowerPoint', 40),
(1184, 'PowerPoint', 41),
(1357, 'PowerPoint', 42),
(187, 'PowerPoint', 43),
(405, 'PowerPoint', 44),
(681, 'PowerPoint', 45),
(952, 'PowerPoint', 46),
(1180, 'PowerPoint', 47),
(1352, 'PowerPoint', 48),
(186, 'PowerPoint', 49),
(400, 'PowerPoint', 50),
(672, 'PowerPoint', 51),
(102, 'PowerPoint', 52),
(334, 'PowerPoint', 53),
(566, 'PowerPoint', 54),
(795, 'PowerPoint', 55),
(1011, 'PowerPoint', 56),
(1280, 'PowerPoint', 57),
(118, 'PowerPoint', 58),
(363, 'PowerPoint', 59),
(583, 'PowerPoint', 60),
(817, 'PowerPoint', 61),
(1027, 'PowerPoint', 62),
(341, 'Unity', 1),
(650, 'Unity', 2),
(905, 'Unity', 3),
(1159, 'Unity', 4),
(1388, 'Unity', 5),
(58, 'Unity', 6),
(335, 'Unity', 7),
(643, 'Unity', 8),
(902, 'Unity', 9),
(1156, 'Unity', 10),
(1386, 'Unity', 11),
(54, 'Unity', 12),
(327, 'Unity', 13),
(82, 'Unity', 14),
(262, 'Unity', 15),
(491, 'Unity', 16),
(692, 'Unity', 17),
(880, 'Unity', 18),
(1115, 'Unity', 19),
(81, 'Unity', 20),
(260, 'Unity', 21),
(490, 'Unity', 22),
(680, 'Unity', 23),
(877, 'Unity', 24),
(1113, 'Unity', 25),
(133, 'Unity', 26),
(397, 'Unity', 27),
(626, 'Unity', 28),
(882, 'Unity', 29),
(1122, 'Unity', 30),
(1312, 'Unity', 31),
(128, 'Unity', 32),
(396, 'Unity', 33),
(623, 'Unity', 34),
(881, 'Unity', 35),
(1121, 'Unity', 36),
(1311, 'Unity', 37),
(937, 'Unity', 38),
(1169, 'Unity', 39),
(1345, 'Unity', 40),
(175, 'Unity', 41),
(389, 'Unity', 42),
(657, 'Unity', 43),
(933, 'Unity', 44),
(1163, 'Unity', 45),
(1344, 'Unity', 46),
(162, 'Unity', 47),
(388, 'Unity', 48),
(655, 'Unity', 49),
(80, 'Unity', 50),
(317, 'Unity', 51),
(540, 'Unity', 52),
(769, 'Unity', 53),
(980, 'Unity', 54),
(1268, 'Unity', 55),
(106, 'Unity', 56),
(336, 'Unity', 57),
(568, 'Unity', 58),
(796, 'Unity', 59),
(1015, 'Unity', 60),
(595, 'VirtualBox', 20),
(865, 'VirtualBox', 21),
(1124, 'VirtualBox', 22),
(1355, 'VirtualBox', 23),
(1438, 'VirtualBox', 24),
(288, 'VirtualBox', 25),
(592, 'VirtualBox', 26),
(857, 'VirtualBox', 27),
(1120, 'VirtualBox', 28),
(1349, 'VirtualBox', 29),
(1437, 'VirtualBox', 30),
(282, 'VirtualBox', 31),
(27, 'VirtualBox', 32),
(222, 'VirtualBox', 33),
(457, 'VirtualBox', 34),
(648, 'VirtualBox', 35),
(834, 'VirtualBox', 36),
(1082, 'VirtualBox', 37),
(26, 'VirtualBox', 38),
(221, 'VirtualBox', 39),
(448, 'VirtualBox', 40),
(644, 'VirtualBox', 41),
(829, 'VirtualBox', 42),
(1079, 'VirtualBox', 43),
(76, 'VirtualBox', 44),
(350, 'VirtualBox', 45),
(577, 'VirtualBox', 46),
(787, 'VirtualBox', 47),
(1076, 'VirtualBox', 48),
(1286, 'VirtualBox', 49),
(74, 'VirtualBox', 50),
(349, 'VirtualBox', 51),
(572, 'VirtualBox', 52),
(779, 'VirtualBox', 53),
(1075, 'VirtualBox', 54),
(1274, 'VirtualBox', 55),
(895, 'VirtualBox', 56),
(1110, 'VirtualBox', 57),
(1316, 'VirtualBox', 58),
(110, 'VirtualBox', 59),
(352, 'VirtualBox', 60),
(571, 'VirtualBox', 61),
(892, 'VirtualBox', 62),
(1096, 'VirtualBox', 63),
(1315, 'VirtualBox', 64),
(99, 'VirtualBox', 65),
(351, 'VirtualBox', 66),
(567, 'VirtualBox', 67),
(48, 'VirtualBox', 68),
(270, 'VirtualBox', 69),
(511, 'VirtualBox', 70),
(734, 'VirtualBox', 71),
(935, 'VirtualBox', 72),
(1186, 'VirtualBox', 73),
(65, 'VirtualBox', 74),
(287, 'VirtualBox', 75),
(527, 'VirtualBox', 76),
(747, 'VirtualBox', 77),
(961, 'VirtualBox', 78),
(1247, 'VirtualBox', 79),
(437, 'Visual Studio', 8),
(702, 'Visual Studio', 9),
(1003, 'Visual Studio', 10),
(1223, 'Visual Studio', 11),
(1414, 'Visual Studio', 12),
(152, 'Visual Studio', 13),
(434, 'Visual Studio', 14),
(701, 'Visual Studio', 15),
(1002, 'Visual Studio', 16),
(1218, 'Visual Studio', 17),
(1413, 'Visual Studio', 18),
(130, 'Visual Studio', 19),
(1205, 'Visual Studio', 20),
(149, 'Visual Studio', 21),
(323, 'Visual Studio', 22),
(558, 'Visual Studio', 23),
(759, 'Visual Studio', 24),
(947, 'Visual Studio', 25),
(1203, 'Visual Studio', 26),
(146, 'Visual Studio', 27),
(315, 'Visual Studio', 28),
(552, 'Visual Studio', 29),
(735, 'Visual Studio', 30),
(939, 'Visual Studio', 31),
(1379, 'Visual Studio', 32),
(232, 'Visual Studio', 33),
(474, 'Visual Studio', 34),
(682, 'Visual Studio', 35),
(949, 'Visual Studio', 36),
(1182, 'Visual Studio', 37),
(1378, 'Visual Studio', 38),
(228, 'Visual Studio', 39),
(471, 'Visual Studio', 40),
(676, 'Visual Studio', 41),
(946, 'Visual Studio', 42),
(1172, 'Visual Studio', 43),
(758, 'Visual Studio', 44),
(992, 'Visual Studio', 45),
(1226, 'Visual Studio', 46),
(1390, 'Visual Studio', 47),
(223, 'Visual Studio', 48),
(438, 'Visual Studio', 49),
(756, 'Visual Studio', 50),
(984, 'Visual Studio', 51),
(1220, 'Visual Studio', 52),
(1387, 'Visual Studio', 53),
(219, 'Visual Studio', 54),
(436, 'Visual Studio', 55),
(1306, 'Visual Studio', 56),
(140, 'Visual Studio', 57),
(387, 'Visual Studio', 58),
(603, 'Visual Studio', 59),
(836, 'Visual Studio', 60),
(1056, 'Visual Studio', 61),
(1328, 'Visual Studio', 62),
(166, 'Visual Studio', 63),
(411, 'Visual Studio', 64),
(628, 'Visual Studio', 65),
(849, 'Visual Studio', 66),
(1085, 'Visual Studio', 67),
(616, 'Visual Studio Code', 23),
(889, 'Visual Studio Code', 24),
(1145, 'Visual Studio Code', 25),
(1376, 'Visual Studio Code', 26),
(33, 'Visual Studio Code', 27),
(310, 'Visual Studio Code', 28),
(615, 'Visual Studio Code', 29),
(888, 'Visual Studio Code', 30),
(1136, 'Visual Studio Code', 31),
(1373, 'Visual Studio Code', 32),
(24, 'Visual Studio Code', 33),
(306, 'Visual Studio Code', 34),
(71, 'Visual Studio Code', 35),
(243, 'Visual Studio Code', 36),
(485, 'Visual Studio Code', 37),
(670, 'Visual Studio Code', 38),
(858, 'Visual Studio Code', 39),
(1104, 'Visual Studio Code', 40),
(57, 'Visual Studio Code', 41),
(242, 'Visual Studio Code', 42),
(483, 'Visual Studio Code', 43),
(665, 'Visual Studio Code', 44),
(855, 'Visual Studio Code', 45),
(1102, 'Visual Studio Code', 46),
(124, 'Visual Studio Code', 47),
(381, 'Visual Studio Code', 48),
(607, 'Visual Studio Code', 49),
(826, 'Visual Studio Code', 50),
(1101, 'Visual Studio Code', 51),
(1305, 'Visual Studio Code', 52),
(117, 'Visual Studio Code', 53),
(375, 'Visual Studio Code', 54),
(598, 'Visual Studio Code', 55),
(825, 'Visual Studio Code', 56),
(1097, 'Visual Studio Code', 57),
(1303, 'Visual Studio Code', 58),
(922, 'Visual Studio Code', 59),
(1154, 'Visual Studio Code', 60),
(1331, 'Visual Studio Code', 61),
(135, 'Visual Studio Code', 62),
(379, 'Visual Studio Code', 63),
(634, 'Visual Studio Code', 64),
(921, 'Visual Studio Code', 65),
(1140, 'Visual Studio Code', 66),
(1326, 'Visual Studio Code', 67),
(131, 'Visual Studio Code', 68),
(378, 'Visual Studio Code', 69),
(629, 'Visual Studio Code', 70),
(70, 'Visual Studio Code', 71),
(295, 'Visual Studio Code', 72),
(529, 'Visual Studio Code', 73),
(749, 'Visual Studio Code', 74),
(963, 'Visual Studio Code', 75),
(1254, 'Visual Studio Code', 76),
(88, 'Visual Studio Code', 77),
(321, 'Visual Studio Code', 78),
(543, 'Visual Studio Code', 79),
(785, 'Visual Studio Code', 80),
(981, 'Visual Studio Code', 81),
(1275, 'Visual Studio Code', 82),
(538, 'VLC', 16),
(831, 'VLC', 17),
(1067, 'VLC', 18),
(1329, 'VLC', 19),
(1430, 'VLC', 20),
(249, 'VLC', 21),
(533, 'VLC', 22),
(823, 'VLC', 23),
(1057, 'VLC', 24),
(1324, 'VLC', 25),
(1429, 'VLC', 26),
(239, 'VLC', 27),
(1266, 'VLC', 28),
(202, 'VLC', 29),
(422, 'VLC', 30),
(614, 'VLC', 31),
(809, 'VLC', 32),
(1025, 'VLC', 33),
(1264, 'VLC', 34),
(200, 'VLC', 35),
(399, 'VLC', 36),
(613, 'VLC', 37),
(808, 'VLC', 38),
(1009, 'VLC', 39),
(28, 'VLC', 40),
(316, 'VLC', 41),
(549, 'VLC', 42),
(757, 'VLC', 43),
(1049, 'VLC', 44),
(1245, 'VLC', 45),
(25, 'VLC', 46),
(311, 'VLC', 47),
(546, 'VLC', 48),
(755, 'VLC', 49),
(1048, 'VLC', 50),
(1244, 'VLC', 51),
(853, 'VLC', 52),
(1063, 'VLC', 53),
(1285, 'VLC', 54),
(60, 'VLC', 55),
(325, 'VLC', 56),
(523, 'VLC', 57),
(852, 'VLC', 58),
(1060, 'VLC', 59),
(1284, 'VLC', 60),
(56, 'VLC', 61),
(309, 'VLC', 62),
(519, 'VLC', 63),
(9, 'VLC', 64),
(216, 'VLC', 65),
(458, 'VLC', 66),
(690, 'VLC', 67),
(904, 'VLC', 68),
(1133, 'VLC', 69),
(41, 'VLC', 70),
(248, 'VLC', 71),
(500, 'VLC', 72),
(724, 'VLC', 73),
(923, 'VLC', 74),
(1162, 'VLC', 75),
(612, 'WinRAR', 22),
(879, 'WinRAR', 23),
(1135, 'WinRAR', 24),
(1372, 'WinRAR', 25),
(4, 'WinRAR', 26),
(304, 'WinRAR', 27),
(610, 'WinRAR', 28),
(870, 'WinRAR', 29),
(1134, 'WinRAR', 30),
(1363, 'WinRAR', 31),
(2, 'WinRAR', 32),
(299, 'WinRAR', 33),
(55, 'WinRAR', 34),
(240, 'WinRAR', 35),
(482, 'WinRAR', 36),
(659, 'WinRAR', 37),
(846, 'WinRAR', 38),
(1100, 'WinRAR', 39),
(39, 'WinRAR', 40),
(233, 'WinRAR', 41),
(480, 'WinRAR', 42),
(653, 'WinRAR', 43),
(845, 'WinRAR', 44),
(1098, 'WinRAR', 45),
(115, 'WinRAR', 46),
(370, 'WinRAR', 47),
(597, 'WinRAR', 48),
(819, 'WinRAR', 49),
(1094, 'WinRAR', 50),
(1295, 'WinRAR', 51),
(105, 'WinRAR', 52),
(356, 'WinRAR', 53),
(591, 'WinRAR', 54),
(814, 'WinRAR', 55),
(1088, 'WinRAR', 56),
(1289, 'WinRAR', 57),
(920, 'WinRAR', 58),
(1126, 'WinRAR', 59),
(1322, 'WinRAR', 60),
(127, 'WinRAR', 61),
(377, 'WinRAR', 62),
(625, 'WinRAR', 63),
(918, 'WinRAR', 64),
(1123, 'WinRAR', 65),
(1321, 'WinRAR', 66),
(123, 'WinRAR', 67),
(372, 'WinRAR', 68),
(621, 'WinRAR', 69),
(63, 'WinRAR', 70),
(286, 'WinRAR', 71),
(518, 'WinRAR', 72),
(744, 'WinRAR', 73),
(960, 'WinRAR', 74),
(1229, 'WinRAR', 75),
(79, 'WinRAR', 76),
(307, 'WinRAR', 77),
(539, 'WinRAR', 78),
(760, 'WinRAR', 79),
(979, 'WinRAR', 80),
(1267, 'WinRAR', 81),
(548, 'Word', 17),
(838, 'Word', 18),
(1077, 'Word', 19),
(1338, 'Word', 20),
(1432, 'Word', 21),
(259, 'Word', 22),
(542, 'Word', 23),
(832, 'Word', 24),
(1070, 'Word', 25),
(1333, 'Word', 26),
(1431, 'Word', 27),
(255, 'Word', 28),
(11, 'Word', 29),
(206, 'Word', 30),
(433, 'Word', 31),
(622, 'Word', 32),
(811, 'Word', 33),
(1033, 'Word', 34),
(3, 'Word', 35),
(203, 'Word', 36),
(429, 'Word', 37),
(618, 'Word', 38),
(810, 'Word', 39),
(1029, 'Word', 40),
(46, 'Word', 41),
(320, 'Word', 42),
(555, 'Word', 43),
(763, 'Word', 44),
(1052, 'Word', 45),
(1251, 'Word', 46),
(36, 'Word', 47),
(318, 'Word', 48),
(550, 'Word', 49),
(761, 'Word', 50),
(1051, 'Word', 51),
(1246, 'Word', 52),
(867, 'Word', 53),
(1078, 'Word', 54),
(1300, 'Word', 55),
(83, 'Word', 56),
(331, 'Word', 57),
(531, 'Word', 58),
(862, 'Word', 59),
(1064, 'Word', 60),
(1292, 'Word', 61),
(69, 'Word', 62),
(326, 'Word', 63),
(525, 'Word', 64),
(20, 'Word', 65),
(227, 'Word', 66),
(462, 'Word', 67),
(705, 'Word', 68),
(910, 'Word', 69),
(1141, 'Word', 70),
(47, 'Word', 71),
(268, 'Word', 72),
(510, 'Word', 73),
(730, 'Word', 74),
(934, 'Word', 75),
(1179, 'Word', 76),
(413, 'Xampp', 6),
(695, 'Xampp', 7),
(990, 'Xampp', 8),
(1202, 'Xampp', 9),
(1410, 'Xampp', 10),
(104, 'Xampp', 11),
(409, 'Xampp', 12),
(691, 'Xampp', 13),
(987, 'Xampp', 14),
(1196, 'Xampp', 15),
(1409, 'Xampp', 16),
(100, 'Xampp', 17),
(1183, 'Xampp', 18),
(122, 'Xampp', 19),
(308, 'Xampp', 20),
(541, 'Xampp', 21),
(725, 'Xampp', 22),
(926, 'Xampp', 23),
(1177, 'Xampp', 24),
(120, 'Xampp', 25),
(303, 'Xampp', 26),
(526, 'Xampp', 27),
(722, 'Xampp', 28),
(925, 'Xampp', 29),
(1368, 'Xampp', 30),
(171, 'Xampp', 31),
(456, 'Xampp', 32),
(662, 'Xampp', 33),
(940, 'Xampp', 34),
(1164, 'Xampp', 35),
(1367, 'Xampp', 36),
(167, 'Xampp', 37),
(455, 'Xampp', 38),
(660, 'Xampp', 39),
(927, 'Xampp', 40),
(1161, 'Xampp', 41),
(723, 'Xampp', 42),
(978, 'Xampp', 43),
(1210, 'Xampp', 44),
(1377, 'Xampp', 45),
(209, 'Xampp', 46),
(425, 'Xampp', 47),
(721, 'Xampp', 48),
(977, 'Xampp', 49),
(1207, 'Xampp', 50),
(1374, 'Xampp', 51),
(207, 'Xampp', 52),
(424, 'Xampp', 53),
(1291, 'Xampp', 54),
(119, 'Xampp', 55),
(364, 'Xampp', 56),
(590, 'Xampp', 57),
(820, 'Xampp', 58),
(1034, 'Xampp', 59),
(1319, 'Xampp', 60),
(156, 'Xampp', 61),
(392, 'Xampp', 62),
(605, 'Xampp', 63),
(837, 'Xampp', 64),
(1066, 'Xampp', 65);

-- 
-- Restore previous SQL mode
-- 
/*!40101 SET SQL_MODE=@OLD_SQL_MODE */;

-- 
-- Enable foreign keys
-- 
/*!40014 SET FOREIGN_KEY_CHECKS = @OLD_FOREIGN_KEY_CHECKS */;